Date,XRP,BTC,ETH,DXY,GOLD,COPPER,NASDAQ,SILVER,TSLA,Gold_Copper_Ratio,Fear_Greed
2023-02-15,0.4013519883155823,24307.841796875,1673.7459716796875,103.91999816894531,1834.199951171875,4.052000045776367,12070.58984375,19.889999389648438,214.24000549316406,452.6653332799853,53.0
2023-02-16,0.3851569890975952,23623.474609375,1640.067626953125,103.86000061035156,1842.0,4.165500164031982,11855.830078125,19.84000015258789,202.0399932861328,442.2037996553677,62.0
2023-02-17,0.3953019976615906,24565.6015625,1694.7833251953125,103.86000061035156,1840.4000244140625,4.113999843597412,11787.26953125,20.010000228881836,208.30999755859375,447.3505333934963,61.0
2023-02-18,0.3946300148963928,24641.27734375,1691.8194580078125,103.86000061035156,1840.4000244140625,4.113999843597412,11787.26953125,20.010000228881836,208.30999755859375,447.3505333934963,60.0
2023-02-19,0.38631701469421387,24327.642578125,1681.4361572265625,103.86000061035156,1840.4000244140625,4.113999843597412,11787.26953125,20.010000228881836,208.30999755859375,447.3505333934963,60.0
2023-02-20,0.3985249996185303,24829.1484375,1702.6751708984375,103.86000061035156,1840.4000244140625,4.113999843597412,11787.26953125,20.010000228881836,208.30999755859375,447.3505333934963,58.0
2023-02-21,0.3919050097465515,24436.353515625,1658.036376953125,104.18000030517578,1833.0,4.234499931335449,11492.2998046875,20.06999969482422,197.3699951171875,432.87283734160326,60.0
2023-02-22,0.3955860137939453,24188.84375,1643.231689453125,104.58999633789062,1832.0,4.202499866485596,11507.0703125,19.75,200.86000061035156,435.9310073059057,59.0
2023-02-23,0.38912999629974365,23947.4921875,1651.0738525390625,104.5999984741211,1818.0,4.072999954223633,11590.400390625,19.6299991607666,202.07000732421875,446.3540438086095,56.0
2023-02-24,0.37847700715065,23198.126953125,1608.3731689453125,105.20999908447266,1808.800048828125,3.9549999237060547,11394.9404296875,19.09000015258789,196.8800048828125,457.3451539117045,53.0
2023-02-25,0.3780849874019623,23175.375,1594.9149169921875,105.20999908447266,1808.800048828125,3.9549999237060547,11394.9404296875,19.09000015258789,196.8800048828125,457.3451539117045,52.0
2023-02-26,0.37804099917411804,23561.212890625,1640.817138671875,105.20999908447266,1808.800048828125,3.9549999237060547,11394.9404296875,19.09000015258789,196.8800048828125,457.3451539117045,51.0
2023-02-27,0.3791149854660034,23522.87109375,1634.326416015625,104.66999816894531,1817.0,4.008999824523926,11466.98046875,18.93000030517578,207.6300048828125,453.23025181617993,50.0
2023-02-28,0.3771499991416931,23147.353515625,1605.8951416015625,104.87000274658203,1828.9000244140625,4.097499847412109,11455.5400390625,19.219999313354492,205.7100067138672,446.34535509968487,53.0
2023-03-01,0.38387900590896606,23646.55078125,1663.4337158203125,104.4800033569336,1837.699951171875,4.168000221252441,11379.48046875,19.290000915527344,202.77000427246094,440.9068746689426,50.0
2023-03-02,0.3775799870491028,23475.466796875,1647.3193359375,105.02999877929688,1833.5,4.084000110626221,11462.98046875,19.239999771118164,190.89999389648438,448.94709851485777,51.0
2023-03-03,0.3776710033416748,22362.6796875,1569.1676025390625,104.5199966430664,1847.699951171875,4.078000068664551,11689.009765625,19.549999237060547,197.7899932861328,453.08973027480926,50.0
2023-03-04,0.3738130033016205,22353.349609375,1566.9239501953125,104.5199966430664,1847.699951171875,4.078000068664551,11689.009765625,19.549999237060547,197.7899932861328,453.08973027480926,50.0
2023-03-05,0.3671939969062805,22435.513671875,1564.46875,104.5199966430664,1847.699951171875,4.078000068664551,11689.009765625,19.549999237060547,197.7899932861328,453.08973027480926,47.0
2023-03-06,0.3704710006713867,22429.7578125,1567.398681640625,104.3499984741211,1847.9000244140625,4.100500106811523,11675.740234375,19.31999969482422,193.80999755859375,450.65235368350153,48.0
2023-03-07,0.38054800033569336,22219.76953125,1561.93310546875,105.62000274658203,1813.9000244140625,3.9865000247955322,11530.330078125,18.450000762939453,187.7100067138672,455.01066427488547,49.0
2023-03-08,0.3891879916191101,21718.080078125,1534.0882568359375,105.66000366210938,1812.699951171875,4.041500091552734,11576.0,18.399999618530273,182.0,448.5215662770009,50.0
2023-03-09,0.37213000655174255,20363.021484375,1438.6607666015625,105.30999755859375,1829.300048828125,4.054500102996826,11338.349609375,18.440000534057617,172.9199981689453,451.1777043675554,44.0
2023-03-10,0.37062200903892517,20187.244140625,1429.1580810546875,104.58000183105469,1862.0,4.045499801635742,11138.8896484375,18.860000610351562,173.44000244140625,460.2645139785017,34.0
2023-03-11,0.3668319880962372,20632.41015625,1482.61669921875,104.58000183105469,1862.0,4.045499801635742,11138.8896484375,18.860000610351562,173.44000244140625,460.2645139785017,33.0
2023-03-12,0.37331798672676086,22163.94921875,1590.29296875,104.58000183105469,1862.0,4.045499801635742,11138.8896484375,18.860000610351562,173.44000244140625,460.2645139785017,33.0
2023-03-13,0.37378600239753723,24197.533203125,1680.3089599609375,103.5999984741211,1911.699951171875,4.069499969482422,11188.83984375,20.0,174.47999572753906,469.76286165570707,49.0
2023-03-14,0.3742789924144745,24746.07421875,1703.507080078125,103.5999984741211,1906.199951171875,4.010499954223633,11428.150390625,19.889999389648438,183.25999450683594,475.30232463021787,56.0
2023-03-15,0.36055800318717957,24375.9609375,1656.1805419921875,104.6500015258789,1926.5999755859375,3.8564999103546143,11434.0498046875,20.0,180.4499969482422,499.5721561961043,50.0
2023-03-16,0.36602500081062317,25052.7890625,1677.2154541015625,104.41999816894531,1919.0,3.885499954223633,11717.2802734375,19.920000076293945,184.1300048828125,493.8875363810004,52.0
2023-03-17,0.3803820013999939,27423.9296875,1792.485107421875,103.70999908447266,1969.800048828125,3.9135000705718994,11630.509765625,20.6299991607666,180.1300048828125,503.33461436229595,51.0
2023-03-18,0.3744330108165741,26965.87890625,1761.65966796875,103.70999908447266,1969.800048828125,3.9135000705718994,11630.509765625,20.6299991607666,180.1300048828125,503.33461436229595,64.0
2023-03-19,0.3884649872779846,28038.67578125,1785.5765380859375,103.70999908447266,1969.800048828125,3.9135000705718994,11630.509765625,20.6299991607666,180.1300048828125,503.33461436229595,63.0
2023-03-20,0.3746280074119568,27767.236328125,1735.3212890625,103.27999877929688,1979.199951171875,3.9755001068115234,11675.5400390625,20.690000534057617,183.25,497.84930147046475,66.0
2023-03-21,0.46970999240875244,28175.81640625,1806.7607421875,103.26000213623047,1938.0,4.018499851226807,11860.1103515625,20.540000915527344,197.5800018310547,482.26952140071586,68.0
2023-03-22,0.4224799871444702,27307.4375,1737.717041015625,102.3499984741211,1946.800048828125,4.06850004196167,11669.9599609375,21.100000381469727,191.14999389648438,478.50559880772545,62.0
2023-03-23,0.44484999775886536,28333.97265625,1816.4051513671875,102.52999877929688,1993.800048828125,4.145999908447266,11787.400390625,21.280000686645508,192.22000122070312,480.8972727582212,57.0
2023-03-24,0.42590200901031494,27493.28515625,1752.0447998046875,103.12000274658203,1982.0999755859375,4.101500034332275,11823.9599609375,21.219999313354492,190.41000366210938,483.26221114091095,61.0
2023-03-25,0.4447160065174103,27494.70703125,1743.7647705078125,103.12000274658203,1982.0999755859375,4.101500034332275,11823.9599609375,21.219999313354492,190.41000366210938,483.26221114091095,64.0
2023-03-26,0.44881701469421387,27994.330078125,1775.6767578125,103.12000274658203,1982.0999755859375,4.101500034332275,11823.9599609375,21.219999313354492,190.41000366210938,483.26221114091095,64.0
2023-03-27,0.47999098896980286,27139.888671875,1715.4608154296875,102.86000061035156,1952.4000244140625,4.104499816894531,11768.83984375,21.219999313354492,191.80999755859375,475.6730689517366,64.0
2023-03-28,0.5150579810142517,27268.130859375,1772.78564453125,102.43000030517578,1972.4000244140625,4.111999988555908,11716.080078125,21.43000030517578,189.19000244140625,479.66926797262687,59.0
2023-03-29,0.5435770153999329,28348.44140625,1793.0018310546875,102.63999938964844,1966.0999755859375,4.114999771118164,11926.240234375,21.440000534057617,193.8800048828125,477.7885990141116,57.0
2023-03-30,0.5342490077018738,28033.5625,1792.7371826171875,102.13999938964844,1980.300048828125,4.0904998779296875,12013.4697265625,21.940000534057617,195.27999877929688,484.1217718921944,60.0
2023-03-31,0.5384920239448547,28478.484375,1822.0220947265625,102.51000213623047,1969.0,4.104499816894531,12221.91015625,22.1200008392334,207.4600067138672,479.71740476035575,63.0
2023-04-01,0.5147410035133362,28411.03515625,1813.860595703125,102.51000213623047,1969.0,4.104499816894531,12221.91015625,22.1200008392334,207.4600067138672,479.71740476035575,61.0
2023-04-02,0.5189530253410339,28199.30859375,1795.7081298828125,102.51000213623047,1969.0,4.104499816894531,12221.91015625,22.1200008392334,207.4600067138672,479.71740476035575,63.0
2023-04-03,0.49696001410484314,27790.220703125,1810.297119140625,102.08999633789062,1983.9000244140625,4.059500217437744,12189.4501953125,22.059999465942383,194.77000427246094,488.70548544181406,63.0
2023-04-04,0.50347900390625,28168.08984375,1871.005126953125,101.58999633789062,2022.199951171875,3.9835000038146973,12126.330078125,22.969999313354492,192.5800018310547,507.6440188867495,62.0
2023-04-05,0.5062350034713745,28177.984375,1909.114013671875,101.8499984741211,2020.9000244140625,3.997999906539917,11996.8603515625,22.940000534057617,185.52000427246094,505.4777567924101,62.0
2023-04-06,0.5032979846000671,28044.140625,1872.922607421875,101.81999969482422,2011.9000244140625,4.026000022888184,12087.9599609375,22.889999389648438,185.05999755859375,499.72677917939,63.0
2023-04-07,0.5137360095977783,27925.859375,1865.6361083984375,101.81999969482422,2011.9000244140625,4.026000022888184,12087.9599609375,22.889999389648438,185.05999755859375,499.72677917939,64.0
2023-04-08,0.5057160258293152,27947.794921875,1849.4981689453125,101.81999969482422,2011.9000244140625,4.026000022888184,12087.9599609375,22.889999389648438,185.05999755859375,499.72677917939,61.0
2023-04-09,0.5058339834213257,28333.05078125,1859.3878173828125,101.81999969482422,2011.9000244140625,4.026000022888184,12087.9599609375,22.889999389648438,185.05999755859375,499.72677917939,61.0
2023-04-10,0.5183179974555969,29652.98046875,1911.20751953125,102.58000183105469,1989.0999755859375,3.9865000247955322,12084.3603515625,22.8799991607666,184.50999450683594,498.9589773520592,62.0
2023-04-11,0.5175179839134216,30235.05859375,1892.189697265625,102.19999694824219,2004.800048828125,4.024499893188477,12031.8798828125,23.040000915527344,186.7899932861328,498.1488637187636,68.0
2023-04-12,0.5061150193214417,30139.052734375,1920.68212890625,101.5,2010.9000244140625,4.084499835968018,11929.33984375,23.43000030517578,180.5399932861328,492.32466768785747,65.0
2023-04-13,0.5132920145988464,30399.06640625,2012.6346435546875,101.01000213623047,2041.300048828125,4.124000072479248,12166.26953125,23.739999771118164,185.89999389648438,494.98060449861856,61.0
2023-04-14,0.5239930152893066,30485.69921875,2101.635498046875,101.55000305175781,2002.199951171875,4.107500076293945,12123.4697265625,23.309999465942383,185.0,487.4497660334533,68.0
2023-04-15,0.5204439759254456,30318.49609375,2092.466796875,101.55000305175781,2002.199951171875,4.107500076293945,12123.4697265625,23.309999465942383,185.0,487.4497660334533,68.0
2023-04-16,0.5213919878005981,30315.35546875,2120.005859375,101.55000305175781,2002.199951171875,4.107500076293945,12123.4697265625,23.309999465942383,185.0,487.4497660334533,68.0
2023-04-17,0.5111269950866699,29445.044921875,2076.242919921875,102.0999984741211,1994.199951171875,4.065999984741211,12157.7197265625,23.020000457763672,187.0399932861328,490.45744187301074,69.0
2023-04-18,0.532263994216919,30397.552734375,2104.537353515625,101.75,2007.4000244140625,4.0894999504089355,12153.41015625,23.149999618530273,184.30999755859375,490.8668660610522,58.0
2023-04-19,0.4915989935398102,28822.6796875,1936.4034423828125,101.97000122070312,1995.199951171875,4.072000026702881,12157.23046875,23.229999542236328,180.58999633789062,489.9803384302526,63.0
2023-04-20,0.47485798597335815,28245.98828125,1943.09765625,101.83999633789062,2007.5999755859375,4.021999835968018,12059.5595703125,23.170000076293945,162.99000549316406,499.154663715382,52.0
2023-04-21,0.449396014213562,27276.91015625,1849.9998779296875,101.81999969482422,1979.5,3.9800000190734863,12072.4599609375,22.979999542236328,165.0800018310547,497.3618066617026,50.0
2023-04-22,0.47266098856925964,27817.5,1874.2286376953125,101.81999969482422,1979.5,3.9800000190734863,12072.4599609375,22.979999542236328,165.0800018310547,497.3618066617026,53.0
2023-04-23,0.4650160074234009,27591.384765625,1862.06201171875,101.81999969482422,1979.5,3.9800000190734863,12072.4599609375,22.979999542236328,165.0800018310547,497.3618066617026,56.0
2023-04-24,0.4612730145454407,27525.33984375,1842.7574462890625,101.3499984741211,1989.0999755859375,3.953000068664551,12037.2001953125,23.079999923706055,162.5500030517578,503.18743765109997,53.0
2023-04-25,0.46999499201774597,28307.59765625,1866.753662109375,101.86000061035156,1994.0,3.8459999561309814,11799.16015625,22.989999771118164,160.6699981689453,518.4607443433084,53.0
2023-04-26,0.46203699707984924,28422.701171875,1866.564208984375,101.47000122070312,1985.699951171875,3.8499999046325684,11854.349609375,22.829999923706055,153.75,515.7662338595262,56.0
2023-04-27,0.46686801314353943,29473.787109375,1908.786376953125,101.5,1989.9000244140625,3.864500045776367,12142.240234375,22.889999389648438,160.19000244140625,514.9178421123029,59.0
2023-04-28,0.48027101159095764,29340.26171875,1892.5128173828125,101.66999816894531,1990.0999755859375,3.869999885559082,12226.580078125,23.0,164.30999755859375,514.2377349963245,64.0
2023-04-29,0.4784089922904968,29248.48828125,1908.9169921875,101.66999816894531,1990.0999755859375,3.869999885559082,12226.580078125,23.0,164.30999755859375,514.2377349963245,64.0
2023-04-30,0.4723320007324219,29268.806640625,1876.92431640625,101.66999816894531,1990.0999755859375,3.869999885559082,12226.580078125,23.0,164.30999755859375,514.2377349963245,60.0
2023-05-01,0.4649659991264343,28091.568359375,1831.954833984375,102.1500015258789,1983.4000244140625,3.9170000553131104,12212.599609375,22.889999389648438,161.8300018310547,506.35690487768375,63.0
2023-05-02,0.4649510085582733,28680.537109375,1870.789306640625,101.95999908447266,2014.300048828125,3.8480000495910645,12080.509765625,23.350000381469727,160.30999755859375,523.4667419097848,55.0
2023-05-03,0.4634940028190613,29006.30859375,1904.65185546875,101.33999633789062,2028.5999755859375,3.8315000534057617,12025.330078125,23.43000030517578,160.61000061035156,529.4532030040679,64.0
2023-05-04,0.4615730047225952,28847.7109375,1877.7041015625,101.4000015258789,2048.0,3.8499999046325684,11966.400390625,23.940000534057617,161.1999969482422,531.9480651248106,64.0
2023-05-05,0.46779999136924744,29534.384765625,1995.0609130859375,101.20999908447266,2017.4000244140625,3.871500015258789,12235.41015625,23.56999969482422,170.05999755859375,521.0900210416788,61.0
2023-05-06,0.4595490097999573,28904.623046875,1900.2218017578125,101.20999908447266,2017.4000244140625,3.871500015258789,12235.41015625,23.56999969482422,170.05999755859375,521.0900210416788,60.0
2023-05-07,0.45036399364471436,28454.978515625,1873.076416015625,101.20999908447266,2017.4000244140625,3.871500015258789,12235.41015625,23.56999969482422,170.05999755859375,521.0900210416788,64.0
2023-05-08,0.42891499400138855,27694.2734375,1849.042724609375,101.37000274658203,2026.300048828125,3.9179999828338623,12256.919921875,23.489999771118164,171.7899932861328,517.1771459178303,60.0
2023-05-09,0.4298880100250244,27658.775390625,1848.6031494140625,101.63999938964844,2036.199951171875,3.8889999389648438,12179.5498046875,23.479999542236328,169.14999389648438,523.579321966732,51.0
2023-05-10,0.43087300658226013,27621.755859375,1842.4014892578125,101.4800033569336,2030.5,3.828000068664551,12306.4404296875,23.309999465942383,168.5399932861328,530.4336372983314,52.0
2023-05-11,0.42187899351119995,27000.7890625,1796.4906005859375,102.05999755859375,2014.699951171875,3.697499990463257,12328.509765625,22.200000762939453,172.0800018310547,544.8816650083222,52.0
2023-05-12,0.43071800470352173,26804.990234375,1808.019775390625,102.68000030517578,2014.5,3.7165000438690186,12284.740234375,22.020000457763672,167.97999572753906,542.0422376486315,49.0
2023-05-13,0.424903005361557,26784.078125,1796.1148681640625,102.68000030517578,2014.5,3.7165000438690186,12284.740234375,22.020000457763672,167.97999572753906,542.0422376486315,48.0
2023-05-14,0.4258599877357483,26930.638671875,1800.5009765625,102.68000030517578,2014.5,3.7165000438690186,12284.740234375,22.020000457763672,167.97999572753906,542.0422376486315,48.0
2023-05-15,0.42756199836730957,27192.693359375,1817.5499267578125,102.43000030517578,2018.0,3.737499952316284,12365.2099609375,22.100000381469727,166.35000610351562,539.9331172564595,50.0
2023-05-16,0.4414219856262207,27036.650390625,1824.1214599609375,102.55999755859375,1988.4000244140625,3.6545000076293945,12343.0498046875,21.809999465942383,166.52000427246094,544.096325150619,54.0
2023-05-17,0.4485889971256256,27398.802734375,1821.859619140625,102.87999725341797,1980.699951171875,3.743000030517578,12500.5703125,21.81999969482422,173.86000061035156,529.1744416304442,50.0
2023-05-18,0.46029898524284363,26832.208984375,1801.728515625,103.58000183105469,1956.5,3.68149995803833,12688.83984375,21.559999465942383,176.88999938964844,531.4409947847756,51.0
2023-05-19,0.4679819941520691,26890.12890625,1812.5894775390625,103.19999694824219,1978.699951171875,3.7225000858306885,12657.900390625,21.860000610351562,180.13999938964844,531.5513513897802,48.0
2023-05-20,0.46908101439476013,27129.5859375,1820.47802734375,103.19999694824219,1978.699951171875,3.7225000858306885,12657.900390625,21.860000610351562,180.13999938964844,531.5513513897802,48.0
2023-05-21,0.4575499892234802,26753.826171875,1804.5313720703125,103.19999694824219,1978.699951171875,3.7225000858306885,12657.900390625,21.860000610351562,180.13999938964844,531.5513513897802,52.0
2023-05-22,0.46160098910331726,26851.27734375,1817.5347900390625,103.19999694824219,1974.800048828125,3.6740000247955322,12720.7802734375,21.670000076293945,188.8699951171875,537.5068142352633,49.0
2023-05-23,0.46542999148368835,27225.7265625,1854.380615234375,103.48999786376953,1972.4000244140625,3.6414999961853027,12560.25,21.510000228881836,185.77000427246094,541.6449338130644,50.0
2023-05-24,0.45360898971557617,26334.818359375,1800.0999755859375,103.88999938964844,1962.800048828125,3.553499937057495,12484.16015625,21.15999984741211,182.89999389648438,552.3568548177428,50.0
2023-05-25,0.45373401045799255,26476.20703125,1805.9537353515625,104.20999908447266,1943.0999755859375,3.5804998874664307,12698.08984375,20.860000610351562,184.47000122070312,542.689578733901,51.0
2023-05-26,0.4691399931907654,26719.291015625,1828.689697265625,104.20999908447266,1944.0999755859375,3.6735000610351562,12975.6904296875,21.3799991607666,193.1699981689453,529.2227965930969,49.0
2023-05-27,0.4722450077533722,26868.353515625,1831.1182861328125,104.20999908447266,1944.0999755859375,3.6735000610351562,12975.6904296875,21.3799991607666,193.1699981689453,529.2227965930969,48.0
2023-05-28,0.48288899660110474,28085.646484375,1910.9141845703125,104.20999908447266,1944.0999755859375,3.6735000610351562,12975.6904296875,21.3799991607666,193.1699981689453,529.2227965930969,50.0
2023-05-29,0.4941509962081909,27745.884765625,1893.078125,104.20999908447266,1944.0999755859375,3.6735000610351562,12975.6904296875,21.3799991607666,193.1699981689453,529.2227965930969,52.0
2023-05-30,0.5219380259513855,27702.349609375,1901.026611328125,104.16999816894531,1958.0,3.6579999923706055,13017.4296875,21.299999237060547,201.16000366210938,535.2651733416482,51.0
2023-05-31,0.5173860192298889,27219.658203125,1874.1304931640625,104.31999969482422,1963.9000244140625,3.63100004196167,12935.2900390625,21.610000610351562,203.92999267578125,540.8702841416255,51.0
2023-06-01,0.5073170065879822,26819.97265625,1862.201416015625,103.55999755859375,1978.0,3.7065000534057617,13100.98046875,21.950000762939453,207.52000427246094,533.6570812085895,52.0
2023-06-02,0.5253869891166687,27249.58984375,1907.256591796875,104.0199966430664,1952.4000244140625,3.7225000858306885,13240.76953125,21.690000534057617,213.97000122070312,524.4862268360104,50.0
2023-06-03,0.5193510055541992,27075.12890625,1892.4124755859375,104.0199966430664,1952.4000244140625,3.7225000858306885,13240.76953125,21.690000534057617,213.97000122070312,524.4862268360104,53.0
2023-06-04,0.5359110236167908,27119.06640625,1890.5135498046875,104.0199966430664,1952.4000244140625,3.7225000858306885,13240.76953125,21.690000534057617,213.97000122070312,524.4862268360104,52.0
2023-06-05,0.5103939771652222,25760.09765625,1811.828369140625,104.0,1958.0,3.762500047683716,13229.4296875,21.639999389648438,217.61000061035156,520.3986645011184,53.0
2023-06-06,0.5304639935493469,27238.783203125,1884.494873046875,104.12999725341797,1965.5,3.7669999599456787,13276.419921875,21.649999618530273,221.30999755859375,521.7679906819917,44.0
2023-06-07,0.5196279883384705,26345.998046875,1832.39599609375,104.0999984741211,1942.699951171875,3.754499912261963,13104.900390625,21.510000228881836,224.57000732421875,517.4324135225407,53.0
2023-06-08,0.5245460271835327,26508.216796875,1846.3018798828125,103.33999633789062,1963.5999755859375,3.7964999675750732,13238.51953125,22.299999237060547,234.86000061035156,517.2132206918315,50.0
2023-06-09,0.5379170179367065,26480.375,1840.2252197265625,103.55999755859375,1962.199951171875,3.7890000343322754,13259.1396484375,22.270000457763672,244.39999389648438,517.867493637452,50.0
2023-06-10,0.5081989765167236,25851.240234375,1752.384765625,103.55999755859375,1962.199951171875,3.7890000343322754,13259.1396484375,22.270000457763672,244.39999389648438,517.867493637452,49.0
2023-06-11,0.5212209820747375,25940.16796875,1753.415283203125,103.55999755859375,1962.199951171875,3.7890000343322754,13259.1396484375,22.270000457763672,244.39999389648438,517.867493637452,47.0
2023-06-12,0.52572101354599,25902.5,1742.5286865234375,103.62999725341797,1955.300048828125,3.750499963760376,13461.919921875,22.079999923706055,249.8300018310547,521.3438388805305,47.0
2023-06-13,0.5200859904289246,25918.728515625,1739.03759765625,103.33999633789062,1944.5999755859375,3.8285000324249268,13573.3203125,21.739999771118164,258.7099914550781,507.9273760262321,45.0
2023-06-14,0.4802199900150299,25124.67578125,1650.519287109375,103.01000213623047,1955.300048828125,3.865999937057495,13626.48046875,21.969999313354492,256.7900085449219,505.7682567673166,46.0
2023-06-15,0.4801180064678192,25576.39453125,1665.519775390625,102.12000274658203,1957.800048828125,3.8965001106262207,13782.8203125,21.940000534057617,255.89999389648438,502.45091575616044,41.0
2023-06-16,0.47574299573898315,26327.462890625,1716.6688232421875,102.30000305175781,1958.4000244140625,3.884500026702881,13689.5703125,22.18000030517578,260.5400085449219,504.1575520534441,47.0
2023-06-17,0.47979000210762024,26510.67578125,1727.2041015625,102.30000305175781,1958.4000244140625,3.884500026702881,13689.5703125,22.18000030517578,260.5400085449219,504.1575520534441,47.0
2023-06-18,0.4875729978084564,26336.212890625,1720.5775146484375,102.30000305175781,1958.4000244140625,3.884500026702881,13689.5703125,22.18000030517578,260.5400085449219,504.1575520534441,49.0
2023-06-19,0.49339500069618225,26851.029296875,1737.659423828125,102.30000305175781,1958.4000244140625,3.884500026702881,13689.5703125,22.18000030517578,260.5400085449219,504.1575520534441,47.0
2023-06-20,0.4928700029850006,28327.48828125,1792.1199951171875,102.54000091552734,1935.5,3.878499984741211,13667.2900390625,21.260000228881836,274.45001220703125,499.03313332851394,49.0
2023-06-21,0.500694990158081,30027.296875,1891.0072021484375,102.06999969482422,1933.300048828125,3.9110000133514404,13502.2001953125,20.84000015258789,259.4599914550781,494.32371317519596,59.0
2023-06-22,0.4949750006198883,29912.28125,1872.9429931640625,102.38999938964844,1912.699951171875,3.8884999752044678,13630.6103515625,20.530000686645508,264.6099853515625,491.8863220698105,65.0
2023-06-23,0.4965659976005554,30695.46875,1892.862060546875,102.9000015258789,1919.0999755859375,3.805999994277954,13492.51953125,20.579999923706055,256.6000061035156,504.2301572441318,65.0
2023-06-24,0.48731300234794617,30548.6953125,1876.0596923828125,102.9000015258789,1919.0999755859375,3.805999994277954,13492.51953125,20.579999923706055,256.6000061035156,504.2301572441318,62.0
2023-06-25,0.4902769923210144,30480.26171875,1900.506103515625,102.9000015258789,1919.0999755859375,3.805999994277954,13492.51953125,20.579999923706055,256.6000061035156,504.2301572441318,64.0
2023-06-26,0.47933200001716614,30271.130859375,1859.432861328125,102.69000244140625,1923.699951171875,3.7864999771118164,13335.7802734375,20.899999618530273,241.0500030517578,508.0417173643278,55.0
2023-06-27,0.4838399887084961,30688.1640625,1889.703369140625,102.48999786376953,1914.0,3.7815001010894775,13555.669921875,20.979999542236328,250.2100067138672,506.1483402971648,59.0
2023-06-28,0.46522200107574463,30086.24609375,1827.97119140625,102.91000366210938,1912.300048828125,3.7204999923706055,13591.75,20.84000015258789,256.239990234375,513.990069278204,62.0
2023-06-29,0.4747219979763031,30445.3515625,1852.227294921875,103.33999633789062,1909.199951171875,3.677500009536743,13591.330078125,20.719999313354492,257.5,519.1570214060661,54.0
2023-06-30,0.4740369915962219,30477.251953125,1933.18896484375,102.91000366210938,1921.0999755859375,3.740999937057495,13787.919921875,20.889999389648438,261.7699890136719,513.5257973559309,56.0
2023-07-01,0.47352200746536255,30590.078125,1924.56591796875,102.91000366210938,1921.0999755859375,3.740999937057495,13787.919921875,20.889999389648438,261.7699890136719,513.5257973559309,59.0
2023-07-02,0.4844929873943329,30620.76953125,1937.4383544921875,102.91000366210938,1921.0999755859375,3.740999937057495,13787.919921875,20.889999389648438,261.7699890136719,513.5257973559309,63.0
2023-07-03,0.4895470142364502,31156.439453125,1955.38916015625,102.98999786376953,1921.699951171875,3.7790000438690186,13816.76953125,21.010000228881836,279.82000732421875,508.5207538670465,62.0
2023-07-04,0.48784199357032776,30777.58203125,1936.633544921875,102.98999786376953,1921.699951171875,3.7790000438690186,13816.76953125,21.010000228881836,279.82000732421875,508.5207538670465,64.0
2023-07-05,0.4782719910144806,30514.166015625,1910.5880126953125,103.37000274658203,1919.5999755859375,3.753499984741211,13791.650390625,21.209999084472656,282.4800109863281,511.4160072970631,61.0
2023-07-06,0.4637390077114105,29909.337890625,1848.636474609375,103.16999816894531,1908.699951171875,3.7200000286102295,13679.0400390625,20.829999923706055,276.5400085449219,513.0913807774766,56.0
2023-07-07,0.468764990568161,30342.265625,1870.6025390625,102.2699966430664,1926.199951171875,3.7669999599456787,13660.7197265625,21.18000030517578,274.42999267578125,511.33527253864145,55.0
2023-07-08,0.4706439971923828,30292.541015625,1865.53955078125,102.2699966430664,1926.199951171875,3.7669999599456787,13660.7197265625,21.18000030517578,274.42999267578125,511.33527253864145,58.0
2023-07-09,0.4685499966144562,30171.234375,1863.009765625,102.2699966430664,1926.199951171875,3.7669999599456787,13660.7197265625,21.18000030517578,274.42999267578125,511.33527253864145,55.0
2023-07-10,0.4776639938354492,30414.470703125,1880.556396484375,101.97000122070312,1925.0,3.7715001106262207,13685.48046875,21.239999771118164,269.6099853515625,510.4069848960902,56.0
2023-07-11,0.47571900486946106,30620.951171875,1878.3360595703125,101.7300033569336,1931.300048828125,3.753499984741211,13760.7001953125,21.200000762939453,269.7900085449219,514.5331175381051,57.0
2023-07-12,0.47110500931739807,30391.646484375,1872.11376953125,100.5199966430664,1956.199951171875,3.8420000076293945,13918.9599609375,22.149999618530273,271.989990234375,509.16188112630874,64.0
2023-07-13,0.8153650164604187,31476.048828125,2006.511474609375,99.7699966430664,1959.199951171875,3.929500102996826,14138.5703125,22.780000686645508,277.8999938964844,498.5875810711125,57.0
2023-07-14,0.7191569805145264,30334.068359375,1939.3470458984375,99.91000366210938,1960.0999755859375,3.921999931335449,14113.7001953125,22.860000610351562,281.3800048828125,499.770527767072,60.0
2023-07-15,0.7132790088653564,30295.806640625,1931.466552734375,99.91000366210938,1960.0999755859375,3.921999931335449,14113.7001953125,22.860000610351562,281.3800048828125,499.770527767072,56.0
2023-07-16,0.7468600273132324,30249.1328125,1923.681884765625,99.91000366210938,1960.0999755859375,3.921999931335449,14113.7001953125,22.860000610351562,281.3800048828125,499.770527767072,57.0
2023-07-17,0.739205002784729,30145.888671875,1911.6461181640625,99.83999633789062,1952.4000244140625,3.8320000171661377,14244.9501953125,22.790000915527344,290.3800048828125,509.49896024737296,54.0
2023-07-18,0.7795400023460388,29856.5625,1897.5992431640625,99.94000244140625,1977.199951171875,3.815999984741211,14353.6396484375,22.989999771118164,293.3399963378906,518.1341611839557,56.0
2023-07-19,0.8206940293312073,29913.923828125,1889.0079345703125,100.27999877929688,1977.5,3.799499988555908,14358.01953125,23.100000381469727,291.260009765625,520.4632204122197,50.0
2023-07-20,0.7940580248832703,29792.015625,1890.9691162109375,100.87999725341797,1968.300048828125,3.817500114440918,14063.3095703125,22.68000030517578,262.8999938964844,515.5992114793655,56.0
2023-07-21,0.7725020051002502,29908.744140625,1892.080078125,101.06999969482422,1964.300048828125,3.802999973297119,14032.8095703125,22.56999969482422,260.0199890136719,516.513295456355,50.0
2023-07-22,0.73328697681427,29771.802734375,1864.912353515625,101.06999969482422,1964.300048828125,3.802999973297119,14032.8095703125,22.56999969482422,260.0199890136719,516.513295456355,52.0
2023-07-23,0.7386829853057861,30084.5390625,1889.191650390625,101.06999969482422,1964.300048828125,3.802999973297119,14032.8095703125,22.56999969482422,260.0199890136719,516.513295456355,54.0
2023-07-24,0.7027649879455566,29176.916015625,1850.0020751953125,101.3499984741211,1960.300048828125,3.8405001163482666,14058.8701171875,22.329999923706055,269.05999755859375,510.428326895111,55.0
2023-07-25,0.7095999717712402,29227.390625,1857.741943359375,101.3499984741211,1962.0999755859375,3.9019999504089355,14144.5595703125,22.6200008392334,265.2799987792969,502.8446951621069,50.0
2023-07-26,0.7157989740371704,29354.97265625,1872.159912109375,100.88999938964844,1968.9000244140625,3.890500068664551,14127.2802734375,22.90999984741211,264.3500061035156,506.0789075091586,51.0
2023-07-27,0.7136459946632385,29210.689453125,1860.357177734375,101.7699966430664,1945.4000244140625,3.8635001182556152,14050.1103515625,22.110000610351562,255.7100067138672,503.53305677972077,51.0
2023-07-28,0.7125679850578308,29319.24609375,1874.744873046875,101.62000274658203,1960.4000244140625,3.9170000553131104,14316.66015625,22.31999969482422,266.44000244140625,500.48506426619275,52.0
2023-07-29,0.7127389907836914,29356.91796875,1881.06884765625,101.62000274658203,1960.4000244140625,3.9170000553131104,14316.66015625,22.31999969482422,266.44000244140625,500.48506426619275,52.0
2023-07-30,0.7051360011100769,29275.30859375,1861.643798828125,101.62000274658203,1960.4000244140625,3.9170000553131104,14316.66015625,22.31999969482422,266.44000244140625,500.48506426619275,52.0
2023-07-31,0.6985210180282593,29230.111328125,1856.162353515625,101.86000061035156,1970.5,3.994499921798706,14346.01953125,22.690000534057617,267.42999267578125,493.3033016840547,50.0
2023-08-01,0.7072110176086426,29675.732421875,1871.7921142578125,102.30000305175781,1940.699951171875,3.8935000896453857,14283.91015625,22.290000915527344,261.07000732421875,498.44610414498055,53.0
2023-08-02,0.6851950287818909,29151.958984375,1839.0897216796875,102.58999633789062,1937.4000244140625,3.827500104904175,13973.4501953125,21.75,254.11000061035156,506.1789605000069,53.0
2023-08-03,0.6641349792480469,29178.6796875,1835.136474609375,102.54000091552734,1932.0,3.875999927520752,13959.7197265625,21.6299991607666,259.32000732421875,498.4520217047027,52.0
2023-08-04,0.6355389952659607,29074.091796875,1827.712890625,102.0199966430664,1939.5999755859375,3.8450000286102295,13909.240234375,21.65999984741211,253.86000061035156,504.44732409716096,54.0
2023-08-05,0.6284229755401611,29042.126953125,1834.9879150390625,102.0199966430664,1939.5999755859375,3.8450000286102295,13909.240234375,21.65999984741211,253.86000061035156,504.44732409716096,50.0
2023-08-06,0.6230869889259338,29041.85546875,1827.4620361328125,102.0199966430664,1939.5999755859375,3.8450000286102295,13909.240234375,21.65999984741211,253.86000061035156,504.44732409716096,49.0
2023-08-07,0.6219310164451599,29180.578125,1826.9388427734375,102.05000305175781,1933.5,3.812999963760376,13994.400390625,21.209999084472656,251.4499969482422,507.08104337173523,49.0
2023-08-08,0.6424059867858887,29765.4921875,1855.807373046875,102.52999877929688,1924.0999755859375,3.747999906539917,13884.3203125,20.899999618530273,249.6999969482422,513.3671354229649,54.0
2023-08-09,0.6433650255203247,29561.494140625,1854.297607421875,102.48999786376953,1915.4000244140625,3.7674999237060547,13722.01953125,20.799999237060547,242.19000244140625,508.40081305957966,50.0
2023-08-10,0.6329860091209412,29429.591796875,1850.75341796875,102.5199966430664,1914.4000244140625,3.750999927520752,13737.990234375,20.829999923706055,245.33999633789062,510.37058421896523,53.0
2023-08-11,0.6316750049591064,29397.71484375,1847.1243896484375,102.83999633789062,1912.9000244140625,3.7144999504089355,13644.849609375,20.799999237060547,242.64999389648438,514.9818414194535,51.0
2023-08-12,0.6272050142288208,29415.96484375,1848.889892578125,102.83999633789062,1912.9000244140625,3.7144999504089355,13644.849609375,20.799999237060547,242.64999389648438,514.9818414194535,54.0
2023-08-13,0.6261019706726074,29282.9140625,1839.2801513671875,102.83999633789062,1912.9000244140625,3.7144999504089355,13644.849609375,20.799999237060547,242.64999389648438,514.9818414194535,54.0
2023-08-14,0.6342819929122925,29408.443359375,1844.185791015625,103.19000244140625,1910.5999755859375,3.7244999408721924,13788.330078125,20.719999313354492,239.75999450683594,512.9816098583475,50.0
2023-08-15,0.6095989942550659,29170.34765625,1826.9327392578125,103.20999908447266,1902.5,3.6614999771118164,13631.0498046875,20.670000076293945,232.9600067138672,519.5957973214813,53.0
2023-08-16,0.5883280038833618,28701.779296875,1805.6590576171875,103.41999816894531,1896.0999755859375,3.6514999866485596,13474.6298828125,20.559999465942383,225.60000610351562,519.266050258493,52.0
2023-08-17,0.5071420073509216,26664.55078125,1684.9334716796875,103.44000244140625,1884.0999755859375,3.685499906539917,13316.9296875,20.799999237060547,219.22000122070312,511.2196508925705,50.0
2023-08-18,0.5060999989509583,26049.556640625,1660.945068359375,103.37999725341797,1886.0999755859375,3.6989998817443848,13290.7802734375,20.8700008392334,215.49000549316406,509.89457579990113,37.0
2023-08-19,0.5196290016174316,26096.205078125,1669.471923828125,103.37999725341797,1886.0999755859375,3.6989998817443848,13290.7802734375,20.8700008392334,215.49000549316406,509.89457579990113,39.0
2023-08-20,0.5395470261573792,26189.583984375,1684.85205078125,103.37999725341797,1886.0999755859375,3.6989998817443848,13290.7802734375,20.8700008392334,215.49000549316406,509.89457579990113,37.0
2023-08-21,0.524537980556488,26124.140625,1667.26904296875,103.33000183105469,1893.300048828125,3.7119998931884766,13497.58984375,21.360000610351562,231.27999877929688,510.04851920990956,38.0
2023-08-22,0.5209299921989441,26031.65625,1633.892578125,103.55999755859375,1896.4000244140625,3.750499963760376,13505.8701171875,21.459999084472656,233.19000244140625,505.6392594955977,37.0
2023-08-23,0.5299019813537598,26431.640625,1679.2744140625,103.36000061035156,1918.5,3.803499937057495,13721.0302734375,22.290000915527344,236.86000061035156,504.40384691690326,37.0
2023-08-24,0.5184130072593689,26162.373046875,1659.944580078125,103.9800033569336,1918.199951171875,3.7674999237060547,13463.9697265625,22.110000610351562,230.0399932861328,509.14399204153386,41.0
2023-08-25,0.5262460112571716,26047.66796875,1652.93505859375,104.08000183105469,1911.0999755859375,3.759999990463257,13590.650390625,22.219999313354492,238.58999633789062,508.2712713918059,39.0
2023-08-26,0.5234699845314026,26008.462890625,1646.3067626953125,104.08000183105469,1911.0999755859375,3.759999990463257,13590.650390625,22.219999313354492,238.58999633789062,508.2712713918059,38.0
2023-08-27,0.5238440036773682,26089.693359375,1657.5130615234375,104.08000183105469,1911.0999755859375,3.759999990463257,13590.650390625,22.219999313354492,238.58999633789062,508.2712713918059,38.0
2023-08-28,0.523248016834259,26106.150390625,1652.4573974609375,104.05999755859375,1917.9000244140625,3.753999948501587,13705.1298828125,22.219999313354492,238.82000732421875,510.895058797109,39.0
2023-08-29,0.5400649905204773,27727.392578125,1729.7257080078125,103.55000305175781,1936.5,3.7929999828338623,13943.759765625,22.709999084472656,257.17999267578125,510.5457444672024,39.0
2023-08-30,0.528194010257721,27297.265625,1705.1121826171875,103.16000366210938,1944.300048828125,3.7850000858306885,14019.3095703125,22.56999969482422,256.8999938964844,513.6856023086225,49.0
2023-08-31,0.510798990726471,25931.47265625,1645.63916015625,103.62000274658203,1938.199951171875,3.7725000381469727,14034.9697265625,22.389999389648438,258.0799865722656,513.7706909405111,52.0
2023-09-01,0.498075008392334,25800.724609375,1628.4912109375,104.23999786376953,1939.800048828125,3.8125,14031.8095703125,22.170000076293945,245.00999450683594,508.8000128073771,40.0
2023-09-02,0.4990909993648529,25868.798828125,1637.025390625,104.23999786376953,1939.800048828125,3.8125,14031.8095703125,22.170000076293945,245.00999450683594,508.8000128073771,39.0
2023-09-03,0.5050489902496338,25969.56640625,1636.11767578125,104.23999786376953,1939.800048828125,3.8125,14031.8095703125,22.170000076293945,245.00999450683594,508.8000128073771,40.0
2023-09-04,0.5083749890327454,25812.416015625,1629.6552734375,104.23999786376953,1939.800048828125,3.8125,14031.8095703125,22.170000076293945,245.00999450683594,508.8000128073771,40.0
2023-09-05,0.5054110288619995,25779.982421875,1633.62939453125,104.80999755859375,1926.199951171875,3.811000108718872,14020.9501953125,21.59000015258789,256.489990234375,505.43161800627644,40.0
2023-09-06,0.5032430291175842,25753.236328125,1632.2523193359375,104.86000061035156,1918.0999755859375,3.748500108718872,13872.4697265625,21.239999771118164,251.9199981689453,511.6979911843962,42.0
2023-09-07,0.5048570036888123,26240.1953125,1647.5982666015625,105.05999755859375,1917.5,3.7260000705718994,13748.830078125,21.049999237060547,251.49000549316406,514.6269360391303,41.0
2023-09-08,0.5048499703407288,25905.654296875,1636.1378173828125,105.08999633789062,1918.4000244140625,3.680500030517578,13761.5302734375,21.010000228881836,248.5,521.2335303646997,46.0
2023-09-09,0.5038549900054932,25895.677734375,1635.162353515625,105.08999633789062,1918.4000244140625,3.680500030517578,13761.5302734375,21.010000228881836,248.5,521.2335303646997,41.0
2023-09-10,0.49781399965286255,25832.2265625,1616.828857421875,105.08999633789062,1918.4000244140625,3.680500030517578,13761.5302734375,21.010000228881836,248.5,521.2335303646997,40.0
2023-09-11,0.474373996257782,25162.654296875,1551.6376953125,104.56999969482422,1923.300048828125,3.7699999809265137,13917.8896484375,21.15999984741211,273.5799865722656,510.1591667264294,40.0
2023-09-12,0.4807380139827728,25833.34375,1592.429443359375,104.70999908447266,1911.300048828125,3.752000093460083,13773.6103515625,21.1299991607666,267.4800109863281,509.40831588986714,30.0
2023-09-13,0.48377498984336853,26228.32421875,1607.988525390625,104.7699966430664,1909.0999755859375,3.75600004196167,13813.58984375,20.93000030517578,271.29998779296875,508.28007301854547,41.0
2023-09-14,0.48945701122283936,26539.673828125,1626.974365234375,105.41000366210938,1910.0,3.7825000286102295,13926.0498046875,20.729999542236328,276.0400085449219,504.9570351759586,45.0
2023-09-15,0.5008749961853027,26608.693359375,1641.640380859375,105.31999969482422,1923.699951171875,3.7634999752044678,13708.330078125,21.110000610351562,274.3900146484375,511.1465295193371,45.0
2023-09-16,0.49987998604774475,26568.28125,1635.2216796875,105.31999969482422,1923.699951171875,3.7634999752044678,13708.330078125,21.110000610351562,274.3900146484375,511.1465295193371,43.0
2023-09-17,0.4930410087108612,26534.1875,1622.896728515625,105.31999969482422,1923.699951171875,3.7634999752044678,13708.330078125,21.110000610351562,274.3900146484375,511.1465295193371,46.0
2023-09-18,0.5032029747962952,26754.28125,1637.3470458984375,105.19999694824219,1931.5,3.741499900817871,13710.240234375,21.299999237060547,265.2799987792969,516.2368171058309,46.0
2023-09-19,0.5141509771347046,27211.1171875,1643.544677734375,105.19999694824219,1932.0,3.7139999866485596,13678.1904296875,21.270000457763672,266.5,520.1938629362783,46.0
2023-09-20,0.5213549733161926,27132.0078125,1622.890625,105.16000366210938,1945.5999755859375,3.746500015258789,13469.1298828125,21.34000015258789,262.5899963378906,519.3113486352263,47.0
2023-09-21,0.5071790218353271,26567.6328125,1584.3070068359375,105.36000061035156,1919.199951171875,3.6665000915527344,13223.98046875,21.440000534057617,255.6999969482422,523.4419482474658,47.0
2023-09-22,0.5125100016593933,26579.568359375,1593.268310546875,105.58000183105469,1925.4000244140625,3.6654999256134033,13211.8095703125,21.579999923706055,244.8800048828125,525.2762415734755,43.0
2023-09-23,0.5080339908599854,26579.390625,1593.8577880859375,105.58000183105469,1925.4000244140625,3.6654999256134033,13211.8095703125,21.579999923706055,244.8800048828125,525.2762415734755,47.0
2023-09-24,0.5023880004882812,26256.826171875,1580.8533935546875,105.58000183105469,1925.4000244140625,3.6654999256134033,13211.8095703125,21.579999923706055,244.8800048828125,525.2762415734755,44.0
2023-09-25,0.5054609775543213,26298.48046875,1588.3228759765625,106.0,1916.5999755859375,3.6494998931884766,13271.3203125,21.200000762939453,246.99000549316406,525.1678398903725,47.0
2023-09-26,0.5017079710960388,26217.25,1593.417236328125,106.2300033569336,1900.4000244140625,3.625,13063.6103515625,20.959999084472656,244.1199951171875,524.2482825969828,46.0
2023-09-27,0.4995970129966736,26352.716796875,1597.4912109375,106.66999816894531,1871.5999755859375,3.627000093460083,13092.849609375,20.700000762939453,240.5,516.0187282489067,44.0
2023-09-28,0.5095250010490417,27021.546875,1652.8826904296875,106.22000122070312,1860.4000244140625,3.694499969482422,13201.2802734375,20.739999771118164,246.3800048828125,503.55935574001205,46.0
2023-09-29,0.5217189788818359,26911.720703125,1667.94384765625,106.16999816894531,1848.0999755859375,3.7260000705718994,13219.3203125,20.34000015258789,250.22000122070312,496.0010575904994,48.0
2023-09-30,0.515404999256134,26967.916015625,1671.161865234375,106.16999816894531,1848.0999755859375,3.7260000705718994,13219.3203125,20.34000015258789,250.22000122070312,496.0010575904994,47.0
2023-10-01,0.5242040157318115,27983.75,1733.8104248046875,106.16999816894531,1848.0999755859375,3.7260000705718994,13219.3203125,20.34000015258789,250.22000122070312,496.0010575904994,48.0
2023-10-02,0.51283198595047,27530.78515625,1663.6275634765625,106.9000015258789,1830.0,3.631999969482422,13307.76953125,19.420000076293945,251.60000610351562,503.85462978425744,50.0
2023-10-03,0.5383870005607605,27429.978515625,1656.6856689453125,107.0,1824.5999755859375,3.615499973297119,13059.4697265625,19.440000534057617,246.52999877929688,504.66048653348815,50.0
2023-10-04,0.5329310297966003,27799.39453125,1647.838134765625,106.80000305175781,1818.5,3.5840001106262207,13236.009765625,19.309999465942383,261.1600036621094,507.3939575527132,49.0
2023-10-05,0.5233659744262695,27415.912109375,1611.4764404296875,106.33000183105469,1816.5999755859375,3.546999931335449,13219.830078125,19.25,260.04998779296875,512.1511166485942,48.0
2023-10-06,0.5261930227279663,27946.59765625,1645.83154296875,106.04000091552734,1830.199951171875,3.624500036239624,13431.33984375,19.729999542236328,260.5299987792969,504.95238870812256,50.0
2023-10-07,0.5219060182571411,27968.83984375,1634.51123046875,106.04000091552734,1830.199951171875,3.624500036239624,13431.33984375,19.729999542236328,260.5299987792969,504.95238870812256,49.0
2023-10-08,0.5179610252380371,27935.08984375,1633.548583984375,106.04000091552734,1830.199951171875,3.624500036239624,13431.33984375,19.729999542236328,260.5299987792969,504.95238870812256,50.0
2023-10-09,0.5032269954681396,27583.677734375,1579.806640625,106.08000183105469,1849.5,3.6424999237060547,13484.240234375,20.059999465942383,259.6700134277344,507.75567295502634,50.0
2023-10-10,0.497435986995697,27391.01953125,1567.7130126953125,105.83000183105469,1861.0,3.631999969482422,13562.83984375,19.979999542236328,263.6199951171875,512.389872146723,50.0
2023-10-11,0.48883798718452454,26873.3203125,1566.2547607421875,105.81999969482422,1872.800048828125,3.614000082015991,13659.6796875,20.18000030517578,262.989990234375,518.2069746338866,47.0
2023-10-12,0.48304998874664307,26756.798828125,1539.6124267578125,106.56999969482422,1869.300048828125,3.5940001010894775,13574.2197265625,19.959999084472656,258.8699951171875,520.1168603922603,45.0
2023-10-13,0.48569899797439575,26862.375,1552.0894775390625,106.6500015258789,1927.4000244140625,3.5799999237060547,13407.23046875,20.780000686645508,251.1199951171875,538.3799065612261,44.0
2023-10-14,0.4867750108242035,26861.70703125,1555.2568359375,106.6500015258789,1927.4000244140625,3.5799999237060547,13407.23046875,20.780000686645508,251.1199951171875,538.3799065612261,47.0
2023-10-15,0.4878459870815277,27159.65234375,1558.06982421875,106.6500015258789,1927.4000244140625,3.5799999237060547,13407.23046875,20.780000686645508,251.1199951171875,538.3799065612261,45.0
2023-10-16,0.49797698855400085,28519.466796875,1600.5343017578125,106.23999786376953,1921.0999755859375,3.5869998931884766,13567.98046875,20.68000030517578,253.9199981689453,535.5729112883457,47.0
2023-10-17,0.49169400334358215,28415.748046875,1565.4395751953125,106.25,1922.699951171875,3.575500011444092,13533.75,20.920000076293945,254.85000610351562,537.7429576333087,52.0
2023-10-18,0.4883190095424652,28328.341796875,1563.7498779296875,106.56999969482422,1955.300048828125,3.5820000171661377,13314.2998046875,20.950000762939453,242.67999267578125,545.8682410546274,50.0
2023-10-19,0.52012699842453,28719.806640625,1567.45703125,106.25,1968.4000244140625,3.5915000438690186,13186.1796875,21.110000610351562,220.11000061035156,548.0718363833187,52.0
2023-10-20,0.5160040259361267,29682.94921875,1604.6668701171875,106.16000366210938,1982.5,3.5420000553131104,12983.8095703125,21.399999618530273,211.99000549316406,559.7120183626729,53.0
2023-10-21,0.5212429761886597,29918.412109375,1629.304443359375,106.16000366210938,1982.5,3.5420000553131104,12983.8095703125,21.399999618530273,211.99000549316406,559.7120183626729,63.0
2023-10-22,0.5224869847297668,29993.896484375,1663.429931640625,106.16000366210938,1982.5,3.5420000553131104,12983.8095703125,21.399999618530273,211.99000549316406,559.7120183626729,53.0
2023-10-23,0.5468699932098389,33086.234375,1765.3826904296875,105.54000091552734,1976.300048828125,3.572999954223633,13018.330078125,21.049999237060547,212.0800018310547,553.1206476764564,53.0
2023-10-24,0.5585319995880127,33901.52734375,1784.4375,106.2699966430664,1975.0,3.609999895095825,13139.8701171875,21.020000457763672,216.52000427246094,547.0914286404917,66.0
2023-10-25,0.5553060173988342,34502.8203125,1787.3975830078125,106.52999877929688,1984.0999755859375,3.572000026702881,12821.2197265625,20.940000534057617,212.4199981689453,555.4591155525137,72.0
2023-10-26,0.5536829829216003,34156.6484375,1804.039306640625,106.5999984741211,1987.199951171875,3.56850004196167,12595.6103515625,20.850000381469727,205.75999450683594,556.8726153298501,71.0
2023-10-27,0.5461069941520691,33909.80078125,1780.0452880859375,106.55999755859375,1988.5999755859375,3.634000062942505,12643.009765625,21.18000030517578,207.3000030517578,547.2206772544022,70.0
2023-10-28,0.5453910231590271,34089.57421875,1776.6181640625,106.55999755859375,1988.5999755859375,3.634000062942505,12643.009765625,21.18000030517578,207.3000030517578,547.2206772544022,65.0
2023-10-29,0.5563939809799194,34538.48046875,1795.5460205078125,106.55999755859375,1988.5999755859375,3.634000062942505,12643.009765625,21.18000030517578,207.3000030517578,547.2206772544022,72.0
2023-10-30,0.5789440274238586,34502.36328125,1810.088623046875,106.12000274658203,1996.199951171875,3.6494998931884766,12789.48046875,21.34000015258789,197.36000061035156,546.9790408536894,68.0
2023-10-31,0.6002820134162903,34667.78125,1816.458984375,106.66000366210938,1985.199951171875,3.6414999961853027,12851.240234375,20.979999542236328,200.83999633789062,545.1599487165989,66.0
2023-11-01,0.6095380187034607,35437.25390625,1847.0897216796875,106.87999725341797,1978.800048828125,3.6449999809265137,13061.4697265625,20.969999313354492,205.66000366210938,542.8806746729086,66.0
2023-11-02,0.6064389944076538,34938.2421875,1800.6209716796875,106.12000274658203,1985.5999755859375,3.6670000553131104,13294.1904296875,20.8700008392334,218.50999450683594,541.4780326247895,72.0
2023-11-03,0.6130020022392273,34732.32421875,1832.795166015625,105.0199966430664,1991.5,3.674499988555908,13478.2802734375,21.219999313354492,219.9600067138672,541.9785021642269,65.0
2023-11-04,0.6161839962005615,35082.1953125,1857.6986083984375,105.0199966430664,1991.5,3.674499988555908,13478.2802734375,21.219999313354492,219.9600067138672,541.9785021642269,68.0
2023-11-05,0.6611469984054565,35049.35546875,1894.15771484375,105.0199966430664,1991.5,3.674499988555908,13478.2802734375,21.219999313354492,219.9600067138672,541.9785021642269,70.0
2023-11-06,0.715516984462738,35037.37109375,1899.83740234375,105.22000122070312,1981.5999755859375,3.7095000743865967,13518.7802734375,21.079999923706055,219.27000427246094,534.1959659924296,74.0
2023-11-07,0.6864020228385925,35443.5625,1888.124267578125,105.54000091552734,1966.800048828125,3.6700000762939453,13639.8603515625,20.729999542236328,222.17999267578125,535.9128087033304,68.0
2023-11-08,0.6880760192871094,35655.27734375,1889.3223876953125,105.58999633789062,1951.5,3.628000020980835,13650.41015625,20.649999618530273,222.11000061035156,537.89966612856,66.0
2023-11-09,0.6674749851226807,36693.125,2120.56103515625,105.91000366210938,1964.199951171875,3.634999990463257,13521.4501953125,20.690000534057617,209.97999572753906,540.3576220976965,69.0
2023-11-10,0.6605749726295471,37313.96875,2078.289794921875,105.86000061035156,1932.5999755859375,3.5834999084472656,13798.1103515625,20.34000015258789,214.64999389648438,539.3051555632201,70.0
2023-11-11,0.6627349853515625,37138.05078125,2052.7138671875,105.86000061035156,1932.5999755859375,3.5834999084472656,13798.1103515625,20.34000015258789,214.64999389648438,539.3051555632201,70.0
2023-11-12,0.6615359783172607,37054.51953125,2045.18701171875,105.86000061035156,1932.5999755859375,3.5834999084472656,13798.1103515625,20.34000015258789,214.64999389648438,539.3051555632201,73.0
2023-11-13,0.6715239882469177,36502.35546875,2055.265380859375,105.66000366210938,1945.5,3.6624999046325684,13767.740234375,20.43000030517578,223.7100067138672,531.1945530808629,72.0
2023-11-14,0.6296730041503906,35537.640625,1979.0526123046875,104.11000061035156,1961.800048828125,3.682499885559082,14094.3798828125,21.170000076293945,237.41000366210938,532.7359429178317,69.0
2023-11-15,0.6496480107307434,37880.58203125,2060.408447265625,104.38999938964844,1960.0999755859375,3.7174999713897705,14103.83984375,21.450000762939453,242.83999633789062,527.2629430184402,60.0
2023-11-16,0.61216801404953,36154.76953125,1960.881591796875,104.37000274658203,1983.9000244140625,3.7044999599456787,14113.669921875,21.760000228881836,233.58999633789062,535.5378717410362,70.0
2023-11-17,0.6137170195579529,36596.68359375,1961.28076171875,103.81999969482422,1981.5999755859375,3.737499952316284,14125.48046875,21.75,234.3000030517578,530.1939801652326,63.0
2023-11-18,0.6111890077590942,36585.703125,1963.2850341796875,103.81999969482422,1981.5999755859375,3.737499952316284,14125.48046875,21.75,234.3000030517578,530.1939801652326,69.0
2023-11-19,0.627498984336853,37386.546875,2013.2044677734375,103.81999969482422,1981.5999755859375,3.737499952316284,14125.48046875,21.75,234.3000030517578,530.1939801652326,66.0
2023-11-20,0.6128420233726501,37476.95703125,2022.2391357421875,103.47000122070312,1977.699951171875,3.8125,14284.5302734375,21.479999542236328,235.60000610351562,518.7409707991803,69.0
2023-11-21,0.5804619789123535,35813.8125,1937.0667724609375,103.58999633789062,1999.300048828125,3.814500093460083,14199.98046875,21.770000457763672,241.1999969482422,524.1316030522328,71.0
2023-11-22,0.6118990182876587,37432.33984375,2064.42529296875,103.91999816894531,1991.4000244140625,3.7664999961853027,14265.8603515625,21.670000076293945,234.2100067138672,528.7136669138312,62.0
2023-11-23,0.6202419996261597,37289.62109375,2062.210693359375,103.91999816894531,1991.4000244140625,3.7790000438690186,14265.8603515625,21.670000076293945,234.2100067138672,528.7136669138312,66.0
2023-11-24,0.6218810081481934,37720.28125,2081.152099609375,103.4000015258789,2002.199951171875,3.7964999675750732,14250.849609375,22.270000457763672,235.4499969482422,527.3804736657838,66.0
2023-11-25,0.6234440207481384,37796.79296875,2084.4130859375,103.4000015258789,2002.199951171875,3.7964999675750732,14250.849609375,22.270000457763672,235.4499969482422,527.3804736657838,73.0
2023-11-26,0.6168190240859985,37479.12109375,2063.2861328125,103.4000015258789,2002.199951171875,3.7964999675750732,14250.849609375,22.270000457763672,235.4499969482422,527.3804736657838,73.0
2023-11-27,0.6041529774665833,37254.16796875,2027.4173583984375,103.19999694824219,2011.800048828125,3.762500047683716,14241.01953125,22.559999465942383,236.0800018310547,534.6976806197349,66.0
2023-11-28,0.6114220023155212,37831.0859375,2049.338134765625,102.75,2039.699951171875,3.8010001182556152,14281.759765625,22.920000076293945,246.72000122070312,536.6219120529652,68.0
2023-11-29,0.609358012676239,37858.4921875,2029.92919921875,102.7699966430664,2047.0999755859375,3.7860000133514404,14258.490234375,22.8799991607666,244.13999938964844,540.7025801285735,72.0
2023-11-30,0.606357991695404,37712.74609375,2052.55615234375,103.5,2038.0999755859375,3.8289999961853027,14226.2197265625,23.1299991607666,240.0800018310547,532.2799628144227,74.0
2023-12-01,0.6129149794578552,38688.75,2087.139892578125,103.2699966430664,2071.0,3.9089999198913574,14305.0302734375,23.329999923706055,238.8300018310547,529.8030295323105,71.0
2023-12-02,0.6209759712219238,39476.33203125,2165.7041015625,103.2699966430664,2071.0,3.9089999198913574,14305.0302734375,23.329999923706055,238.8300018310547,529.8030295323105,74.0
2023-12-03,0.6237229704856873,39978.390625,2193.691650390625,103.2699966430664,2071.0,3.9089999198913574,14305.0302734375,23.329999923706055,238.8300018310547,529.8030295323105,73.0
2023-12-04,0.6243739724159241,41980.09765625,2243.2158203125,103.63999938964844,2024.0999755859375,3.820499897003174,14185.490234375,22.459999084472656,235.5800018310547,529.7997723213277,74.0
2023-12-05,0.6219969987869263,44080.6484375,2293.841796875,104.05000305175781,2018.5,3.7725000381469727,14229.91015625,22.1200008392334,238.72000122070312,535.0563232840877,75.0
2023-12-06,0.6403329968452454,43746.4453125,2231.661376953125,104.1500015258789,2030.5,3.7165000438690186,14146.7099609375,21.93000030517578,239.3699951171875,546.3473633882086,72.0
2023-12-07,0.6436319947242737,43292.6640625,2357.57958984375,103.54000091552734,2029.9000244140625,3.7844998836517334,14339.990234375,21.790000915527344,242.63999938964844,536.3720668040752,72.0
2023-12-08,0.6731380224227905,44166.6015625,2358.73193359375,104.01000213623047,1998.300048828125,3.819999933242798,14403.9697265625,21.100000381469727,243.83999633789062,523.1152051701132,72.0
2023-12-09,0.658814013004303,43725.984375,2341.17529296875,104.01000213623047,1998.300048828125,3.819999933242798,14403.9697265625,21.100000381469727,243.83999633789062,523.1152051701132,73.0
2023-12-10,0.6615779995918274,43779.69921875,2352.462646484375,104.01000213623047,1998.300048828125,3.819999933242798,14403.9697265625,21.100000381469727,243.83999633789062,523.1152051701132,74.0
2023-12-11,0.6202110052108765,41243.83203125,2224.578857421875,104.0999984741211,1978.0,3.7799999713897705,14432.490234375,20.90999984741211,239.74000549316406,523.2804272410511,74.0
2023-12-12,0.6195489764213562,41450.22265625,2202.0380859375,103.87000274658203,1977.800048828125,3.7860000133514404,14533.400390625,20.84000015258789,237.00999450683594,522.3983206163114,67.0
2023-12-13,0.6284859776496887,42890.7421875,2260.648681640625,102.87000274658203,1982.300048828125,3.7860000133514404,14733.9599609375,21.770000457763672,239.2899932861328,523.5869101525318,65.0
2023-12-14,0.6324319839477539,43023.97265625,2316.5791015625,101.95999908447266,2030.199951171875,3.8884999752044678,14761.5595703125,22.149999618530273,251.0500030517578,522.1036297075253,72.0
2023-12-15,0.6154919862747192,41929.7578125,2219.33740234375,102.55000305175781,2021.0999755859375,3.884999990463257,14813.919921875,21.829999923706055,253.5,520.2316552245182,70.0
2023-12-16,0.6198350191116333,42240.1171875,2226.926513671875,102.55000305175781,2021.0999755859375,3.884999990463257,14813.919921875,21.829999923706055,253.5,520.2316552245182,67.0
2023-12-17,0.6104180216789246,41364.6640625,2196.481201171875,102.55000305175781,2021.0999755859375,3.884999990463257,14813.919921875,21.829999923706055,253.5,520.2316552245182,73.0
2023-12-18,0.612529993057251,42623.5390625,2217.2734375,102.51000213623047,2026.300048828125,3.8480000495910645,14904.8095703125,21.799999237060547,252.0800018310547,526.5852449880982,65.0
2023-12-19,0.6054559946060181,42270.52734375,2177.87255859375,102.16999816894531,2038.4000244140625,3.8959999084472656,15003.2197265625,22.030000686645508,257.2200012207031,523.2033039822268,73.0
2023-12-20,0.6173189878463745,43652.25,2201.911376953125,102.41000366210938,2034.5,3.9014999866485596,14777.9404296875,22.040000915527344,247.13999938964844,521.4661045655065,74.0
2023-12-21,0.6239100098609924,43869.15234375,2239.54248046875,101.83999633789062,2039.0999755859375,3.9084999561309814,14963.8701171875,22.309999465942383,254.5,521.7090951702196,70.0
2023-12-22,0.6254019737243652,43997.90234375,2326.52490234375,101.69999694824219,2057.10009765625,3.8954999446868896,14992.9697265625,22.1200008392334,252.5399932861328,528.0708835490933,74.0
2023-12-23,0.6202049851417542,43739.54296875,2309.04638671875,101.69999694824219,2057.10009765625,3.8954999446868896,14992.9697265625,22.1200008392334,252.5399932861328,528.0708835490933,70.0
2023-12-24,0.6135179996490479,43016.1171875,2265.692138671875,101.69999694824219,2057.10009765625,3.8954999446868896,14992.9697265625,22.1200008392334,252.5399932861328,528.0708835490933,71.0
2023-12-25,0.6463369727134705,43613.140625,2272.561767578125,101.69999694824219,2057.10009765625,3.8954999446868896,14992.9697265625,22.1200008392334,252.5399932861328,528.0708835490933,73.0
2023-12-26,0.6223689913749695,42520.40234375,2231.46533203125,101.47000122070312,2058.199951171875,3.8954999446868896,15074.5703125,22.200000762939453,256.6099853515625,528.3532230514016,71.0
2023-12-27,0.6348559856414795,43442.85546875,2378.739990234375,100.98999786376953,2081.89990234375,3.94350004196167,15099.1796875,22.229999542236328,261.44000244140625,527.9320096845039,73.0
2023-12-28,0.6349980235099792,42627.85546875,2347.566162109375,101.2300033569336,2073.89990234375,3.9130001068115234,15095.1396484375,21.989999771118164,253.17999267578125,530.0025161598195,73.0
2023-12-29,0.6234019994735718,42099.40234375,2300.690673828125,101.33000183105469,2062.39990234375,3.880500078201294,15011.349609375,21.780000686645508,248.47999572753906,531.4778664557384,65.0
2023-12-30,0.6218439936637878,42156.90234375,2292.0654296875,101.33000183105469,2062.39990234375,3.880500078201294,15011.349609375,21.780000686645508,248.47999572753906,531.4778664557384,68.0
2023-12-31,0.6149410009384155,42265.1875,2281.47119140625,101.33000183105469,2062.39990234375,3.880500078201294,15011.349609375,21.780000686645508,248.47999572753906,531.4778664557384,67.0
2024-01-01,0.6300820112228394,44167.33203125,2352.327880859375,101.33000183105469,2062.39990234375,3.880500078201294,15011.349609375,21.780000686645508,248.47999572753906,531.4778664557384,65.0
2024-01-02,0.6253629922866821,44957.96875,2355.83642578125,102.19999694824219,2064.39990234375,3.86899995803833,14765.9404296875,21.649999618530273,248.4199981689453,533.5745476178415,71.0
2024-01-03,0.5825799703598022,42848.17578125,2210.761962890625,102.45999908447266,2034.199951171875,3.8475000858306885,14592.2099609375,21.059999465942383,238.4499969482422,528.7069280812464,70.0
2024-01-04,0.5882260203361511,44179.921875,2269.0380859375,102.41999816894531,2042.300048828125,3.8310000896453857,14510.2998046875,21.079999923706055,237.92999267578125,533.0984079974713,68.0
2024-01-05,0.5764859914779663,44162.69140625,2268.647216796875,102.41000366210938,2042.4000244140625,3.7945001125335693,14524.0703125,21.209999084472656,237.49000549316406,538.2527246916753,72.0
2024-01-06,0.5685120224952698,43989.1953125,2241.624755859375,102.41000366210938,2042.4000244140625,3.7945001125335693,14524.0703125,21.209999084472656,237.49000549316406,538.2527246916753,70.0
2024-01-07,0.5517410039901733,43943.09765625,2222.865966796875,102.41000366210938,2042.4000244140625,3.7945001125335693,14524.0703125,21.209999084472656,237.49000549316406,538.2527246916753,71.0
2024-01-08,0.5779229998588562,46970.50390625,2333.03271484375,102.20999908447266,2026.5999755859375,3.799499988555908,14843.76953125,21.1299991607666,240.4499969482422,533.3859670193592,71.0
2024-01-09,0.5666329860687256,46139.73046875,2344.8271484375,102.56999969482422,2026.4000244140625,3.748500108718872,14857.7099609375,21.0,234.9600067138672,540.5895599951381,76.0
2024-01-10,0.5999889969825745,46627.77734375,2582.103515625,102.36000061035156,2021.699951171875,3.7809998989105225,14969.650390625,20.940000534057617,233.94000244140625,534.6998162455435,73.0
2024-01-11,0.6020950078964233,46368.5859375,2619.619140625,102.29000091552734,2014.300048828125,3.7764999866485596,14970.1904296875,20.81999969482422,227.22000122070312,533.3774807227546,76.0
2024-01-12,0.5702990293502808,42853.16796875,2524.460205078125,102.4000015258789,2046.699951171875,3.740000009536743,14972.759765625,21.190000534057617,218.88999938964844,547.2459748537248,71.0
2024-01-13,0.575078010559082,42842.3828125,2576.597900390625,102.4000015258789,2046.699951171875,3.740000009536743,14972.759765625,21.190000534057617,218.88999938964844,547.2459748537248,64.0
2024-01-14,0.5762330293655396,41796.26953125,2472.2412109375,102.4000015258789,2046.699951171875,3.740000009536743,14972.759765625,21.190000534057617,218.88999938964844,547.2459748537248,60.0
2024-01-15,0.5759199857711792,42511.96875,2511.36376953125,102.4000015258789,2046.699951171875,3.740000009536743,14972.759765625,21.190000534057617,218.88999938964844,547.2459748537248,52.0
2024-01-16,0.5759469866752625,43154.9453125,2587.691162109375,103.36000061035156,2026.0,3.7664999961853027,14944.349609375,20.959999084472656,219.91000366210938,537.8999076203173,64.0
2024-01-17,0.5679730176925659,42742.65234375,2528.369384765625,103.44999694824219,2002.5999755859375,3.7325000762939453,14855.6201171875,20.649999618530273,215.5500030517578,536.5304580447186,60.0
2024-01-18,0.5519070029258728,41262.05859375,2467.018798828125,103.54000091552734,2018.5999755859375,3.744999885559082,15055.650390625,20.809999465942383,211.8800048828125,539.0120259735563,63.0
2024-01-19,0.5442559719085693,41618.40625,2489.49853515625,103.29000091552734,2026.5,3.7869999408721924,15310.9697265625,20.670000076293945,212.19000244140625,535.1201562293323,51.0
2024-01-20,0.5531259775161743,41665.5859375,2469.589111328125,103.29000091552734,2026.5,3.7869999408721924,15310.9697265625,20.670000076293945,212.19000244140625,535.1201562293323,52.0
2024-01-21,0.546110987663269,41545.78515625,2453.9130859375,103.29000091552734,2026.5,3.7869999408721924,15310.9697265625,20.670000076293945,212.19000244140625,535.1201562293323,56.0
2024-01-22,0.5267159938812256,39507.3671875,2310.826416015625,103.33000183105469,2019.800048828125,3.7639999389648438,15360.2900390625,20.219999313354492,208.8000030517578,536.6100110468121,55.0
2024-01-23,0.5177369713783264,39845.55078125,2240.68603515625,103.62000274658203,2023.699951171875,3.7904999256134033,15425.9404296875,20.530000686645508,209.13999938964844,533.8873475493834,50.0
2024-01-24,0.5179880261421204,40077.07421875,2233.561767578125,103.23999786376953,2013.9000244140625,3.882499933242798,15481.919921875,20.709999084472656,207.8300018310547,518.7121852007307,48.0
2024-01-25,0.5136060118675232,39933.80859375,2217.710205078125,103.56999969482422,2016.9000244140625,3.865499973297119,15510.5,20.940000534057617,182.6300048828125,521.7695093381999,52.0
2024-01-26,0.5321890115737915,41816.87109375,2267.19970703125,103.47000122070312,2016.800048828125,3.8505001068115234,15455.3603515625,20.860000610351562,183.25,523.7761311213604,49.0
2024-01-27,0.5302600264549255,42120.0546875,2267.885986328125,103.47000122070312,2016.800048828125,3.8505001068115234,15455.3603515625,20.860000610351562,183.25,523.7761311213604,55.0
2024-01-28,0.5240939855575562,42035.59375,2257.208740234375,103.47000122070312,2016.800048828125,3.8505001068115234,15455.3603515625,20.860000610351562,183.25,523.7761311213604,54.0
2024-01-29,0.5350900292396545,43288.24609375,2317.064208984375,103.61000061035156,2025.199951171875,3.872999906539917,15628.0400390625,21.209999084472656,190.92999267578125,522.9021430525053,55.0
2024-01-30,0.5106980204582214,42952.609375,2344.49365234375,103.4000015258789,2031.5,3.9065001010894775,15509.900390625,21.190000534057617,191.58999633789062,520.0307045770812,61.0
2024-01-31,0.5031930208206177,42582.60546875,2282.54443359375,103.2699966430664,2048.39990234375,3.9024999141693115,15164.009765625,20.90999984741211,187.2899932861328,524.8942850469667,60.0
2024-02-01,0.5058590173721313,43075.7734375,2303.82470703125,103.05000305175781,2053.0,3.8524999618530273,15361.6396484375,21.209999084472656,188.86000061035156,532.9007190989096,63.0
2024-02-02,0.5104119777679443,43185.859375,2308.0380859375,103.91999816894531,2036.0999755859375,3.821500062942505,15628.9501953125,20.75,187.91000366210938,532.8012408871105,63.0
2024-02-03,0.5189390182495117,42992.25,2296.038330078125,103.91999816894531,2036.0999755859375,3.821500062942505,15628.9501953125,20.75,187.91000366210938,532.8012408871105,60.0
2024-02-04,0.5032879710197449,42583.58203125,2289.546142578125,103.91999816894531,2036.0999755859375,3.821500062942505,15628.9501953125,20.75,187.91000366210938,532.8012408871105,60.0
2024-02-05,0.5062440037727356,42658.66796875,2298.888916015625,104.44999694824219,2025.699951171875,3.7720000743865967,15597.6796875,20.469999313354492,181.05999755859375,537.0360316075271,60.0
2024-02-06,0.5051530003547668,43084.671875,2372.201904296875,104.18000030517578,2034.5,3.7825000286102295,15609.0,20.510000228881836,185.10000610351562,537.8717738562763,64.0
2024-02-07,0.5137889981269836,44318.22265625,2423.7451171875,104.04000091552734,2035.199951171875,3.737499952316284,15756.6396484375,20.329999923706055,187.5800018310547,544.5351109397545,62.0
2024-02-08,0.5145289897918701,45301.56640625,2419.906494140625,104.1500015258789,2032.199951171875,3.7054998874664307,15793.7099609375,20.649999618530273,189.55999755859375,548.4280158921704,66.0
2024-02-09,0.5260310173034668,47147.19921875,2487.515625,104.08000183105469,2023.300048828125,3.686000108718872,15990.66015625,20.68000030517578,193.57000732421875,548.9148098618356,72.0
2024-02-10,0.5241119861602783,47771.27734375,2501.228271484375,104.08000183105469,2023.300048828125,3.686000108718872,15990.66015625,20.68000030517578,193.57000732421875,548.9148098618356,74.0
2024-02-11,0.5260840058326721,48293.91796875,2507.570556640625,104.08000183105469,2023.300048828125,3.686000108718872,15990.66015625,20.68000030517578,193.57000732421875,548.9148098618356,71.0
2024-02-12,0.5318970084190369,49958.22265625,2658.115966796875,104.16999816894531,2018.199951171875,3.7284998893737793,15942.5498046875,20.760000228881836,188.1300048828125,541.290065992423,70.0
2024-02-13,0.5248349905014038,49742.44140625,2642.185302734375,104.95999908447266,1992.9000244140625,3.7139999866485596,15655.599609375,20.200000762939453,184.02000427246094,536.5912847545312,79.0
2024-02-14,0.5384010076522827,51826.6953125,2777.90234375,104.72000122070312,1990.300048828125,3.700500011444092,15859.150390625,20.440000534057617,188.7100067138672,537.8462485266756,74.0
2024-02-15,0.5627549886703491,51938.5546875,2824.37890625,104.30000305175781,2002.0999755859375,3.756500005722046,15906.169921875,20.940000534057617,200.4499969482422,532.9695121885429,72.0
2024-02-16,0.5649600028991699,52160.203125,2803.69140625,104.27999877929688,2011.5,3.8380000591278076,15775.650390625,21.389999389648438,199.9499969482422,524.1010862457143,72.0
2024-02-17,0.5498859882354736,51662.99609375,2786.672607421875,104.27999877929688,2011.5,3.8380000591278076,15775.650390625,21.389999389648438,199.9499969482422,524.1010862457143,76.0
2024-02-18,0.5569030046463013,52122.546875,2878.998046875,104.27999877929688,2011.5,3.8380000591278076,15775.650390625,21.389999389648438,199.9499969482422,524.1010862457143,72.0
2024-02-19,0.5625969767570496,51779.14453125,2943.57470703125,104.27999877929688,2011.5,3.8380000591278076,15775.650390625,21.389999389648438,199.9499969482422,524.1010862457143,75.0
2024-02-20,0.5629220008850098,52284.875,3013.503662109375,104.08000183105469,2027.5,3.866499900817871,15630.7802734375,21.06999969482422,193.75999450683594,524.3760641429548,72.0
2024-02-21,0.5490040183067322,51839.1796875,2970.35546875,104.01000213623047,2022.300048828125,3.874500036239624,15580.8701171875,20.959999084472656,194.77000427246094,521.9512272326258,78.0
2024-02-22,0.540913999080658,51304.97265625,2971.00732421875,103.95999908447266,2019.699951171875,3.8975000381469727,16041.6201171875,20.81999969482422,197.41000366210938,518.203959308265,74.0
2024-02-23,0.5345339775085449,50731.94921875,2921.658203125,103.94000244140625,2038.5999755859375,3.881999969482422,15996.8203125,20.989999771118164,191.97000122070312,525.1416773858809,76.0
2024-02-24,0.545117974281311,51571.1015625,2992.385986328125,103.94000244140625,2038.5999755859375,3.881999969482422,15996.8203125,20.989999771118164,191.97000122070312,525.1416773858809,72.0
2024-02-25,0.5424249768257141,51733.23828125,3112.697265625,103.94000244140625,2038.5999755859375,3.881999969482422,15996.8203125,20.989999771118164,191.97000122070312,525.1416773858809,74.0
2024-02-26,0.5514050126075745,54522.40234375,3178.99365234375,103.83000183105469,2028.5,3.8239998817443848,15976.25,20.6200008392334,199.39999389648438,530.4654975759738,72.0
2024-02-27,0.5862579941749573,57085.37109375,3244.519287109375,103.83000183105469,2034.0,3.8310000896453857,16035.2998046875,20.56999969482422,199.72999572753906,530.9318591501981,79.0
2024-02-28,0.5758110284805298,62504.7890625,3385.703857421875,103.9800033569336,2033.0,3.827500104904175,15947.740234375,20.549999237060547,202.0399932861328,531.156092561596,82.0
2024-02-29,0.5863249897956848,61198.3828125,3341.919677734375,104.16000366210938,2045.699951171875,3.8345000743865967,16091.919921875,20.729999542236328,201.8800048828125,533.4984773729923,80.0
2024-03-01,0.6018900275230408,62440.6328125,3435.053955078125,103.86000061035156,2086.89990234375,3.8550000190734863,16274.9404296875,21.170000076293945,202.63999938964844,541.3488695248611,80.0
2024-03-02,0.64485102891922,62029.84765625,3422.0498046875,103.86000061035156,2086.89990234375,3.8550000190734863,16274.9404296875,21.170000076293945,202.63999938964844,541.3488695248611,80.0
2024-03-03,0.6270719766616821,63167.37109375,3490.99365234375,103.86000061035156,2086.89990234375,3.8550000190734863,16274.9404296875,21.170000076293945,202.63999938964844,541.3488695248611,83.0
2024-03-04,0.6501330137252808,68330.4140625,3630.433837890625,103.83000183105469,2117.699951171875,3.8519999980926514,16207.509765625,21.860000610351562,188.13999938964844,549.7663427363632,82.0
2024-03-05,0.5929009914398193,63801.19921875,3554.964599609375,103.80000305175781,2133.5,3.8440001010894775,15939.58984375,21.670000076293945,180.74000549316406,555.0207970585946,90.0
2024-03-06,0.6122530102729797,66106.8046875,3819.226318359375,103.37000274658203,2150.300048828125,3.870500087738037,16031.5400390625,22.100000381469727,176.5399932861328,555.5612970118246,75.0
2024-03-07,0.6286240220069885,66925.484375,3874.34765625,102.81999969482422,2158.0,3.9195001125335693,16273.3798828125,22.239999771118164,178.64999389648438,550.5804153696188,82.0
2024-03-08,0.6219549775123596,68300.09375,3892.06103515625,102.73999786376953,2178.60009765625,3.884999990463257,16085.1103515625,22.229999542236328,175.33999633789062,560.772227285506,81.0
2024-03-09,0.6218050122261047,68498.8828125,3915.4189453125,102.73999786376953,2178.60009765625,3.884999990463257,16085.1103515625,22.229999542236328,175.33999633789062,560.772227285506,84.0
2024-03-10,0.6084319949150085,69019.7890625,3881.193115234375,102.73999786376953,2178.60009765625,3.884999990463257,16085.1103515625,22.229999542236328,175.33999633789062,560.772227285506,79.0
2024-03-11,0.7180359959602356,72123.90625,4066.445068359375,102.87000274658203,2182.5,3.922499895095825,16019.26953125,22.350000381469727,177.77000427246094,556.4053686091131,82.0
2024-03-12,0.6882089972496033,71481.2890625,3980.273193359375,102.95999908447266,2160.39990234375,3.924999952316284,16265.6396484375,22.09000015258789,177.5399932861328,550.4203639719333,81.0
2024-03-13,0.6909499764442444,73083.5,4006.45703125,102.79000091552734,2175.39990234375,4.052499771118164,16177.76953125,22.790000915527344,169.47999572753906,536.8044479231431,81.0
2024-03-14,0.669966995716095,71396.59375,3883.140380859375,103.36000061035156,2163.0,4.0370001792907715,16128.5302734375,22.729999542236328,162.5,535.7938825704982,88.0
2024-03-15,0.6337370276451111,69403.7734375,3735.22021484375,103.43000030517578,2157.300048828125,4.112500190734863,15973.169921875,23.030000686645508,163.57000732421875,524.5714161152748,83.0
2024-03-16,0.6030600070953369,65315.1171875,3522.860107421875,103.43000030517578,2157.300048828125,4.112500190734863,15973.169921875,23.030000686645508,163.57000732421875,524.5714161152748,81.0
2024-03-17,0.6192319989204407,68390.625,3642.4130859375,103.43000030517578,2157.300048828125,4.112500190734863,15973.169921875,23.030000686645508,163.57000732421875,524.5714161152748,79.0
2024-03-18,0.6475650072097778,67548.59375,3517.985107421875,103.58000183105469,2160.699951171875,4.114500045776367,16103.4501953125,22.90999984741211,173.8000030517578,525.1427699921611,77.0
2024-03-19,0.5844410061836243,61912.7734375,3157.6181640625,103.80999755859375,2156.300048828125,4.058499813079834,16166.7900390625,22.790000915527344,171.32000732421875,531.3047057138571,79.0
2024-03-20,0.6121619939804077,67913.671875,3513.39306640625,103.41000366210938,2157.89990234375,4.03849983215332,16369.41015625,23.290000915527344,175.66000366210938,534.3320520068369,74.0
2024-03-21,0.6406909823417664,65491.390625,3492.9912109375,104.0,2182.39990234375,4.046500205993652,16401.83984375,22.649999618530273,172.82000732421875,539.3302338428631,78.0
2024-03-22,0.6109489798545837,63778.76171875,3333.68798828125,104.43000030517578,2158.10009765625,3.996000051498413,16428.8203125,22.559999465942383,170.8300018310547,540.0650825434823,75.0
2024-03-23,0.6175959706306458,64062.203125,3336.593994140625,104.43000030517578,2158.10009765625,3.996000051498413,16428.8203125,22.559999465942383,170.8300018310547,540.0650825434823,73.0
2024-03-24,0.6329500079154968,67234.171875,3454.636474609375,104.43000030517578,2158.10009765625,3.996000051498413,16428.8203125,22.559999465942383,170.8300018310547,540.0650825434823,74.0
2024-03-25,0.6410340070724487,69958.8125,3590.8837890625,104.2300033569336,2174.800048828125,4.006999969482422,16384.470703125,22.579999923706055,172.6300048828125,542.7502034917761,75.0
2024-03-26,0.6322529911994934,69987.8359375,3587.5048828125,104.29000091552734,2175.60009765625,3.996000051498413,16315.7001953125,22.34000015258789,177.6699981689453,544.4444618664224,81.0
2024-03-27,0.6119639873504639,69455.34375,3500.115234375,104.3499984741211,2190.60009765625,3.992500066757202,16399.51953125,22.510000228881836,179.8300018310547,548.6787879844682,83.0
2024-03-28,0.6245539784431458,70744.953125,3561.2939453125,104.55000305175781,2217.39990234375,4.003499984741211,16379.4599609375,22.75,175.7899932861328,553.8653455214348,80.0
2024-03-29,0.6307500004768372,69892.828125,3511.80615234375,104.55000305175781,2217.39990234375,4.003499984741211,16379.4599609375,22.75,175.7899932861328,553.8653455214348,79.0
2024-03-30,0.6218360066413879,69645.3046875,3507.9443359375,104.55000305175781,2217.39990234375,4.003499984741211,16379.4599609375,22.75,175.7899932861328,553.8653455214348,75.0
2024-03-31,0.6292250156402588,71333.6484375,3647.8564453125,104.55000305175781,2217.39990234375,4.003499984741211,16379.4599609375,22.75,175.7899932861328,553.8653455214348,75.0
2024-04-01,0.6112579703330994,69702.1484375,3505.030029296875,105.0199966430664,2236.5,4.046000003814697,16396.830078125,22.860000610351562,175.22000122070312,552.768165568798,79.0
2024-04-02,0.5854660272598267,65446.97265625,3277.234619140625,104.81999969482422,2261.0,4.070000171661377,16240.4501953125,23.84000015258789,166.6300048828125,555.5282320976065,79.0
2024-04-03,0.5749170184135437,65980.8125,3311.44189453125,104.25,2294.39990234375,4.192999839782715,16277.4599609375,24.729999542236328,168.3800048828125,547.1977080883094,71.0
2024-04-04,0.5936560034751892,68508.84375,3330.04052734375,104.12000274658203,2288.800048828125,4.246500015258789,16049.080078125,24.489999771118164,171.11000061035156,538.9850560706147,70.0
2024-04-05,0.5875229835510254,67837.640625,3318.88525390625,104.30000305175781,2325.699951171875,4.239500045776367,16248.51953125,25.030000686645508,164.89999389648438,548.5788244038046,79.0
2024-04-06,0.5933399796485901,68896.109375,3354.183837890625,104.30000305175781,2325.699951171875,4.239500045776367,16248.51953125,25.030000686645508,164.89999389648438,548.5788244038046,75.0
2024-04-07,0.59483402967453,69362.5546875,3453.49462890625,104.30000305175781,2325.699951171875,4.239500045776367,16248.51953125,25.030000686645508,164.89999389648438,548.5788244038046,78.0
2024-04-08,0.6154900193214417,71631.359375,3695.292724609375,104.13999938964844,2331.699951171875,4.2769999504089355,16253.9599609375,25.399999618530273,172.97999572753906,545.1718443318979,76.0
2024-04-09,0.6138169765472412,69139.015625,3505.163330078125,104.1500015258789,2343.5,4.285999774932861,16306.6396484375,25.719999313354492,176.8800048828125,546.7802433649708,80.0
2024-04-10,0.6175609827041626,70587.8828125,3543.737060546875,105.25,2329.60009765625,4.2820000648498535,16170.3603515625,25.450000762939453,171.75999450683594,544.0448534271418,78.0
2024-04-11,0.6088799834251404,70060.609375,3505.247802734375,105.27999877929688,2354.800048828125,4.251999855041504,16442.19921875,26.010000228881836,174.60000610351562,553.8100021419543,76.0
2024-04-12,0.5484139919281006,67195.8671875,3243.034912109375,106.04000091552734,2356.199951171875,4.257500171661377,16175.08984375,25.6299991607666,171.0500030517578,553.4233367399795,79.0
2024-04-13,0.4808189868927002,63821.47265625,3004.900390625,106.04000091552734,2356.199951171875,4.257500171661377,16175.08984375,25.6299991607666,171.0500030517578,553.4233367399795,72.0
2024-04-14,0.5042579770088196,65738.7265625,3156.94189453125,106.04000091552734,2356.199951171875,4.257500171661377,16175.08984375,25.6299991607666,171.0500030517578,553.4233367399795,72.0
2024-04-15,0.4977310001850128,63426.2109375,3101.600341796875,106.20999908447266,2365.800048828125,4.379000186920166,15885.01953125,26.40999984741211,161.47999572753906,540.2603214986472,74.0
2024-04-16,0.49669501185417175,63811.86328125,3084.920166015625,106.26000213623047,2390.800048828125,4.305500030517578,15865.25,25.799999237060547,157.11000061035156,555.289753079091,65.0
2024-04-17,0.4948410093784332,61276.69140625,2984.7275390625,105.94999694824219,2371.699951171875,4.34250020980835,15683.3701171875,25.850000381469727,155.4499969482422,546.1600084243972,67.0
2024-04-18,0.5029829740524292,63512.75390625,3066.027587890625,106.1500015258789,2382.300048828125,4.440499782562256,15601.5,25.860000610351562,149.92999267578125,536.4936753703636,57.0
2024-04-19,0.503786027431488,63843.5703125,3059.278564453125,106.1500015258789,2398.39990234375,4.501999855041504,15282.009765625,26.200000762939453,147.0500030517578,532.7409994600364,66.0
2024-04-20,0.5292930006980896,64994.44140625,3157.627197265625,106.1500015258789,2398.39990234375,4.501999855041504,15282.009765625,26.200000762939453,147.0500030517578,532.7409994600364,66.0
2024-04-21,0.5246800184249878,64926.64453125,3147.28857421875,106.1500015258789,2398.39990234375,4.501999855041504,15282.009765625,26.200000762939453,147.0500030517578,532.7409994600364,72.0
2024-04-22,0.556833028793335,66837.6796875,3201.652099609375,106.08000183105469,2332.199951171875,4.500500202178955,15451.3095703125,24.93000030517578,142.0500030517578,518.2090537497855,73.0
2024-04-23,0.5451589822769165,66407.2734375,3219.91162109375,105.69000244140625,2327.699951171875,4.490499973297119,15696.6396484375,24.989999771118164,144.67999267578125,518.360976508987,71.0
2024-04-24,0.5274040102958679,64276.8984375,3139.80517578125,105.86000061035156,2324.5,4.4670000076293945,15712.75,24.899999618530273,162.1300048828125,520.3716131698858,72.0
2024-04-25,0.5255119800567627,64481.70703125,3156.509521484375,105.5999984741211,2329.800048828125,4.570499897003174,15611.759765625,25.059999465942383,170.17999267578125,509.7473145893186,72.0
2024-04-26,0.5261120200157166,63755.3203125,3130.164794921875,105.94000244140625,2334.800048828125,4.568999767303467,15927.900390625,24.889999389648438,168.2899932861328,511.00901022940474,70.0
2024-04-27,0.5177749991416931,63419.140625,3252.168212890625,105.94000244140625,2334.800048828125,4.568999767303467,15927.900390625,24.889999389648438,168.2899932861328,511.00901022940474,67.0
2024-04-28,0.5103769898414612,63113.23046875,3262.774658203125,105.94000244140625,2334.800048828125,4.568999767303467,15927.900390625,24.889999389648438,168.2899932861328,511.00901022940474,65.0
2024-04-29,0.5154320001602173,63841.12109375,3215.428955078125,105.58000183105469,2345.39990234375,4.658999919891357,15983.080078125,24.829999923706055,194.0500030517578,503.41273721216163,67.0
2024-04-30,0.50006502866745,60636.85546875,3012.286865234375,106.22000122070312,2291.39990234375,4.564499855041504,15657.8203125,24.049999237060547,183.27999877929688,502.0045952708032,67.0
2024-05-01,0.5170000195503235,58254.01171875,2969.78466796875,105.76000213623047,2299.89990234375,4.552499771118164,15605.48046875,24.270000457763672,179.99000549316406,505.1949517789562,54.0
2024-05-02,0.5183290243148804,59123.43359375,2988.16845703125,105.30000305175781,2299.199951171875,4.49399995803833,15840.9599609375,24.360000610351562,180.00999450683594,511.61548122833,43.0
2024-05-03,0.5318940281867981,62889.8359375,3103.5419921875,105.02999877929688,2299.0,4.573500156402588,16156.330078125,24.219999313354492,181.19000244140625,502.67845662617,48.0
2024-05-04,0.5304049849510193,63891.47265625,3117.576416015625,105.02999877929688,2299.0,4.573500156402588,16156.330078125,24.219999313354492,181.19000244140625,502.67845662617,67.0
2024-05-05,0.5297840237617493,64031.1328125,3137.2490234375,105.02999877929688,2299.0,4.573500156402588,16156.330078125,24.219999313354492,181.19000244140625,502.67845662617,69.0
2024-05-06,0.5405470132827759,63161.94921875,3062.728759765625,105.05000305175781,2321.60009765625,4.634500026702881,16349.25,25.06999969482422,184.75999450683594,500.93863076486036,71.0
2024-05-07,0.5247439742088318,62334.81640625,3006.5771484375,105.41000366210938,2315.199951171875,4.625500202178955,16332.5595703125,24.920000076293945,177.80999755859375,500.52964003357806,68.0
2024-05-08,0.5172299742698669,61187.94140625,2973.6572265625,105.55000305175781,2313.60009765625,4.561999797821045,16302.759765625,24.950000762939453,174.72000122070312,507.1460324836705,64.0
2024-05-09,0.521028995513916,63049.9609375,3036.0205078125,105.2300033569336,2332.10009765625,4.607500076293945,16346.259765625,25.860000610351562,171.97000122070312,506.15302420832097,55.0
2024-05-10,0.5023379921913147,60792.77734375,2909.791259765625,105.30999755859375,2367.300048828125,4.69350004196167,16340.8701171875,25.770000457763672,168.47000122070312,504.37840154757964,66.0
2024-05-11,0.5059750080108643,60793.7109375,2911.60205078125,105.30999755859375,2367.300048828125,4.69350004196167,16340.8701171875,25.770000457763672,168.47000122070312,504.37840154757964,53.0
2024-05-12,0.49947500228881836,61448.39453125,2928.701904296875,105.30999755859375,2367.300048828125,4.69350004196167,16340.8701171875,25.770000457763672,168.47000122070312,504.37840154757964,56.0
2024-05-13,0.5049020051956177,62901.44921875,2949.359619140625,105.22000122070312,2336.10009765625,4.804500102996826,16388.240234375,25.799999237060547,171.88999938964844,486.23166772316193,57.0
2024-05-14,0.49988698959350586,61552.7890625,2881.157958984375,105.01000213623047,2353.39990234375,4.953499794006348,16511.1796875,26.1299991607666,177.5500030517578,475.0984153045337,66.0
2024-05-15,0.5190039873123169,66267.4921875,3037.056640625,104.3499984741211,2388.699951171875,4.9695000648498535,16742.390625,27.1200008392334,173.99000549316406,480.67208371070745,64.0
2024-05-16,0.5156980156898499,65231.58203125,2945.131103515625,104.45999908447266,2380.0,4.892000198364258,16698.3203125,27.059999465942383,174.83999633789062,486.5085657183339,70.0
2024-05-17,0.5238040089607239,67051.875,3094.11865234375,104.44999694824219,2412.199951171875,5.057000160217285,16685.970703125,28.790000915527344,177.4600067138672,477.00215043462237,74.0
2024-05-18,0.5213900208473206,66940.8046875,3122.948974609375,104.44999694824219,2412.199951171875,5.057000160217285,16685.970703125,28.790000915527344,177.4600067138672,477.00215043462237,73.0
2024-05-19,0.5096610188484192,66278.3671875,3071.843017578125,104.44999694824219,2412.199951171875,5.057000160217285,16685.970703125,28.790000915527344,177.4600067138672,477.00215043462237,72.0
2024-05-20,0.5373330116271973,71448.1953125,3663.85546875,104.56999969482422,2433.89990234375,5.087500095367432,16794.869140625,28.979999542236328,174.9499969482422,478.4078342445648,70.0
2024-05-21,0.5369830131530762,70136.53125,3789.312744140625,104.66000366210938,2421.699951171875,5.11899995803833,16832.619140625,29.270000457763672,186.60000610351562,473.0806741596269,76.0
2024-05-22,0.5265100002288818,69122.3359375,3737.2177734375,104.94000244140625,2389.199951171875,4.867499828338623,16801.5390625,28.219999313354492,180.11000061035156,490.8474649063024,76.0
2024-05-23,0.5282859802246094,67929.5625,3776.92724609375,105.11000061035156,2335.0,4.816500186920166,16736.029296875,27.549999237060547,173.74000549316406,484.79184249613377,76.0
2024-05-24,0.5357530117034912,68526.1015625,3726.9345703125,104.72000122070312,2332.5,4.778500080108643,16920.7890625,27.739999771118164,179.24000549316406,488.1238800663511,74.0
2024-05-25,0.5418090224266052,69265.9453125,3749.236572265625,104.72000122070312,2332.5,4.778500080108643,16920.7890625,27.739999771118164,179.24000549316406,488.1238800663511,76.0
2024-05-26,0.5282109975814819,68518.09375,3825.8974609375,104.72000122070312,2332.5,4.778500080108643,16920.7890625,27.739999771118164,179.24000549316406,488.1238800663511,75.0
2024-05-27,0.5337719917297363,69394.5546875,3892.0068359375,104.72000122070312,2332.5,4.778500080108643,16920.7890625,27.739999771118164,179.24000549316406,488.1238800663511,74.0
2024-05-28,0.5282350182533264,68296.21875,3840.25634765625,104.61000061035156,2355.199951171875,4.875500202178955,17019.880859375,29.239999771118164,176.75,483.06837319364496,72.0
2024-05-29,0.523248016834259,67578.09375,3763.196533203125,105.0999984741211,2340.300048828125,4.805500030517578,16920.580078125,29.170000076293945,176.19000244140625,487.00448110829836,72.0
2024-05-30,0.5188609957695007,68364.9921875,3746.849609375,104.72000122070312,2342.89990234375,4.671999931335449,16737.080078125,28.420000076293945,178.7899932861328,501.47687002941655,73.0
2024-05-31,0.517799973487854,67491.4140625,3760.026611328125,104.66999816894531,2322.89990234375,4.610000133514404,16735.01953125,27.760000228881836,178.0800018310547,503.88282756358666,73.0
2024-06-01,0.5183129906654358,67706.9375,3813.198974609375,104.66999816894531,2322.89990234375,4.610000133514404,16735.01953125,27.760000228881836,178.0800018310547,503.88282756358666,72.0
2024-06-02,0.5134819746017456,67751.6015625,3780.89599609375,104.66999816894531,2322.89990234375,4.610000133514404,16735.01953125,27.760000228881836,178.0800018310547,503.88282756358666,73.0
2024-06-03,0.5200999975204468,68804.78125,3766.38916015625,104.13999938964844,2346.60009765625,4.677000045776367,16828.669921875,27.889999389648438,176.2899932861328,501.7318953792573,73.0
2024-06-04,0.5257650017738342,70567.765625,3812.515869140625,104.11000061035156,2325.5,4.547999858856201,16857.05078125,27.020000457763672,174.77000427246094,511.32367461964947,73.0
2024-06-05,0.5257109999656677,71082.8203125,3864.260986328125,104.2699966430664,2354.10009765625,4.619500160217285,17187.900390625,27.399999618530273,175.0,509.60060959182243,75.0
2024-06-06,0.5215780138969421,70757.1640625,3811.60595703125,104.0999984741211,2370.300048828125,4.690999984741211,17173.119140625,28.530000686645508,177.94000244140625,505.286731302108,78.0
2024-06-07,0.4989509880542755,69342.5859375,3678.629150390625,104.88999938964844,2305.199951171875,4.494500160217285,17133.130859375,26.670000076293945,177.47999572753906,512.8935073973678,77.0
2024-06-08,0.4931449890136719,69305.7734375,3680.949951171875,104.88999938964844,2305.199951171875,4.494500160217285,17133.130859375,26.670000076293945,177.47999572753906,512.8935073973678,72.0
2024-06-09,0.49858298897743225,69647.9921875,3705.90380859375,104.88999938964844,2305.199951171875,4.494500160217285,17133.130859375,26.670000076293945,177.47999572753906,512.8935073973678,75.0
2024-06-10,0.4966279864311218,69512.28125,3666.717529296875,105.1500015258789,2307.699951171875,4.55649995803833,17192.529296875,27.1200008392334,173.7899932861328,506.4632881430748,72.0
2024-06-11,0.480320006608963,67332.03125,3498.33056640625,105.2300033569336,2307.5,4.5229997634887695,17343.55078125,26.709999084472656,170.66000366210938,510.17026766769794,74.0
2024-06-12,0.49154001474380493,68241.1875,3559.61767578125,104.6500015258789,2336.0,4.581500053405762,17608.439453125,27.030000686645508,177.2899932861328,509.8766720003597,72.0
2024-06-13,0.4770050048828125,66756.3984375,3469.28125,105.19999694824219,2300.199951171875,4.507500171661377,17667.560546875,26.43000030517578,182.47000122070312,510.3050168768082,70.0
2024-06-14,0.47427499294281006,66011.09375,3480.27197265625,105.55000305175781,2331.39990234375,4.551000118255615,17688.880859375,27.010000228881836,178.00999450683594,512.2829799524085,74.0
2024-06-15,0.49069100618362427,66191.0,3565.549560546875,105.55000305175781,2331.39990234375,4.551000118255615,17688.880859375,27.010000228881836,178.00999450683594,512.2829799524085,74.0
2024-06-16,0.4888319969177246,66639.046875,3620.5634765625,105.55000305175781,2331.39990234375,4.551000118255615,17688.880859375,27.010000228881836,178.00999450683594,512.2829799524085,71.0
2024-06-17,0.5051599740982056,66490.296875,3511.37890625,105.31999969482422,2312.39990234375,4.521500110626221,17857.01953125,26.920000076293945,187.44000244140625,511.4231661543598,71.0
2024-06-18,0.49094799160957336,65140.74609375,3483.681396484375,105.26000213623047,2330.39990234375,4.561999797821045,17862.23046875,26.959999084472656,184.86000061035156,510.82858518687846,74.0
2024-06-19,0.49324101209640503,64960.296875,3559.347412109375,105.26000213623047,2330.39990234375,4.561999797821045,17862.23046875,26.959999084472656,184.86000061035156,510.82858518687846,64.0
2024-06-20,0.4887160062789917,64828.65625,3511.0869140625,105.58999633789062,2353.800048828125,4.618000030517578,17721.58984375,28.0,181.57000732421875,509.70117654250316,60.0
2024-06-21,0.4889560043811798,64096.19921875,3516.07568359375,105.80000305175781,2316.39990234375,4.49399995803833,17689.359375,26.979999542236328,183.00999450683594,515.4427957215377,63.0
2024-06-22,0.4866209924221039,64252.578125,3494.8134765625,105.80000305175781,2316.39990234375,4.49399995803833,17689.359375,26.979999542236328,183.00999450683594,515.4427957215377,53.0
2024-06-23,0.4794889986515045,63180.796875,3418.61181640625,105.80000305175781,2316.39990234375,4.49399995803833,17689.359375,26.979999542236328,183.00999450683594,515.4427957215377,55.0
2024-06-24,0.47414299845695496,60277.4140625,3350.25634765625,105.47000122070312,2330.0,4.5269999504089355,17496.8203125,27.0,182.5800018310547,514.6896455763215,51.0
2024-06-25,0.4756850004196167,61804.640625,3395.029052734375,105.61000061035156,2316.60009765625,4.38100004196167,17717.650390625,26.399999618530273,187.35000610351562,528.7834000154338,30.0
2024-06-26,0.46959999203681946,60811.27734375,3369.477294921875,106.05000305175781,2299.199951171875,4.367499828338623,17805.16015625,26.309999465942383,196.3699951171875,526.4338961740681,46.0
2024-06-27,0.47465500235557556,61604.80078125,3444.800537109375,105.91000366210938,2324.5,4.328499794006348,17858.6796875,26.450000762939453,197.4199981689453,537.0220886272707,40.0
2024-06-28,0.4708850085735321,60320.13671875,3373.635986328125,105.87000274658203,2327.699951171875,4.390500068664551,17732.599609375,26.56999969482422,197.8800048828125,530.1673874884796,47.0
2024-06-29,0.471994012594223,60887.37890625,3372.9677734375,105.87000274658203,2327.699951171875,4.390500068664551,17732.599609375,26.56999969482422,197.8800048828125,530.1673874884796,30.0
2024-06-30,0.4754830002784729,62678.29296875,3432.88916015625,105.87000274658203,2327.699951171875,4.390500068664551,17732.599609375,26.56999969482422,197.8800048828125,530.1673874884796,47.0
2024-07-01,0.4766409993171692,62851.98046875,3440.341552734375,105.9000015258789,2327.60009765625,4.426499843597412,17879.30078125,26.850000381469727,209.86000061035156,525.8330915843005,53.0
2024-07-02,0.48451998829841614,62029.015625,3416.354736328125,105.72000122070312,2323.0,4.429500102996826,18028.759765625,26.969999313354492,231.25999450683594,524.4384120068875,51.0
2024-07-03,0.4667600095272064,60173.921875,3292.916748046875,105.4000015258789,2359.800048828125,4.540999889373779,18188.30078125,27.84000015258789,246.38999938964844,519.6652953791528,50.0
2024-07-04,0.43357399106025696,56977.703125,3054.52197265625,105.4000015258789,2359.800048828125,4.540999889373779,18188.30078125,27.84000015258789,246.38999938964844,519.6652953791528,44.0
2024-07-05,0.42549198865890503,56662.375,2981.5986328125,104.87999725341797,2388.5,4.6585001945495605,18352.759765625,28.479999542236328,251.52000427246094,512.7186648601071,29.0
2024-07-06,0.44905298948287964,58303.5390625,3069.3779296875,104.87999725341797,2388.5,4.6585001945495605,18352.759765625,28.479999542236328,251.52000427246094,512.7186648601071,26.0
2024-07-07,0.4198229908943176,55849.109375,2929.38720703125,104.87999725341797,2388.5,4.6585001945495605,18352.759765625,28.479999542236328,251.52000427246094,512.7186648601071,29.0
2024-07-08,0.4314799904823303,56705.09765625,3018.73193359375,105.01000213623047,2355.199951171875,4.622000217437744,18403.740234375,28.1299991607666,252.94000244140625,509.562925221476,28.0
2024-07-09,0.435916006565094,58009.2265625,3064.032958984375,105.12000274658203,2360.10009765625,4.578000068664551,18429.2890625,28.1200008392334,262.3299865722656,515.5308130750456,27.0
2024-07-10,0.4390380084514618,57742.49609375,3102.21875,105.05000305175781,2372.199951171875,4.607500076293945,18647.44921875,28.15999984741211,263.260009765625,514.8561935738393,28.0
2024-07-11,0.4490410089492798,57344.9140625,3100.330810546875,104.44000244140625,2415.0,4.508500099182129,18283.41015625,28.68000030517578,241.02999877929688,535.6548623428214,29.0
2024-07-12,0.4747300148010254,57899.46484375,3134.15869140625,104.08999633789062,2414.0,4.598499774932861,18398.44921875,28.1200008392334,248.22999572753906,524.9538149722416,25.0
2024-07-13,0.526328980922699,59231.953125,3177.19873046875,104.08999633789062,2414.0,4.598499774932861,18398.44921875,28.1200008392334,248.22999572753906,524.9538149722416,25.0
2024-07-14,0.52286297082901,60787.79296875,3244.0791015625,104.08999633789062,2414.0,4.598499774932861,18398.44921875,28.1200008392334,248.22999572753906,524.9538149722416,33.0
2024-07-15,0.5378779768943787,64870.15234375,3489.552734375,104.19000244140625,2422.89990234375,4.5289998054504395,18472.5703125,28.030000686645508,252.63999938964844,534.9746094994094,52.0
2024-07-16,0.5793759822845459,65097.1484375,3443.513427734375,104.2699966430664,2462.39990234375,4.443999767303467,18509.33984375,28.610000610351562,256.55999755859375,554.0954165796203,65.0
2024-07-17,0.6264860033988953,64118.79296875,3388.75244140625,103.75,2454.800048828125,4.39900016784668,17996.919921875,27.670000076293945,248.5,558.0359070615256,69.0
2024-07-18,0.5695739984512329,63974.06640625,3426.258544921875,104.16999816894531,2451.800048828125,4.265999794006348,17871.220703125,27.200000762939453,249.22999572753906,574.7304658272276,61.0
2024-07-19,0.5737519860267639,66710.15625,3505.73486328125,104.4000015258789,2395.5,4.218999862670898,17726.939453125,26.690000534057617,239.1999969482422,567.7885939734291,60.0
2024-07-20,0.5946509838104248,67163.6484375,3519.29541015625,104.4000015258789,2395.5,4.218999862670898,17726.939453125,26.690000534057617,239.1999969482422,567.7885939734291,74.0
2024-07-21,0.5974670052528381,68154.5234375,3536.60546875,104.4000015258789,2395.5,4.218999862670898,17726.939453125,26.690000534057617,239.1999969482422,567.7885939734291,74.0
2024-07-22,0.6076369881629944,67585.25,3440.419921875,104.30999755859375,2392.0,4.180500030517578,18007.5703125,26.6299991607666,251.50999450683594,572.1803570239065,70.0
2024-07-23,0.5974569916725159,65927.671875,3481.995849609375,104.44999694824219,2404.60009765625,4.145999908447266,17997.349609375,26.68000030517578,246.3800048828125,579.9807406548656,71.0
2024-07-24,0.6188430190086365,65372.1328125,3336.33935546875,104.38999938964844,2413.300048828125,4.098999977111816,17342.41015625,26.43000030517578,215.99000549316406,588.7533696764139,69.0
2024-07-25,0.5998160243034363,65777.2265625,3174.42724609375,104.36000061035156,2351.89990234375,4.112500190734863,17181.720703125,25.40999984741211,220.25,571.890527237517,68.0
2024-07-26,0.6040679812431335,67912.0625,3275.951416015625,104.31999969482422,2380.0,4.104499816894531,17357.880859375,25.479999542236328,219.8000030517578,579.8514084965194,68.0
2024-07-27,0.5967950224876404,67813.3359375,3247.60791015625,104.31999969482422,2380.0,4.104499816894531,17357.880859375,25.479999542236328,219.8000030517578,579.8514084965194,72.0
2024-07-28,0.601947009563446,68255.8671875,3271.464599609375,104.31999969482422,2380.0,4.104499816894531,17357.880859375,25.479999542236328,219.8000030517578,579.8514084965194,71.0
2024-07-29,0.6020860075950623,66819.9140625,3320.539306640625,104.55999755859375,2377.300048828125,4.061999797821045,17370.19921875,25.440000534057617,232.10000610351562,585.2536108207997,74.0
2024-07-30,0.6278769969940186,66201.015625,3278.667724609375,104.55000305175781,2405.0,4.063000202178955,17147.419921875,25.829999923706055,222.6199951171875,591.9271179731218,67.0
2024-07-31,0.6239389777183533,64619.25,3231.295654296875,104.0999984741211,2426.5,4.159999847412109,17599.400390625,26.389999389648438,232.07000732421875,583.2932906258396,61.0
2024-08-01,0.5964639782905579,65357.5,3201.564453125,104.41999816894531,2435.0,4.066500186920166,17194.150390625,26.030000686645508,216.86000061035156,598.7950050591758,52.0
2024-08-02,0.5607709884643555,61415.06640625,2986.01318359375,103.20999908447266,2425.699951171875,4.084000110626221,16776.16015625,26.040000915527344,207.6699981689453,593.9519797906984,57.0
2024-08-03,0.5563910007476807,60680.09375,2903.3857421875,103.20999908447266,2425.699951171875,4.084000110626221,16776.16015625,26.040000915527344,207.6699981689453,593.9519797906984,37.0
2024-08-04,0.5233960151672363,58116.9765625,2686.39892578125,103.20999908447266,2425.699951171875,4.084000110626221,16776.16015625,26.040000915527344,207.6699981689453,593.9519797906984,34.0
2024-08-05,0.48946601152420044,53991.45703125,2417.206298828125,102.69000244140625,2401.699951171875,3.9839999675750732,16200.080078125,24.860000610351562,198.8800048828125,602.836338031827,26.0
2024-08-06,0.5056970119476318,56034.31640625,2458.723876953125,102.97000122070312,2389.10009765625,4.011499881744385,16366.849609375,24.639999389648438,200.63999938964844,595.562798974173,17.0
2024-08-07,0.6008099913597107,55027.4609375,2336.58935546875,103.19999694824219,2390.5,3.9375,16195.8095703125,24.329999923706055,191.75999450683594,607.1111111111111,29.0
2024-08-08,0.6175770163536072,61710.13671875,2683.352783203125,103.20999908447266,2422.199951171875,3.944999933242798,16660.01953125,25.010000228881836,198.83999633789062,613.99239345001,20.0
2024-08-09,0.5811529755592346,60880.11328125,2599.5986328125,103.13999938964844,2432.10009765625,3.9800000190734863,16745.30078125,25.0,200.0,611.0804236182954,48.0
2024-08-10,0.585578978061676,60945.8125,2610.02294921875,103.13999938964844,2432.10009765625,3.9800000190734863,16745.30078125,25.0,200.0,611.0804236182954,40.0
2024-08-11,0.5529320240020752,58719.484375,2553.252197265625,103.13999938964844,2432.10009765625,3.9800000190734863,16745.30078125,25.0,200.0,611.0804236182954,39.0
2024-08-12,0.5687680244445801,59354.515625,2724.431884765625,103.13999938964844,2462.39990234375,4.054999828338623,16780.609375,25.489999771118164,197.49000549316406,607.2503098853698,25.0
2024-08-13,0.576399028301239,60609.56640625,2703.671875,102.55999755859375,2466.699951171875,4.035999774932861,17187.609375,25.420000076293945,207.8300018310547,611.174452112775,31.0
2024-08-14,0.5691919922828674,58737.26953125,2662.914794921875,102.56999969482422,2439.39990234375,4.025000095367432,17192.599609375,25.1299991607666,201.3800048828125,606.0620731789234,30.0
2024-08-15,0.5609549880027771,57560.09765625,2570.087646484375,102.9800033569336,2453.10009765625,4.138999938964844,17594.5,25.860000610351562,214.13999938964844,592.6794234913098,29.0
2024-08-16,0.564516007900238,58894.10546875,2593.1865234375,102.45999908447266,2498.60009765625,4.127500057220459,17631.720703125,26.43000030517578,216.1199951171875,605.3543459764013,27.0
2024-08-17,0.5663189888000488,59478.97265625,2614.546875,102.45999908447266,2498.60009765625,4.127500057220459,17631.720703125,26.43000030517578,216.1199951171875,605.3543459764013,25.0
2024-08-18,0.5638750195503235,58483.96484375,2613.357177734375,102.45999908447266,2498.60009765625,4.127500057220459,17631.720703125,26.43000030517578,216.1199951171875,605.3543459764013,31.0
2024-08-19,0.5986059904098511,59493.453125,2637.306396484375,101.88999938964844,2501.800048828125,4.166500091552734,17876.76953125,26.829999923706055,222.72000122070312,600.456016765807,28.0
2024-08-20,0.5944280028343201,59012.79296875,2573.10693359375,101.44000244140625,2511.300048828125,4.149499893188477,17816.939453125,26.8700008392334,221.10000610351562,605.2054737850449,30.0
2024-08-21,0.6002749800682068,61175.19140625,2631.3955078125,101.04000091552734,2508.39990234375,4.18149995803833,17918.990234375,26.950000762939453,223.27000427246094,599.88040835005,26.0
2024-08-22,0.5976009964942932,60381.9140625,2622.951416015625,101.51000213623047,2478.89990234375,4.140999794006348,17619.349609375,26.389999389648438,210.66000366210938,598.6235270843749,39.0
2024-08-23,0.6112390160560608,64094.35546875,2764.447021484375,100.72000122070312,2508.39990234375,4.194499969482422,17877.7890625,27.200000762939453,220.32000732421875,598.021199331007,34.0
2024-08-24,0.6131100058555603,64178.9921875,2769.3896484375,100.72000122070312,2508.39990234375,4.194499969482422,17877.7890625,27.200000762939453,220.32000732421875,598.021199331007,56.0
2024-08-25,0.6001840233802795,64333.54296875,2749.15771484375,100.72000122070312,2508.39990234375,4.194499969482422,17877.7890625,27.200000762939453,220.32000732421875,598.021199331007,54.0
2024-08-26,0.5874699950218201,62880.66015625,2681.340576171875,100.8499984741211,2517.699951171875,4.21150016784668,17725.76953125,27.31999969482422,213.2100067138672,597.8154697448732,55.0
2024-08-27,0.5675539970397949,59504.1328125,2458.7265625,100.55000305175781,2516.0,4.230500221252441,17754.8203125,27.360000610351562,209.2100067138672,594.7287243623255,48.0
2024-08-28,0.5698500275611877,59027.625,2528.41552734375,101.08999633789062,2501.0,4.144999980926514,17556.029296875,26.690000534057617,205.75,603.3775661057934,30.0
2024-08-29,0.5620549917221069,59388.1796875,2528.792724609375,101.33999633789062,2525.699951171875,4.147500038146973,17516.4296875,26.809999465942383,206.27999877929688,608.9692412155616,29.0
2024-08-30,0.5670310258865356,59119.4765625,2525.822021484375,101.69999694824219,2493.800048828125,4.144999980926514,17713.619140625,26.350000381469727,214.11000061035156,601.6405453084458,34.0
2024-08-31,0.5663130283355713,58969.8984375,2513.393798828125,101.69999694824219,2493.800048828125,4.144999980926514,17713.619140625,26.350000381469727,214.11000061035156,601.6405453084458,29.0
2024-09-01,0.5479900240898132,57325.48828125,2427.90234375,101.69999694824219,2493.800048828125,4.144999980926514,17713.619140625,26.350000381469727,214.11000061035156,601.6405453084458,26.0
2024-09-02,0.5675870180130005,59112.48046875,2538.187255859375,101.69999694824219,2493.800048828125,4.144999980926514,17713.619140625,26.350000381469727,214.11000061035156,601.6405453084458,26.0
2024-09-03,0.5573909878730774,57431.0234375,2420.603759765625,101.83000183105469,2489.89990234375,4.0320000648498535,17136.30078125,25.579999923706055,210.60000610351562,617.534688069622,26.0
2024-09-04,0.5581759810447693,57971.5390625,2448.97705078125,101.36000061035156,2493.39990234375,4.019499778747559,17084.30078125,25.68000030517578,219.41000366210938,620.3259210330575,27.0
2024-09-05,0.5441960096359253,56160.48828125,2367.737548828125,101.11000061035156,2511.39990234375,4.077499866485596,17127.66015625,26.229999542236328,230.1699981689453,615.9166117909233,29.0
2024-09-06,0.5213469862937927,53948.75390625,2223.87646484375,101.18000030517578,2493.5,4.014500141143799,16690.830078125,25.479999542236328,210.72999572753906,621.1234057372732,22.0
2024-09-07,0.5250920057296753,54139.6875,2274.107177734375,101.18000030517578,2493.5,4.014500141143799,16690.830078125,25.479999542236328,210.72999572753906,621.1234057372732,23.0
2024-09-08,0.5292909741401672,54841.56640625,2297.29296875,101.18000030517578,2493.5,4.014500141143799,16690.830078125,25.479999542236328,210.72999572753906,621.1234057372732,29.0
2024-09-09,0.5396379828453064,57019.53515625,2358.482177734375,101.55000305175781,2501.800048828125,4.084499835968018,16884.599609375,25.850000381469727,216.27000427246094,612.5107477780579,26.0
2024-09-10,0.5410779714584351,57648.7109375,2389.5810546875,101.62999725341797,2512.300048828125,4.040500164031982,17025.880859375,25.940000534057617,226.1699981689453,621.779469579608,33.0
2024-09-11,0.5353119969367981,57343.171875,2339.841552734375,101.68000030517578,2512.10009765625,4.083000183105469,17395.529296875,26.1200008392334,228.1300048828125,615.2583847658768,37.0
2024-09-12,0.5625759959220886,58127.01171875,2361.78173828125,101.37000274658203,2551.199951171875,4.132999897003174,17569.6796875,27.270000457763672,229.80999755859375,617.2755903095334,31.0
2024-09-13,0.5731490254402161,60571.30078125,2441.607177734375,101.11000061035156,2581.300048828125,4.175000190734863,17683.98046875,28.020000457763672,230.2899932861328,618.2754325512443,32.0
2024-09-14,0.5961989760398865,60005.12109375,2418.595703125,101.11000061035156,2581.300048828125,4.175000190734863,17683.98046875,28.020000457763672,230.2899932861328,618.2754325512443,50.0
2024-09-15,0.5709750056266785,59182.8359375,2320.897216796875,101.11000061035156,2581.300048828125,4.175000190734863,17683.98046875,28.020000457763672,230.2899932861328,618.2754325512443,51.0
2024-09-16,0.585407018661499,58192.5078125,2295.28369140625,100.76000213623047,2580.39990234375,4.2129998207092285,17592.130859375,28.06999969482422,226.77999877929688,612.485167851101,39.0
2024-09-17,0.5845019817352295,60308.5390625,2341.707763671875,100.88999938964844,2564.300048828125,4.213500022888184,17628.060546875,27.959999084472656,227.8699951171875,608.5914405834989,33.0
2024-09-18,0.585250973701477,61649.6796875,2369.72900390625,100.5999984741211,2570.699951171875,4.23799991607666,17573.30078125,27.239999771118164,227.1999969482422,606.58329449702,45.0
2024-09-19,0.5873709917068481,62940.45703125,2464.752197265625,100.61000061035156,2588.0,4.285999774932861,18013.98046875,28.09000015258789,243.9199981689453,603.8264432807956,49.0
2024-09-20,0.5851709842681885,63192.9765625,2561.072021484375,100.72000122070312,2619.89990234375,4.281499862670898,17948.3203125,28.40999984741211,238.25,611.911710002811,54.0
2024-09-21,0.5981410145759583,63394.83984375,2615.857177734375,100.72000122070312,2619.89990234375,4.281499862670898,17948.3203125,28.40999984741211,238.25,611.911710002811,54.0
2024-09-22,0.5876209735870361,63648.7109375,2582.862548828125,100.72000122070312,2619.89990234375,4.281499862670898,17948.3203125,28.40999984741211,238.25,611.911710002811,52.0
2024-09-23,0.5850650072097778,63329.80078125,2648.54638671875,100.91999816894531,2626.5,4.289000034332275,17974.26953125,27.979999542236328,250.0,612.3805033750488,50.0
2024-09-24,0.591543972492218,64301.96875,2654.35498046875,100.37000274658203,2651.199951171875,4.429500102996826,18074.51953125,29.3799991607666,254.27000427246094,598.5325408115866,54.0
2024-09-25,0.5835409760475159,63143.14453125,2579.388671875,100.91999816894531,2659.199951171875,4.427999973297119,18082.2109375,29.059999465942383,257.0199890136719,600.5419980144708,59.0
2024-09-26,0.5904210209846497,65181.01953125,2632.199951171875,100.55999755859375,2669.89990234375,4.580999851226807,18190.2890625,29.260000228881836,254.22000122070312,582.8203425129434,50.0
2024-09-27,0.5889269709587097,65790.6640625,2695.900634765625,100.41999816894531,2644.300048828125,4.540999889373779,18119.58984375,28.860000610351562,260.4599914550781,582.3166952758468,61.0
2024-09-28,0.6148009896278381,65887.6484375,2677.5390625,100.41999816894531,2644.300048828125,4.540999889373779,18119.58984375,28.860000610351562,260.4599914550781,582.3166952758468,64.0
2024-09-29,0.6419469714164734,65635.3046875,2659.346923828125,100.41999816894531,2644.300048828125,4.540999889373779,18119.58984375,28.860000610351562,260.4599914550781,582.3166952758468,63.0
2024-09-30,0.6114919781684875,63329.5,2603.062744140625,100.77999877929688,2636.10009765625,4.495999813079834,18189.169921875,28.40999984741211,261.6300048828125,586.3212204740903,61.0
2024-10-01,0.5975300073623657,60837.0078125,2448.921142578125,101.19000244140625,2667.300048828125,4.5355000495910645,17910.359375,28.579999923706055,258.0199890136719,588.0939300328346,50.0
2024-10-02,0.5398309826850891,60632.78515625,2365.231689453125,101.68000030517578,2647.10009765625,4.5960001945495605,17925.119140625,29.0,249.02000427246094,575.957351088773,42.0
2024-10-03,0.5219529867172241,60759.40234375,2349.791259765625,101.98999786376953,2657.10009765625,4.501999855041504,17918.48046875,29.229999542236328,240.66000366210938,590.2043943161686,37.0
2024-10-04,0.5343409776687622,62067.4765625,2414.7939453125,102.5199966430664,2645.800048828125,4.522500038146973,18137.849609375,29.360000610351562,250.0800018310547,585.0304093998864,41.0
2024-10-05,0.5294960141181946,62089.94921875,2415.6318359375,102.5199966430664,2645.800048828125,4.522500038146973,18137.849609375,29.360000610351562,250.0800018310547,585.0304093998864,49.0
2024-10-06,0.5335919857025146,62818.953125,2439.957763671875,102.5199966430664,2645.800048828125,4.522500038146973,18137.849609375,29.360000610351562,250.0800018310547,585.0304093998864,50.0
2024-10-07,0.5299339890480042,62236.66015625,2421.796630859375,102.54000091552734,2644.800048828125,4.519000053405762,17923.900390625,28.93000030517578,240.8300018310547,585.2622300446448,50.0
2024-10-08,0.5308679938316345,62131.96875,2439.8408203125,102.55000305175781,2615.0,4.4120001792907715,18182.919921875,28.010000228881836,244.5,592.7016984891332,49.0
2024-10-09,0.5243319869041443,60582.1015625,2368.283447265625,102.93000030517578,2606.0,4.355000019073486,18291.619140625,27.860000610351562,241.0500030517578,598.3926495032298,49.0
2024-10-10,0.529977023601532,60274.5,2383.85791015625,102.98999786376953,2620.60009765625,4.385000228881836,18282.05078125,28.3799991607666,238.77000427246094,597.6282692976042,39.0
2024-10-11,0.5382969975471497,62445.08984375,2436.513427734375,102.88999938964844,2657.60009765625,4.451499938964844,18342.939453125,28.799999237060547,217.8000030517578,597.0122731876867,32.0
2024-10-12,0.5395600199699402,63193.0234375,2476.523193359375,102.88999938964844,2657.60009765625,4.451499938964844,18342.939453125,28.799999237060547,217.8000030517578,597.0122731876867,49.0
2024-10-13,0.5315399765968323,62851.375,2467.677001953125,102.88999938964844,2657.60009765625,4.451499938964844,18342.939453125,28.799999237060547,217.8000030517578,597.0122731876867,50.0
2024-10-14,0.5480210185050964,66046.125,2628.89990234375,103.30000305175781,2647.800048828125,4.363500118255615,18502.689453125,28.540000915527344,219.16000366210938,606.8064574469701,48.0
2024-10-15,0.5414519906044006,67041.109375,2606.02197265625,103.26000213623047,2661.39990234375,4.30049991607666,18315.58984375,28.709999084472656,219.57000732421875,618.8582616626909,65.0
2024-10-16,0.5480449795722961,67612.71875,2611.10205078125,103.58999633789062,2674.0,4.331500053405762,18367.080078125,28.90999984741211,221.3300018310547,617.3380969711621,73.0
2024-10-17,0.5436580181121826,67399.8359375,2604.2734375,103.83000183105469,2691.0,4.286499977111816,18373.609375,28.889999389648438,220.88999938964844,627.7849094526669,71.0
2024-10-18,0.5465409755706787,68418.7890625,2641.55224609375,103.48999786376953,2713.699951171875,4.3460001945495605,18489.55078125,30.639999389648438,220.6999969482422,624.4132143793278,73.0
2024-10-19,0.5442569851875305,68362.734375,2648.656982421875,103.48999786376953,2713.699951171875,4.3460001945495605,18489.55078125,30.639999389648438,220.6999969482422,624.4132143793278,72.0
2024-10-20,0.547652006149292,69001.703125,2746.364013671875,103.48999786376953,2713.699951171875,4.3460001945495605,18489.55078125,30.639999389648438,220.6999969482422,624.4132143793278,73.0
2024-10-21,0.5448629856109619,67367.8515625,2665.712158203125,104.01000213623047,2723.10009765625,4.322999954223633,18540.009765625,30.850000381469727,218.85000610351562,629.9098141316755,72.0
2024-10-22,0.5333790183067322,67361.40625,2620.197509765625,104.08000183105469,2744.199951171875,4.3480000495910645,18579.76953125,31.739999771118164,217.97000122070312,631.1407359413372,70.0
2024-10-23,0.525210976600647,66432.1953125,2509.098876953125,104.43000030517578,2714.39990234375,4.304500102996826,18276.650390625,30.709999084472656,213.64999389648438,630.5958502484327,71.0
2024-10-24,0.5317609906196594,68161.0546875,2534.49853515625,104.05999755859375,2734.89990234375,4.319499969482422,18415.490234375,30.690000534057617,260.4800109863281,633.1519670485044,69.0
2024-10-25,0.5019189715385437,66642.4140625,2435.93408203125,104.26000213623047,2740.89990234375,4.3394999504089355,18518.609375,30.6299991607666,269.19000244140625,631.6165303989598,72.0
2024-10-26,0.5127609968185425,67014.6953125,2479.603271484375,104.26000213623047,2740.89990234375,4.3394999504089355,18518.609375,30.6299991607666,269.19000244140625,631.6165303989598,72.0
2024-10-27,0.516381025314331,67929.296875,2505.940673828125,104.26000213623047,2740.89990234375,4.3394999504089355,18518.609375,30.6299991607666,269.19000244140625,631.6165303989598,74.0
2024-10-28,0.5192270278930664,69907.7578125,2565.34814453125,104.31999969482422,2742.89990234375,4.331999778747559,18567.189453125,30.729999542236328,262.510009765625,633.1717549479563,72.0
2024-10-29,0.5279160141944885,72720.4921875,2637.95751953125,104.27999877929688,2768.39990234375,4.332499980926514,18712.75,31.389999389648438,259.5199890136719,638.9844003534703,72.0
2024-10-30,0.5229740142822266,72339.5390625,2657.37255859375,103.98999786376953,2788.5,4.327499866485596,18607.9296875,30.809999465942383,257.54998779296875,644.3674375580207,77.0
2024-10-31,0.5092369914054871,70215.1875,2515.79931640625,103.9800033569336,2738.300048828125,4.313499927520752,18095.150390625,29.809999465942383,249.85000610351562,634.8209330797424,77.0
2024-11-01,0.5128679871559143,69482.46875,2511.885498046875,104.27999877929688,2738.60009765625,4.347499847412109,18239.919921875,29.540000915527344,248.97999572753906,629.9252889649732,75.0
2024-11-02,0.509850025177002,69289.2734375,2491.068603515625,104.27999877929688,2738.60009765625,4.347499847412109,18239.919921875,29.540000915527344,248.97999572753906,629.9252889649732,72.0
2024-11-03,0.5029309988021851,68741.1171875,2456.42529296875,104.27999877929688,2738.60009765625,4.347499847412109,18239.919921875,29.540000915527344,248.97999572753906,629.9252889649732,74.0
2024-11-04,0.5032259821891785,67811.5078125,2397.0263671875,103.88999938964844,2736.10009765625,4.4070000648498535,18179.98046875,29.6299991607666,242.83999633789062,620.8532011331996,70.0
2024-11-05,0.5140290260314941,69359.5625,2422.650634765625,103.41999816894531,2740.300048828125,4.450500011444092,18439.169921875,29.75,251.44000244140625,615.7285792117,70.0
2024-11-06,0.5424270033836365,75639.078125,2724.169189453125,105.08999633789062,2667.60009765625,4.222499847412109,18983.470703125,28.43000030517578,288.5299987792969,631.7584829022959,70.0
2024-11-07,0.5547320246696472,75904.859375,2895.58544921875,104.51000213623047,2698.39990234375,4.409999847412109,19269.4609375,29.110000610351562,296.9100036621094,611.8820851949085,77.0
2024-11-08,0.554078996181488,76545.4765625,2962.296630859375,105.0,2687.5,4.286499977111816,19286.779296875,28.479999542236328,321.2200012207031,626.9683924764184,75.0
2024-11-09,0.559486985206604,76778.8671875,3131.14453125,105.0,2687.5,4.286499977111816,19286.779296875,28.479999542236328,321.2200012207031,626.9683924764184,75.0
2024-11-10,0.589381992816925,80474.1875,3191.331298828125,105.0,2687.5,4.286499977111816,19286.779296875,28.479999542236328,321.2200012207031,626.9683924764184,78.0
2024-11-11,0.6204670071601868,88701.484375,3374.81298828125,105.54000091552734,2611.199951171875,4.210999965667725,19298.759765625,27.969999313354492,350.0,620.0902333082364,76.0
2024-11-12,0.7076990008354187,87955.8125,3246.25732421875,106.0199966430664,2600.0,4.119500160217285,19281.400390625,28.06999969482422,328.489990234375,631.144531831469,80.0
2024-11-13,0.6902880072593689,90584.1640625,3192.595947265625,106.4800033569336,2580.800048828125,4.065999984741211,19230.720703125,27.610000610351562,330.239990234375,634.7270188178285,84.0
2024-11-14,0.7730069756507874,87250.4296875,3058.94873046875,106.66999816894531,2568.199951171875,4.072999954223633,19107.650390625,27.809999465942383,311.17999267578125,630.5425926923213,88.0
2024-11-15,0.8920909762382507,91066.0078125,3103.04052734375,106.69000244140625,2565.699951171875,4.051000118255615,18680.119140625,27.56999969482422,320.7200012207031,633.3497596333522,80.0
2024-11-16,1.119089961051941,90558.4765625,3133.27392578125,106.69000244140625,2565.699951171875,4.051000118255615,18680.119140625,27.56999969482422,320.7200012207031,633.3497596333522,86.0
2024-11-17,1.0543349981307983,89845.8515625,3075.66162109375,106.69000244140625,2565.699951171875,4.051000118255615,18680.119140625,27.56999969482422,320.7200012207031,633.3497596333522,90.0
2024-11-18,1.1179360151290894,90542.640625,3207.8564453125,106.27999877929688,2610.60009765625,4.107999801635742,18791.810546875,28.3799991607666,338.739990234375,635.4917779248065,83.0
2024-11-19,1.1019469499588013,92343.7890625,3111.384033203125,106.20999908447266,2627.10009765625,4.130000114440918,18987.470703125,28.5,346.0,636.1017009346701,90.0
2024-11-20,1.102301001548767,94339.4921875,3072.18798828125,106.68000030517578,2648.199951171875,4.143499851226807,18966.140625,28.100000381469727,342.0299987792969,639.1215267904007,83.0
2024-11-21,1.2503520250320435,98504.7265625,3361.053955078125,106.97000122070312,2672.10009765625,4.11299991607666,18972.419921875,28.040000915527344,339.6400146484375,649.6718094283681,82.0
2024-11-22,1.4690190553665161,98997.6640625,3331.600830078125,107.48999786376953,2709.89990234375,4.073999881744385,19003.650390625,28.469999313354492,352.55999755859375,665.1693620529608,94.0
2024-11-23,1.469007968902588,97777.28125,3396.223388671875,107.48999786376953,2709.89990234375,4.073999881744385,19003.650390625,28.469999313354492,352.55999755859375,665.1693620529608,93.0
2024-11-24,1.4324109554290771,98013.8203125,3363.659912109375,107.48999786376953,2709.89990234375,4.073999881744385,19003.650390625,28.469999313354492,352.55999755859375,665.1693620529608,80.0
2024-11-25,1.415423035621643,93102.296875,3413.5439453125,106.81999969482422,2616.800048828125,4.0914998054504395,19054.83984375,27.6299991607666,338.5899963378906,639.569882257403,82.0
2024-11-26,1.4013229608535767,91985.3203125,3326.517333984375,107.01000213623047,2620.300048828125,4.039000034332275,19174.30078125,27.799999237060547,338.2300109863281,648.7496970921197,79.0
2024-11-27,1.4728120565414429,95962.53125,3657.249267578125,106.08000183105469,2639.89990234375,4.066999912261963,19060.48046875,27.450000762939453,332.8900146484375,649.1025225706248,75.0
2024-11-28,1.5413429737091064,95652.46875,3579.8115234375,106.08000183105469,2639.89990234375,4.066999912261963,19060.48046875,27.450000762939453,332.8900146484375,649.1025225706248,77.0
2024-11-29,1.7967309951782227,97461.5234375,3593.494384765625,105.73999786376953,2657.0,4.08050012588501,19218.169921875,27.920000076293945,345.1600036621094,651.1456728416911,78.0
2024-11-30,1.94412100315094,96449.0546875,3705.705322265625,105.73999786376953,2657.0,4.08050012588501,19218.169921875,27.920000076293945,345.1600036621094,651.1456728416911,84.0
2024-12-01,2.320223093032837,97279.7890625,3711.1650390625,105.73999786376953,2657.0,4.08050012588501,19218.169921875,27.920000076293945,345.1600036621094,651.1456728416911,81.0
2024-12-02,2.7138049602508545,95865.3046875,3644.198486328125,106.44999694824219,2634.89990234375,4.075500011444092,19403.94921875,27.790000915527344,357.0899963378906,646.521873376247,80.0
2024-12-03,2.525527000427246,96002.1640625,3620.711669921875,106.37000274658203,2644.699951171875,4.145999908447266,19480.91015625,28.280000686645508,351.4200134277344,637.8919463513331,76.0
2024-12-04,2.3544440269470215,98768.53125,3841.3310546875,106.33999633789062,2653.800048828125,4.142000198364258,19735.119140625,28.530000686645508,357.92999267578125,640.7049545473593,78.0
2024-12-05,2.295206069946289,96593.5703125,3811.00830078125,105.70999908447266,2626.60009765625,4.135000228881836,19700.259765625,28.559999465942383,369.489990234375,635.2115966790456,84.0
2024-12-06,2.424736976623535,99920.7109375,4005.810546875,105.97000122070312,2638.60009765625,4.138500213623047,19859.76953125,28.25,389.2200012207031,637.573990928054,72.0
2024-12-07,2.616624116897583,99923.3359375,4002.692626953125,105.97000122070312,2638.60009765625,4.138500213623047,19859.76953125,28.25,389.2200012207031,637.573990928054,75.0
2024-12-08,2.6083478927612305,101236.015625,4005.70458984375,105.97000122070312,2638.60009765625,4.138500213623047,19859.76953125,28.25,389.2200012207031,637.573990928054,79.0
2024-12-09,2.218951940536499,97432.71875,3718.6904296875,106.1500015258789,2664.89990234375,4.223499774932861,19736.689453125,28.979999542236328,389.7900085449219,630.9695854988207,78.0
2024-12-10,2.3691599369049072,96675.4296875,3631.833740234375,106.4000015258789,2697.60009765625,4.223499774932861,19687.240234375,28.989999771118164,400.989990234375,638.7120259048984,78.0
2024-12-11,2.4000699520111084,101173.03125,3832.822021484375,106.70999908447266,2733.800048828125,4.214000225067139,20034.890625,29.040000915527344,424.7699890136719,648.7422645509159,74.0
2024-12-12,2.3427700996398926,100043.0,3883.1015625,106.95999908447266,2687.5,4.195000171661377,19902.83984375,28.200000762939453,418.1000061035156,640.6435971457063,83.0
2024-12-13,2.421319007873535,101459.2578125,3911.205322265625,107.0,2656.0,4.14900016784668,19926.720703125,27.75,436.2300109863281,640.1542281398501,76.0
2024-12-14,2.398705005645752,101372.96875,3868.4052734375,107.0,2656.0,4.14900016784668,19926.720703125,27.75,436.2300109863281,640.1542281398501,83.0
2024-12-15,2.4469499588012695,104298.6953125,3951.941162109375,107.0,2656.0,4.14900016784668,19926.720703125,27.75,436.2300109863281,640.1542281398501,80.0
2024-12-16,2.4886579513549805,106029.71875,3987.48095703125,106.86000061035156,2651.39990234375,4.143499851226807,20173.890625,27.799999237060547,463.0199890136719,639.8938089882455,83.0
2024-12-17,2.565190076828003,106140.6015625,3886.76611328125,106.95999908447266,2644.39990234375,4.0914998054504395,20109.060546875,27.809999465942383,479.8599853515625,646.3155390649283,87.0
2024-12-18,2.3033180236816406,100041.5390625,3618.791259765625,108.02999877929688,2636.5,4.099999904632568,19392.689453125,26.850000381469727,440.1300048828125,643.0487954453444,81.0
2024-12-19,2.2488911151885986,97490.953125,3417.927978515625,108.41000366210938,2592.199951171875,4.020500183105469,19372.76953125,26.520000457763672,436.1700134277344,644.7456368897955,75.0
2024-12-20,2.276885986328125,97755.9296875,3472.553466796875,107.62000274658203,2628.699951171875,4.040999889373779,19572.599609375,26.920000076293945,421.05999755859375,650.5073058983023,74.0
2024-12-21,2.238111972808838,97224.7265625,3337.222412109375,107.62000274658203,2628.699951171875,4.040999889373779,19572.599609375,26.920000076293945,421.05999755859375,650.5073058983023,73.0
2024-12-22,2.1993319988250732,95104.9375,3277.53515625,107.62000274658203,2628.699951171875,4.040999889373779,19572.599609375,26.920000076293945,421.05999755859375,650.5073058983023,73.0
2024-12-23,2.2572619915008545,94686.2421875,3415.785400390625,108.04000091552734,2612.300048828125,4.0229997634887695,19764.880859375,26.989999771118164,430.6000061035156,649.3413379081888,70.0
2024-12-24,2.3246240615844727,98676.09375,3492.0498046875,108.26000213623047,2620.0,4.049499988555908,20031.130859375,27.020000457763672,462.2799987792969,646.9934578106563,73.0
2024-12-25,2.2959699630737305,99299.1953125,3493.2353515625,108.26000213623047,2620.0,4.049499988555908,20031.130859375,27.020000457763672,462.2799987792969,646.9934578106563,73.0
2024-12-26,2.154339075088501,95795.515625,3331.225830078125,108.12999725341797,2638.800048828125,4.072000026702881,20020.359375,27.139999389648438,454.1300048828125,648.0353711993403,79.0
2024-12-27,2.1416499614715576,94164.859375,3328.9169921875,108.0,2617.199951171875,4.0625,19722.029296875,26.760000228881836,431.6600036621094,644.2338341346153,74.0
2024-12-28,2.180824041366577,95163.9296875,3397.90234375,108.0,2617.199951171875,4.0625,19722.029296875,26.760000228881836,431.6600036621094,644.2338341346153,72.0
2024-12-29,2.093179941177368,93530.2265625,3349.513427734375,108.0,2617.199951171875,4.0625,19722.029296875,26.760000228881836,431.6600036621094,644.2338341346153,73.0
2024-12-30,2.0575709342956543,92643.2109375,3356.392578125,108.12999725341797,2606.10009765625,4.045499801635742,19486.7890625,26.43000030517578,417.4100036621094,644.1973119372071,65.0
2024-12-31,2.0801279544830322,93429.203125,3332.53173828125,108.48999786376953,2629.199951171875,3.9860000610351562,19310.7890625,26.329999923706055,403.8399963378906,659.6086078556349,64.0
2025-01-01,2.322340965270996,94419.7578125,3353.504150390625,108.48999786376953,2629.199951171875,3.9860000610351562,19310.7890625,26.329999923706055,403.8399963378906,659.6086078556349,66.0
2025-01-02,2.403369903564453,96886.875,3451.392578125,109.38999938964844,2658.89990234375,3.9885001182556152,19280.7890625,26.93000030517578,379.2799987792969,666.6415503346228,70.0
2025-01-03,2.4528961181640625,98107.4296875,3605.009765625,108.94999694824219,2645.0,4.0395002365112305,19621.6796875,26.979999542236328,410.44000244140625,654.7839695844133,74.0
2025-01-04,2.4195950031280518,98236.2265625,3657.706787109375,108.94999694824219,2645.0,4.0395002365112305,19621.6796875,26.979999542236328,410.44000244140625,654.7839695844133,73.0
2025-01-05,2.3997271060943604,98314.9609375,3634.103759765625,108.94999694824219,2645.0,4.0395002365112305,19621.6796875,26.979999542236328,410.44000244140625,654.7839695844133,72.0
2025-01-06,2.418807029724121,102078.0859375,3688.611328125,108.26000213623047,2638.39990234375,4.126999855041504,19864.98046875,27.239999771118164,411.04998779296875,639.3021553225174,76.0
2025-01-07,2.2723500728607178,96922.703125,3381.577392578125,108.54000091552734,2656.699951171875,4.1605000495910645,19489.6796875,27.329999923706055,394.3599853515625,638.5530391792694,78.0
2025-01-08,2.375304937362671,95043.5234375,3326.329345703125,109.08999633789062,2664.5,4.227499961853027,19478.880859375,27.399999618530273,394.94000244140625,630.2779477334584,70.0
2025-01-09,2.275212049484253,92484.0390625,3219.4306640625,109.18000030517578,2683.800048828125,4.2795000076293945,19478.880859375,27.399999618530273,394.94000244140625,627.1293478311737,69.0
2025-01-10,2.343251943588257,94701.453125,3267.489990234375,109.6500015258789,2708.5,4.274499893188477,19161.630859375,27.610000610351562,394.739990234375,633.6413773962337,50.0
2025-01-11,2.576770067214966,94566.59375,3282.2177734375,109.6500015258789,2708.5,4.274499893188477,19161.630859375,27.610000610351562,394.739990234375,633.6413773962337,69.0
2025-01-12,2.5063140392303467,94488.4375,3265.951171875,109.6500015258789,2708.5,4.274499893188477,19161.630859375,27.610000610351562,394.739990234375,633.6413773962337,62.0
2025-01-13,2.522934913635254,94516.5234375,3135.499755859375,109.95999908447266,2673.5,4.295499801635742,19088.099609375,26.959999084472656,403.30999755859375,622.3955589479765,61.0
2025-01-14,2.669132947921753,96534.046875,3223.6845703125,109.2699966430664,2677.5,4.310500144958496,19044.390625,27.200000762939453,396.3599853515625,621.1576174360112,63.0
2025-01-15,3.155057907104492,100504.4921875,3450.53759765625,109.08999633789062,2712.5,4.359499931335449,19511.23046875,27.959999084472656,428.2200012207031,622.2043910364457,70.0
2025-01-16,3.245539903640747,99756.90625,3308.34521484375,108.95999908447266,2746.39990234375,4.4105000495910645,19338.2890625,28.040000915527344,413.82000732421875,622.6958103307112,75.0
2025-01-17,3.2986350059509277,104462.0390625,3474.107177734375,109.3499984741211,2744.300048828125,4.337500095367432,19630.19921875,27.610000610351562,426.5,632.6916399976826,75.0
2025-01-18,3.2740190029144287,104408.0703125,3305.78955078125,109.3499984741211,2744.300048828125,4.337500095367432,19630.19921875,27.610000610351562,426.5,632.6916399976826,77.0
2025-01-19,2.954716920852661,101089.609375,3208.96435546875,109.3499984741211,2744.300048828125,4.337500095367432,19630.19921875,27.610000610351562,426.5,632.6916399976826,77.0
2025-01-20,3.09983491897583,102016.6640625,3278.035400390625,109.3499984741211,2744.300048828125,4.337500095367432,19630.19921875,27.610000610351562,426.5,632.6916399976826,76.0
2025-01-21,3.1693999767303467,106146.265625,3327.40625,108.05999755859375,2755.0,4.310999870300293,19756.779296875,28.040000915527344,424.07000732421875,639.0628816716002,76.0
2025-01-22,3.171104907989502,103653.0703125,3240.224609375,108.16999816894531,2767.60009765625,4.271500110626221,20009.33984375,28.049999237060547,415.1099853515625,647.9222816291833,84.0
2025-01-23,3.1198909282684326,103960.171875,3334.714111328125,108.05000305175781,2763.10009765625,4.299499988555908,20053.6796875,27.770000457763672,412.3800048828125,642.656147228949,75.0
2025-01-24,3.103482961654663,104819.484375,3309.554931640625,107.44000244140625,2777.300048828125,4.289999961853027,19954.30078125,27.90999984741211,406.5799865722656,647.3892945277545,75.0
2025-01-25,3.109705924987793,104714.6484375,3317.26953125,107.44000244140625,2777.300048828125,4.289999961853027,19954.30078125,27.90999984741211,406.5799865722656,647.3892945277545,75.0
2025-01-26,3.0262279510498047,102682.5,3236.13427734375,107.44000244140625,2777.300048828125,4.289999961853027,19954.30078125,27.90999984741211,406.5799865722656,647.3892945277545,73.0
2025-01-27,3.053184986114502,102087.6875,3178.92041015625,107.33999633789062,2737.5,4.203499794006348,19341.830078125,27.459999084472656,397.1499938964844,651.2430436902422,71.0
2025-01-28,3.06112003326416,101332.4765625,3077.112548828125,107.87000274658203,2766.800048828125,4.2204999923706055,19733.58984375,27.6299991607666,398.0899963378906,655.5621499418712,72.0
2025-01-29,3.068294048309326,103703.2109375,3112.9990234375,108.0,2769.10009765625,4.257500171661377,19632.3203125,28.0,389.1000061035156,650.4051640650156,72.0
2025-01-30,3.1310689449310303,104735.3046875,3247.780029296875,107.80000305175781,2823.0,4.288000106811523,19681.75,28.719999313354492,400.2799987792969,658.3488641979372,70.0
2025-01-31,3.0354199409484863,102405.0234375,3298.26513671875,108.37000274658203,2812.5,4.26200008392334,19627.439453125,28.510000228881836,404.6000061035156,659.9014417219303,76.0
2025-02-01,2.8844690322875977,100655.90625,3118.32861328125,108.37000274658203,2812.5,4.26200008392334,19627.439453125,28.510000228881836,404.6000061035156,659.9014417219303,68.0
2025-02-02,2.5797948837280273,97688.9765625,2868.69287109375,108.37000274658203,2812.5,4.26200008392334,19627.439453125,28.510000228881836,404.6000061035156,659.9014417219303,60.0
2025-02-03,2.7011559009552,101405.421875,2884.566650390625,108.98999786376953,2833.89990234375,4.294000148773193,19391.9609375,28.670000076293945,383.67999267578125,659.9673507588029,44.0
2025-02-04,2.5354249477386475,97871.8203125,2735.05126953125,107.95999908447266,2853.300048828125,4.34250020980835,19654.01953125,29.219999313354492,392.2099914550781,657.0638827796514,72.0
2025-02-05,2.382314920425415,96615.4453125,2787.779052734375,107.58000183105469,2871.60009765625,4.434500217437744,19692.330078125,29.350000381469727,378.1700134277344,647.558903338032,54.0
2025-02-06,2.3268799781799316,96593.296875,2688.40087890625,107.69000244140625,2856.0,4.453499794006348,19791.990234375,29.3799991607666,374.32000732421875,641.2933944318779,49.0
2025-02-07,2.393583059310913,96529.0859375,2622.211181640625,108.04000091552734,2867.300048828125,4.581500053405762,19523.400390625,29.030000686645508,361.6199951171875,625.8430678608532,44.0
2025-02-08,2.4243760108947754,96482.453125,2632.308349609375,108.04000091552734,2867.300048828125,4.581500053405762,19523.400390625,29.030000686645508,361.6199951171875,625.8430678608532,44.0
2025-02-09,2.396939992904663,96500.09375,2628.72119140625,108.04000091552734,2867.300048828125,4.581500053405762,19523.400390625,29.030000686645508,361.6199951171875,625.8430678608532,46.0
2025-02-10,2.422696113586426,97437.5546875,2661.166748046875,108.31999969482422,2914.300048828125,4.700500011444092,19714.26953125,29.200000762939453,350.7300109863281,619.9978814451255,43.0
2025-02-11,2.4142160415649414,95747.4296875,2602.781982421875,107.95999908447266,2912.5,4.5945000648498535,19643.859375,29.0,328.5,633.9101009665955,47.0
2025-02-12,2.472835063934326,97885.859375,2736.902099609375,107.94000244140625,2909.0,4.697999954223633,19649.94921875,29.34000015258789,336.510009765625,619.1996654629015,46.0
2025-02-13,2.5625150203704834,96623.8671875,2675.902587890625,107.30999755859375,2925.89990234375,4.769000053405762,19945.640625,29.459999084472656,355.94000244140625,613.5248206286411,50.0
2025-02-14,2.7401959896087646,97508.96875,2726.091552734375,106.56999969482422,2883.60009765625,4.656499862670898,20026.76953125,29.309999465942383,355.8399963378906,619.263434489239,48.0
2025-02-15,2.76157808303833,97580.3515625,2693.559814453125,106.56999969482422,2883.60009765625,4.656499862670898,20026.76953125,29.309999465942383,355.8399963378906,619.263434489239,50.0
2025-02-16,2.7278249263763428,96175.03125,2663.31591796875,106.56999969482422,2883.60009765625,4.656499862670898,20026.76953125,29.309999465942383,355.8399963378906,619.263434489239,54.0
2025-02-17,2.658273935317993,95773.3828125,2743.19970703125,106.56999969482422,2883.60009765625,4.656499862670898,20026.76953125,29.309999465942383,355.8399963378906,619.263434489239,51.0
2025-02-18,2.558877944946289,95539.546875,2669.3388671875,107.05000305175781,2931.60009765625,4.585000038146973,20041.259765625,29.90999984741211,354.1099853515625,639.3893289564847,47.0
2025-02-19,2.7408010959625244,96635.609375,2715.77099609375,107.16999816894531,2919.39990234375,4.557000160217285,20056.25,29.809999465942383,360.55999755859375,640.6407284840974,44.0
2025-02-20,2.6908280849456787,98333.9375,2740.386474609375,106.33999633789062,2940.0,4.607999801635742,19962.359375,29.950000762939453,354.3999938964844,638.0208607987271,49.0
2025-02-21,2.5701398849487305,96125.546875,2659.655517578125,106.61000061035156,2937.60009765625,4.559999942779541,19524.009765625,29.59000015258789,337.79998779296875,644.2105558154109,55.0
2025-02-22,2.5757060050964355,96577.7578125,2764.029296875,106.61000061035156,2937.60009765625,4.559999942779541,19524.009765625,29.59000015258789,337.79998779296875,644.2105558154109,49.0
2025-02-23,2.5770199298858643,96273.921875,2821.310302734375,106.61000061035156,2937.60009765625,4.559999942779541,19524.009765625,29.59000015258789,337.79998779296875,644.2105558154109,50.0
2025-02-24,2.2779290676116943,91418.171875,2513.8212890625,106.5999984741211,2947.89990234375,4.517000198364258,19286.9296875,29.440000534057617,330.5299987792969,652.6233723459374,49.0
2025-02-25,2.3207170963287354,88736.171875,2493.592529296875,106.30999755859375,2904.5,4.486000061035156,19026.390625,28.829999923706055,302.79998779296875,647.45875177937,25.0
2025-02-26,2.1924350261688232,84347.0234375,2331.45263671875,106.41999816894531,2916.800048828125,4.541999816894531,19075.259765625,28.940000534057617,290.79998779296875,642.1840965247787,21.0
2025-02-27,2.198647975921631,84704.2265625,2305.484375,107.23999786376953,2883.199951171875,4.579999923706055,18544.419921875,28.399999618530273,281.95001220703125,629.5196504804395,10.0
2025-02-28,2.145595073699951,84373.0078125,2237.9052734375,107.61000061035156,2836.800048828125,4.514500141143799,18847.279296875,28.309999465942383,292.9800109863281,628.3752265227287,16.0
2025-03-01,2.190603017807007,86031.9140625,2216.643310546875,107.61000061035156,2836.800048828125,4.514500141143799,18847.279296875,28.309999465942383,292.9800109863281,628.3752265227287,20.0
2025-03-02,2.9369421005249023,94248.3515625,2519.694580078125,107.61000061035156,2836.800048828125,4.514500141143799,18847.279296875,28.309999465942383,292.9800109863281,628.3752265227287,26.0
2025-03-03,2.385741949081421,86065.671875,2145.573974609375,106.75,2890.199951171875,4.576499938964844,18350.189453125,28.75,284.6499938964844,631.5306434431217,33.0
2025-03-04,2.455146074295044,87222.1953125,2170.01513671875,105.73999786376953,2909.60009765625,4.527500152587891,18285.16015625,29.0,272.0400085449219,642.6504692646207,15.0
2025-03-05,2.500509023666382,90623.5625,2241.977294921875,105.73999786376953,2915.300048828125,4.766499996185303,18552.73046875,29.770000457763672,279.1000061035156,611.6227947469382,20.0
2025-03-06,2.601728916168213,89961.7265625,2202.476806640625,104.05999755859375,2916.60009765625,4.7789998054504395,18069.259765625,29.690000534057617,263.45001220703125,610.2950860826304,25.0
2025-03-07,2.3816239833831787,86742.671875,2138.987548828125,103.83999633789062,2904.699951171875,4.683000087738037,18196.220703125,29.59000015258789,262.6700134277344,620.2647654817557,34.0
2025-03-08,2.323438882827759,86154.59375,2201.51025390625,103.83999633789062,2904.699951171875,4.683000087738037,18196.220703125,29.59000015258789,262.6700134277344,620.2647654817557,28.0
2025-03-09,2.1345760822296143,80601.0390625,2015.5091552734375,103.83999633789062,2904.699951171875,4.683000087738037,18196.220703125,29.59000015258789,262.6700134277344,620.2647654817557,27.0
2025-03-10,2.018294095993042,78532.0,1861.1513671875,103.91000366210938,2891.0,4.639500141143799,17468.3203125,29.110000610351562,222.14999389648438,623.1274732297492,20.0
2025-03-11,2.1669158935546875,82862.2109375,1919.844970703125,103.44000244140625,2912.89990234375,4.739999771118164,17436.099609375,29.959999084472656,230.5800018310547,614.535874050601,24.0
2025-03-12,2.240755081176758,83722.359375,1908.982666015625,103.61000061035156,2939.10009765625,4.821000099182129,17648.44921875,30.219999313354492,248.08999633789062,609.6453095188406,34.0
2025-03-13,2.2510080337524414,81066.703125,1862.9696044921875,103.83000183105469,2984.300048828125,4.898499965667725,17303.009765625,30.739999771118164,240.67999267578125,609.2273287219119,45.0
2025-03-14,2.356442928314209,83969.1015625,1909.467529296875,103.72000122070312,2994.5,4.869500160217285,17754.08984375,30.709999084472656,249.97999572753906,614.9501799926793,27.0
2025-03-15,2.393238067626953,84343.109375,1937.3946533203125,103.72000122070312,2994.5,4.869500160217285,17754.08984375,30.709999084472656,249.97999572753906,614.9501799926793,46.0
2025-03-16,2.2978670597076416,82579.6875,1887.43505859375,103.72000122070312,2994.5,4.869500160217285,17754.08984375,30.709999084472656,249.97999572753906,614.9501799926793,30.0
2025-03-17,2.3406379222869873,84075.6875,1927.0029296875,103.37000274658203,3000.0,4.933499813079834,17808.66015625,30.809999465942383,238.00999450683594,608.0875876484915,32.0
2025-03-18,2.2869598865509033,82718.5,1932.54345703125,103.23999786376953,3035.10009765625,4.993000030517578,17504.119140625,30.850000381469727,225.30999755859375,607.8710352704783,34.0
2025-03-19,2.5458409786224365,86854.2265625,2057.7490234375,103.43000030517578,3035.89990234375,5.076000213623047,17750.7890625,30.75,235.86000061035156,598.0890020839549,32.0
2025-03-20,2.434674024581909,84167.1953125,1982.099853515625,103.8499984741211,3040.0,5.085000038146973,17691.630859375,30.5,236.25999450683594,597.8367703430358,49.0
2025-03-21,2.3792779445648193,84043.2421875,1964.8475341796875,104.08999633789062,3018.199951171875,5.087500095367432,17784.05078125,30.020000457763672,248.7100067138672,593.2579645394371,31.0
2025-03-22,2.369823932647705,83832.484375,1980.037841796875,104.08999633789062,3018.199951171875,5.087500095367432,17784.05078125,30.020000457763672,248.7100067138672,593.2579645394371,32.0
2025-03-23,2.435492992401123,86054.375,2005.2991943359375,104.08999633789062,3018.199951171875,5.087500095367432,17784.05078125,30.020000457763672,248.7100067138672,593.2579645394371,30.0
2025-03-24,2.448162078857422,87498.9140625,2077.47900390625,104.26000213623047,3013.10009765625,5.064000129699707,18188.58984375,29.959999084472656,278.3900146484375,595.0039534921824,45.0
2025-03-25,2.451349973678589,87471.703125,2067.76416015625,104.18000030517578,3023.699951171875,5.183000087738037,18271.859375,30.579999923706055,288.1400146484375,583.3879799318076,46.0
2025-03-26,2.349087953567505,86900.8828125,2009.1893310546875,104.55000305175781,3020.89990234375,5.216000080108643,17899.01953125,30.530000686645508,272.05999755859375,579.16024845629,47.0
2025-03-27,2.3382740020751953,87177.1015625,2002.357421875,104.06999969482422,3060.199951171875,5.097499847412109,17804.029296875,31.31999969482422,273.1300048828125,600.3335052036289,40.0
2025-03-28,2.204137086868286,84353.1484375,1895.5029296875,104.04000091552734,3086.5,5.112500190734863,17322.990234375,31.0,263.54998779296875,603.716358894913,44.0
2025-03-29,2.139949083328247,82597.5859375,1827.3203125,104.04000091552734,3086.5,5.112500190734863,17322.990234375,31.0,263.54998779296875,603.716358894913,26.0
2025-03-30,2.1361429691314697,82334.5234375,1806.2186279296875,104.04000091552734,3086.5,5.112500190734863,17322.990234375,31.0,263.54998779296875,603.716358894913,32.0
2025-03-31,2.0898969173431396,82548.9140625,1823.47998046875,104.20999908447266,3122.800048828125,5.019999980926514,17299.2890625,30.989999771118164,259.1600036621094,622.0717252376895,34.0
2025-04-01,2.139611005783081,85169.171875,1905.491455078125,104.26000213623047,3118.89990234375,5.019000053405762,17449.890625,30.6299991607666,268.4599914550781,621.4185832150662,34.0
2025-04-02,2.025067090988159,82485.7109375,1795.313232421875,103.80999755859375,3139.89990234375,5.023499965667725,17601.05078125,30.760000228881836,282.760009765625,625.0422860162981,44.0
2025-04-03,2.062467098236084,83102.828125,1815.63720703125,102.06999969482422,3097.0,4.810999870300293,16550.609375,28.889999389648438,267.2799987792969,643.7331289736018,25.0
2025-04-04,2.128959894180298,83843.8046875,1815.335205078125,103.0199966430664,3012.0,4.384500026702881,15587.7900390625,27.079999923706055,239.42999267578125,686.9654422752978,28.0
2025-04-05,2.143731117248535,83504.796875,1805.9732666015625,103.0199966430664,3012.0,4.384500026702881,15587.7900390625,27.079999923706055,239.42999267578125,686.9654422752978,30.0
2025-04-06,1.917894959449768,78214.484375,1576.72802734375,103.0199966430664,3012.0,4.384500026702881,15587.7900390625,27.079999923706055,239.42999267578125,686.9654422752978,34.0
2025-04-07,1.8977539539337158,79235.3359375,1555.240966796875,103.26000213623047,2951.300048828125,4.169000148773193,15603.259765625,27.139999389648438,233.2899932861328,707.9155537321342,23.0
2025-04-08,1.7945679426193237,76271.953125,1472.5531005859375,102.95999908447266,2968.39990234375,4.127500057220459,15267.91015625,27.139999389648438,221.86000061035156,719.1762231840476,24.0
2025-04-09,2.0517380237579346,82573.953125,1668.0400390625,102.9000015258789,3056.5,4.17549991607666,17124.970703125,28.059999465942383,272.20001220703125,732.0081574500226,18.0
2025-04-10,1.9664820432662964,79626.140625,1522.518798828125,100.87000274658203,3155.199951171875,4.321000099182129,16387.310546875,28.280000686645508,252.39999389648438,730.201314221003,39.0
2025-04-11,2.0238869190216064,83404.8359375,1567.1497802734375,99.77999877929688,3222.199951171875,4.507500171661377,16724.4609375,29.190000534057617,252.30999755859375,714.8529846831342,25.0
2025-04-12,2.1586201190948486,85287.109375,1643.528564453125,99.77999877929688,3222.199951171875,4.507500171661377,16724.4609375,29.190000534057617,252.30999755859375,714.8529846831342,43.0
2025-04-13,2.120198965072632,83684.9765625,1596.685791015625,99.77999877929688,3222.199951171875,4.507500171661377,16724.4609375,29.190000534057617,252.30999755859375,714.8529846831342,45.0
2025-04-14,2.12675404548645,84542.390625,1622.7698974609375,99.63999938964844,3204.800048828125,4.610499858856201,16831.48046875,29.3799991607666,252.35000610351562,695.1090222185128,31.0
2025-04-15,2.0885488986968994,83668.9921875,1588.6324462890625,100.22000122070312,3218.699951171875,4.611000061035156,16823.169921875,29.40999984741211,254.11000061035156,698.0481259089999,38.0
2025-04-16,2.0832419395446777,84033.8671875,1578.1053466796875,99.37999725341797,3326.60009765625,4.673999786376953,16307.16015625,29.760000228881836,241.5500030517578,711.7244864563551,29.0
2025-04-17,2.0664150714874268,84895.75,1582.54833984375,99.37999725341797,3308.699951171875,4.731500148773193,16286.4501953125,29.549999237060547,241.3699951171875,699.291946980023,30.0
2025-04-18,2.0635271072387695,84450.8046875,1588.9246826171875,99.37999725341797,3308.699951171875,4.731500148773193,16286.4501953125,29.549999237060547,241.3699951171875,699.291946980023,33.0
2025-04-19,2.08732008934021,85063.4140625,1612.9228515625,99.37999725341797,3308.699951171875,4.731500148773193,16286.4501953125,29.549999237060547,241.3699951171875,699.291946980023,32.0
2025-04-20,2.0770010948181152,85174.3046875,1587.5142822265625,99.37999725341797,3308.699951171875,4.731500148773193,16286.4501953125,29.549999237060547,241.3699951171875,699.291946980023,37.0
2025-04-21,2.085515022277832,87518.90625,1579.7344970703125,98.27999877929688,3406.199951171875,4.7210001945495605,15870.900390625,29.790000915527344,227.5,721.4996421953902,39.0
2025-04-22,2.215472936630249,93441.890625,1757.3316650390625,98.91999816894531,3400.800048828125,4.870500087738037,16300.419921875,29.5,237.97000122070312,698.2445308624414,47.0
2025-04-23,2.217355966567993,93699.109375,1796.104248046875,99.83999633789062,3276.300048828125,4.8354997634887695,16708.05078125,30.559999465942383,250.74000549316406,677.5514856946874,72.0
2025-04-24,2.2045440673828125,93943.796875,1769.8316650390625,99.29000091552734,3332.0,4.849999904632568,17166.0390625,30.559999465942383,259.510009765625,687.010322787301,63.0
2025-04-25,2.183053970336914,94720.5,1786.634521484375,99.47000122070312,3282.39990234375,4.8354997634887695,17382.939453125,30.049999237060547,284.95001220703125,678.81295892682,60.0
2025-04-26,2.1931889057159424,94646.9296875,1821.881103515625,99.47000122070312,3282.39990234375,4.8354997634887695,17382.939453125,30.049999237060547,284.95001220703125,678.81295892682,65.0
2025-04-27,2.256237030029297,93754.84375,1792.864990234375,99.47000122070312,3282.39990234375,4.8354997634887695,17382.939453125,30.049999237060547,284.95001220703125,678.81295892682,61.0
2025-04-28,2.295137882232666,94978.75,1798.851806640625,99.01000213623047,3332.5,4.8379998207092285,17366.130859375,30.190000534057617,285.8800048828125,688.8177187884787,54.0
2025-04-29,2.2408010959625244,94284.7890625,1799.1756591796875,99.23999786376953,3318.800048828125,4.822999954223633,17461.3203125,29.829999923706055,292.0299987792969,688.1194443972079,60.0
2025-04-30,2.191556930541992,94207.3125,1793.775390625,99.47000122070312,3305.0,4.559999942779541,17446.33984375,29.600000381469727,282.1600036621094,724.7807108491853,56.0
2025-05-01,2.2141621112823486,96492.3359375,1839.2215576171875,100.25,3210.0,4.580999851226807,17710.740234375,29.389999389648438,280.5199890136719,700.7203894888474,53.0
2025-05-02,2.2098309993743896,96910.0703125,1842.7078857421875,100.0,3231.89990234375,4.627500057220459,17977.73046875,29.1200008392334,287.2099914550781,698.4116396283772,67.0
2025-05-03,2.1883668899536133,95891.796875,1833.8397216796875,100.0,3231.89990234375,4.627500057220459,17977.73046875,29.1200008392334,287.2099914550781,698.4116396283772,65.0
2025-05-04,2.157794952392578,94315.9765625,1808.59423828125,100.0,3231.89990234375,4.627500057220459,17977.73046875,29.1200008392334,287.2099914550781,698.4116396283772,64.0
2025-05-05,2.1356089115142822,94748.0546875,1819.697509765625,99.83000183105469,3311.300048828125,4.65500020980835,17844.240234375,29.479999542236328,280.260009765625,711.3426207481211,52.0
2025-05-06,2.1554300785064697,96802.4765625,1815.0875244140625,99.23999786376953,3411.39990234375,4.735000133514404,17689.66015625,30.219999313354492,275.3500061035156,720.464584192471,59.0
2025-05-07,2.126171112060547,97032.3203125,1811.606689453125,99.61000061035156,3381.39990234375,4.616499900817871,17738.16015625,29.489999771118164,276.2200012207031,732.4596501658524,67.0
2025-05-08,2.323184013366699,103241.4609375,2206.5146484375,100.63999938964844,3296.60009765625,4.560999870300293,17928.140625,29.459999084472656,284.82000732421875,722.7801340496868,65.0
2025-05-09,2.3446710109710693,102970.8515625,2345.50732421875,100.33999633789062,3335.39990234375,4.611000061035156,17928.919921875,29.799999237060547,298.260009765625,723.3571585759125,73.0
2025-05-10,2.4720299243927,104696.328125,2582.422607421875,100.33999633789062,3335.39990234375,4.611000061035156,17928.919921875,29.799999237060547,298.260009765625,723.3571585759125,70.0
2025-05-11,2.3665249347686768,104106.359375,2510.23779296875,100.33999633789062,3335.39990234375,4.611000061035156,17928.919921875,29.799999237060547,298.260009765625,723.3571585759125,70.0
2025-05-12,2.54463791847229,102812.953125,2496.397705078125,101.79000091552734,3220.0,4.578499794006348,18708.33984375,29.6299991607666,318.3800048828125,703.2871344048674,70.0
2025-05-13,2.586548089981079,104169.8125,2680.129638671875,101.0,3240.300048828125,4.68149995803833,19010.08984375,29.93000030517578,334.07000732421875,692.1499685724433,70.0
2025-05-14,2.5527029037475586,103539.4140625,2610.063232421875,101.04000091552734,3181.39990234375,4.611000061035156,19146.810546875,29.25,347.67999267578125,689.9587638759508,73.0
2025-05-15,2.3803670406341553,103744.640625,2546.85693359375,100.87999725341797,3220.699951171875,4.644499778747559,19112.3203125,29.610000610351562,342.82000732421875,693.4438808478903,70.0
2025-05-16,2.38098406791687,103489.2890625,2536.297607421875,101.08999633789062,3182.0,4.555500030517578,19211.099609375,29.299999237060547,349.9800109863281,698.4963184466214,71.0
2025-05-17,2.3543639183044434,103191.0859375,2475.75439453125,101.08999633789062,3182.0,4.555500030517578,19211.099609375,29.299999237060547,349.9800109863281,698.4963184466214,74.0
2025-05-18,2.434170961380005,106446.0078125,2498.233642578125,101.08999633789062,3182.0,4.555500030517578,19211.099609375,29.299999237060547,349.9800109863281,698.4963184466214,74.0
2025-05-19,2.3813788890838623,105606.1796875,2529.166748046875,100.43000030517578,3228.89990234375,4.633500099182129,19215.4609375,29.420000076293945,342.0899963378906,696.8597891934202,74.0
2025-05-20,2.356755018234253,106791.0859375,2524.173095703125,100.12000274658203,3280.300048828125,4.619500160217285,19142.7109375,30.1299991607666,343.82000732421875,710.0984814499565,71.0
2025-05-21,2.398926019668579,109678.078125,2552.34716796875,99.55999755859375,3309.300048828125,4.638000011444092,18872.640625,30.510000228881836,334.6199951171875,713.5187668526414,70.0
2025-05-22,2.429795026779175,111673.28125,2664.156982421875,99.95999908447266,3292.300048828125,4.648499965667725,18925.740234375,30.030000686645508,341.0400085449219,708.2499888445647,72.0
2025-05-23,2.294321060180664,107287.796875,2526.44189453125,99.11000061035156,3363.60009765625,4.80649995803833,18737.2109375,30.450000762939453,339.3399963378906,699.802377409992,78.0
2025-05-24,2.3328700065612793,107791.15625,2530.646240234375,99.11000061035156,3363.60009765625,4.80649995803833,18737.2109375,30.450000762939453,339.3399963378906,699.802377409992,66.0
2025-05-25,2.342974901199341,109035.390625,2551.763916015625,99.11000061035156,3363.60009765625,4.80649995803833,18737.2109375,30.450000762939453,339.3399963378906,699.802377409992,74.0
2025-05-26,2.3106610774993896,109440.3671875,2564.138427734375,98.93000030517578,3363.60009765625,4.80649995803833,18737.2109375,30.450000762939453,339.3399963378906,699.802377409992,73.0
2025-05-27,2.318671941757202,108994.640625,2663.06982421875,99.5199966430664,3299.10009765625,4.710000038146973,19199.16015625,30.229999542236328,362.8900146484375,700.4458749334099,74.0
2025-05-28,2.2742528915405273,107802.328125,2682.212890625,99.87999725341797,3293.60009765625,4.644000053405762,19100.939453125,29.979999542236328,356.8999938964844,709.2162058096508,71.0
2025-05-29,2.244246006011963,105641.7578125,2632.65478515625,99.27999877929688,3317.10009765625,4.653500080108643,19175.869140625,30.299999237060547,358.42999267578125,712.8183175144176,74.0
2025-05-30,2.138633966445923,103998.5703125,2529.943603515625,99.33000183105469,3288.89990234375,4.652500152587891,19113.76953125,30.0,346.4599914550781,706.9102191247309,60.0
2025-05-31,2.1750600337982178,104638.09375,2529.08740234375,99.33000183105469,3288.89990234375,4.652500152587891,19113.76953125,30.0,346.4599914550781,706.9102191247309,50.0
2025-06-01,2.1791839599609375,105652.1015625,2536.266357421875,99.33000183105469,3288.89990234375,4.652500152587891,19113.76953125,30.0,346.4599914550781,706.9102191247309,56.0
2025-06-02,2.1977550983428955,105881.53125,2607.097412109375,98.69999694824219,3370.60009765625,4.834499835968018,19242.609375,31.59000015258789,342.69000244140625,697.1972721106424,64.0
2025-06-03,2.2468440532684326,105432.46875,2593.2802734375,99.25,3350.199951171875,4.809500217437744,19398.9609375,31.440000534057617,344.2699890136719,696.5796443932152,64.0
2025-06-04,2.202310085296631,104731.984375,2608.64306640625,98.79000091552734,3373.5,4.864500045776367,19460.490234375,31.34000015258789,332.04998779296875,693.4936721665904,62.0
2025-06-05,2.0976340770721436,101575.953125,2416.28564453125,98.73999786376953,3350.699951171875,4.91349983215332,19298.44921875,32.45000076293945,284.70001220703125,681.937532437738,57.0
2025-06-06,2.1624059677124023,104390.34375,2477.19482421875,99.19000244140625,3322.699951171875,4.829999923706055,19529.94921875,32.689998626708984,295.1400146484375,687.9296073823476,45.0
2025-06-07,2.1785459518432617,105615.625,2526.50537109375,99.19000244140625,3322.699951171875,4.829999923706055,19529.94921875,32.689998626708984,295.1400146484375,687.9296073823476,52.0
2025-06-08,2.2654950618743896,105793.6484375,2510.787109375,99.19000244140625,3322.699951171875,4.829999923706055,19529.94921875,32.689998626708984,295.1400146484375,687.9296073823476,62.0
2025-06-09,2.3203749656677246,110294.1015625,2681.51708984375,98.94000244140625,3332.10009765625,4.9095001220703125,19591.240234375,33.38999938964844,308.5799865722656,678.7045554143136,62.0
2025-06-10,2.3052849769592285,110257.234375,2813.517578125,99.05000305175781,3320.89990234375,4.883999824523926,19714.990234375,33.22999954223633,326.0899963378906,679.9549593897577,71.0
2025-06-11,2.2708730697631836,108686.625,2773.529296875,98.62999725341797,3321.300048828125,4.801000118255615,19615.880859375,32.95000076293945,326.42999267578125,691.7933695104508,72.0
2025-06-12,2.1947689056396484,105929.0546875,2651.795166015625,97.91999816894531,3380.89990234375,4.821499824523926,19662.490234375,33.060001373291016,319.1099853515625,701.2133206242685,71.0
2025-06-13,2.1490299701690674,106090.96875,2579.486083984375,98.18000030517578,3431.199951171875,4.802999973297119,19406.830078125,32.970001220703125,325.30999755859375,714.386835362911,61.0
2025-06-14,2.1414060592651367,105472.40625,2533.444091796875,98.18000030517578,3431.199951171875,4.802999973297119,19406.830078125,32.970001220703125,325.30999755859375,714.386835362911,63.0
2025-06-15,2.1671769618988037,105552.0234375,2546.837158203125,98.18000030517578,3431.199951171875,4.802999973297119,19406.830078125,32.970001220703125,325.30999755859375,714.386835362911,60.0
2025-06-16,2.241771936416626,106796.7578125,2540.60498046875,98.0,3396.39990234375,4.826499938964844,19701.2109375,33.029998779296875,329.1300048828125,703.6983207902387,61.0
2025-06-17,2.1607139110565186,104601.1171875,2510.761474609375,98.81999969482422,3386.60009765625,4.80049991607666,19521.08984375,33.7400016784668,316.3500061035156,705.4682130739503,68.0
2025-06-18,2.1696650981903076,104883.328125,2524.301513671875,98.91000366210938,3389.800048828125,4.84499979019165,19546.26953125,33.27000045776367,322.04998779296875,699.6491631827371,52.0
2025-06-19,2.165937900543213,104684.2890625,2521.653564453125,98.91000366210938,3389.800048828125,4.84499979019165,19546.26953125,33.27000045776367,322.04998779296875,699.6491631827371,57.0
2025-06-20,2.120347023010254,103309.6015625,2407.30419921875,98.70999908447266,3368.10009765625,4.826000213623047,19447.41015625,32.720001220703125,322.1600036621094,697.9071588411099,54.0
2025-06-21,2.057558059692383,102257.40625,2300.49560546875,98.70999908447266,3368.10009765625,4.826000213623047,19447.41015625,32.720001220703125,322.1600036621094,697.9071588411099,49.0
2025-06-22,2.0140280723571777,100987.140625,2228.213134765625,98.70999908447266,3368.10009765625,4.826000213623047,19447.41015625,32.720001220703125,322.1600036621094,697.9071588411099,42.0
2025-06-23,2.166309118270874,105577.7734375,2421.824951171875,98.41999816894531,3377.699951171875,4.8429999351501465,19630.970703125,32.959999084472656,348.67999267578125,697.4396028083277,47.0
2025-06-24,2.1908159255981445,106045.6328125,2448.0087890625,97.86000061035156,3317.39990234375,4.867000102996826,19912.529296875,32.61000061035156,340.4700012207031,681.610814082597,65.0
2025-06-25,2.1858720779418945,107361.2578125,2419.310302734375,97.68000030517578,3327.10009765625,4.913000106811523,19973.55078125,33.0099983215332,327.54998779296875,677.2033432369487,66.0
2025-06-26,2.1058549880981445,106960.0,2416.146728515625,97.1500015258789,3333.5,5.065499782562256,20167.91015625,33.34000015258789,325.7799987792969,658.079191213356,74.0
2025-06-27,2.1426188945770264,107088.4296875,2423.866943359375,97.4000015258789,3273.699951171875,5.06850004196167,20273.4609375,32.619998931884766,323.6300048828125,645.8912743551738,65.0
2025-06-28,2.1860439777374268,107327.703125,2437.109375,97.4000015258789,3273.699951171875,5.06850004196167,20273.4609375,32.619998931884766,323.6300048828125,645.8912743551738,65.0
2025-06-29,2.2070729732513428,108385.5703125,2500.9599609375,97.4000015258789,3273.699951171875,5.06850004196167,20273.4609375,32.619998931884766,323.6300048828125,645.8912743551738,68.0
2025-06-30,2.2387499809265137,107135.3359375,2486.46435546875,96.87999725341797,3294.39990234375,5.03000020980835,20369.73046875,32.810001373291016,317.6600036621094,654.9502514770812,66.0
2025-07-01,2.1721949577331543,105698.28125,2405.792724609375,96.81999969482422,3336.699951171875,5.047999858856201,20202.890625,32.72999954223633,300.7099914550781,660.9944620576752,64.0
2025-07-02,2.233768939971924,108859.3203125,2571.33544921875,96.77999877929688,3348.0,5.14900016784668,20393.130859375,33.2400016784668,315.6499938964844,650.22332314278,63.0
2025-07-03,2.257658004760742,109647.9765625,2591.00732421875,97.18000030517578,3331.60009765625,5.0970001220703125,20601.099609375,33.5099983215332,315.3500061035156,653.6393992282292,73.0
2025-07-04,2.2211389541625977,108034.3359375,2508.518310546875,97.18000030517578,3332.5,5.018499851226807,20601.099609375,33.5099983215332,315.3500061035156,664.0430604347528,73.0
2025-07-05,2.218522071838379,108231.1796875,2517.280029296875,97.18000030517578,3332.5,5.018499851226807,20601.099609375,33.5099983215332,315.3500061035156,664.0430604347528,67.0
2025-07-06,2.272541046142578,109232.0703125,2571.236572265625,97.18000030517578,3332.5,5.018499851226807,20601.099609375,33.5099983215332,315.3500061035156,664.0430604347528,66.0
2025-07-07,2.274077892303467,108299.8515625,2543.01318359375,97.4800033569336,3332.199951171875,4.984499931335449,20412.51953125,33.43000030517578,293.94000244140625,668.512387817229,73.0
2025-07-08,2.3112339973449707,108950.2734375,2615.505859375,97.51000213623047,3307.0,5.644999980926514,20418.4609375,33.290000915527344,297.80999755859375,585.8281684984563,65.0
2025-07-09,2.4056360721588135,111326.5546875,2770.777587890625,97.47000122070312,3311.60009765625,5.44350004196167,20611.33984375,33.0,295.8800048828125,608.3586060675129,66.0
2025-07-10,2.5466830730438232,115987.203125,2954.84521484375,97.6500015258789,3317.39990234375,5.547999858856201,20630.66015625,33.75,309.8699951171875,597.945203089403,71.0
2025-07-11,2.7348639965057373,117516.9921875,2957.88623046875,97.8499984741211,3356.0,5.561999797821045,20585.529296875,35.029998779296875,313.510009765625,603.3801010411288,71.0
2025-07-12,2.737636089324951,117435.2265625,2942.91162109375,97.8499984741211,3356.0,5.561999797821045,20585.529296875,35.029998779296875,313.510009765625,603.3801010411288,79.0
2025-07-13,2.8359410762786865,119116.1171875,2973.35888671875,97.8499984741211,3356.0,5.561999797821045,20585.529296875,35.029998779296875,313.510009765625,603.3801010411288,74.0
2025-07-14,2.954977035522461,119849.703125,3013.350830078125,98.08000183105469,3351.5,5.514999866485596,20640.330078125,34.630001068115234,316.8999938964844,607.7062703785206,74.0
2025-07-15,2.918951988220215,117777.1875,3139.8896484375,98.62000274658203,3329.800048828125,5.546000003814697,20677.80078125,34.2599983215332,310.7799987792969,600.3966906847807,73.0
2025-07-16,3.041404962539673,118738.5078125,3371.5068359375,98.38999938964844,3352.5,5.496500015258789,20730.490234375,34.40999984741211,321.6700134277344,609.933592412108,70.0
2025-07-17,3.495129108428955,119289.84375,3476.784423828125,98.7300033569336,3340.10009765625,5.486000061035156,20885.650390625,34.650001525878906,319.4100036621094,608.8406964082324,74.0
2025-07-18,3.4182119369506836,118003.2265625,3549.016357421875,98.4800033569336,3353.0,5.578000068664551,20895.650390625,34.61000061035156,329.6499938964844,601.1115021019987,73.0
2025-07-19,3.429405927658081,117939.9765625,3595.273681640625,98.4800033569336,3353.0,5.578000068664551,20895.650390625,34.61000061035156,329.6499938964844,601.1115021019987,74.0
2025-07-20,3.459528923034668,117300.7890625,3759.471435546875,98.4800033569336,3353.0,5.578000068664551,20895.650390625,34.61000061035156,329.6499938964844,601.1115021019987,72.0
2025-07-21,3.55576491355896,117439.5390625,3763.371337890625,97.8499984741211,3401.89990234375,5.610499858856201,20974.1796875,35.349998474121094,328.489990234375,606.3452433696856,71.0
2025-07-22,3.551676034927368,119995.4140625,3749.1455078125,97.38999938964844,3439.199951171875,5.697000026702881,20892.689453125,35.720001220703125,332.1099853515625,603.6861392051459,72.0
2025-07-23,3.1849300861358643,118754.9609375,3629.70361328125,97.20999908447266,3394.10009765625,5.795000076293945,21020.01953125,35.689998626708984,332.55999755859375,585.6945734204141,74.0
2025-07-24,3.143894910812378,118368.0,3708.005615234375,97.37999725341797,3371.0,5.7769999504089355,21057.9609375,35.4900016784668,305.29998779296875,583.5208635861902,71.0
2025-07-25,3.1417200565338135,117635.8828125,3727.266845703125,97.6500015258789,3334.0,5.763500213623047,21108.3203125,34.65999984741211,316.05999755859375,578.4679233843879,70.0
2025-07-26,3.167534112930298,117947.3671875,3741.39599609375,97.6500015258789,3334.0,5.763500213623047,21108.3203125,34.65999984741211,316.05999755859375,578.4679233843879,72.0
2025-07-27,3.2412819862365723,119448.4921875,3875.24658203125,97.6500015258789,3334.0,5.763500213623047,21108.3203125,34.65999984741211,316.05999755859375,578.4679233843879,73.0
2025-07-28,3.11584210395813,117924.4765625,3787.42578125,98.66000366210938,3309.10009765625,5.59499979019165,21178.580078125,34.63999938964844,325.5899963378906,591.4388242618505,75.0
2025-07-29,3.1284310817718506,117922.1484375,3793.454833984375,98.91000366210938,3323.39990234375,5.603499889373779,21098.2890625,34.65999984741211,321.20001220703125,593.0935964942363,73.0
2025-07-30,3.0983760356903076,117831.1875,3808.20166015625,99.94000244140625,3295.800048828125,5.570000171661377,21129.669921875,33.5099983215332,319.0400085449219,591.7055560601677,74.0
2025-07-31,3.025170087814331,115758.203125,3696.707763671875,100.02999877929688,3293.199951171875,4.33050012588501,21122.44921875,33.31999969482422,308.2699890136719,760.4664254567721,72.0
2025-08-01,2.96459698677063,113320.0859375,3488.365966796875,98.69000244140625,3347.699951171875,4.412499904632568,20650.130859375,33.59000015258789,302.6300048828125,758.6855577395509,65.0
2025-08-02,2.766371965408325,112526.9140625,3392.7412109375,98.69000244140625,3347.699951171875,4.412499904632568,20650.130859375,33.59000015258789,302.6300048828125,758.6855577395509,55.0
2025-08-03,2.9495439529418945,114217.671875,3497.379150390625,98.69000244140625,3347.699951171875,4.412499904632568,20650.130859375,33.59000015258789,302.6300048828125,758.6855577395509,53.0
2025-08-04,3.072809934616089,115071.8828125,3718.986083984375,98.77999877929688,3374.39990234375,4.414999961853027,21053.580078125,33.97999954223633,309.260009765625,764.3034952434008,64.0
2025-08-05,2.963747978210449,114141.4453125,3611.8994140625,98.77999877929688,3381.89990234375,4.363999843597412,20916.55078125,34.349998474121094,308.7200012207031,774.9541758818947,60.0
2025-08-06,2.9918880462646484,115028.0,3683.920654296875,98.18000030517578,3380.0,4.390999794006348,21169.419921875,34.349998474121094,319.9100036621094,769.7563558562795,54.0
2025-08-07,3.3182079792022705,117496.8984375,3914.325927734375,98.4000015258789,3400.300048828125,4.378499984741211,21242.69921875,34.7599983215332,322.2699890136719,776.5901703044309,62.0
2025-08-08,3.2871201038360596,116688.7265625,4009.848876953125,98.18000030517578,3439.10009765625,4.45550012588501,21450.01953125,34.880001068115234,329.6499938964844,771.8774549407359,74.0
2025-08-09,3.2278831005096436,116500.359375,4263.59912109375,98.18000030517578,3439.10009765625,4.45550012588501,21450.01953125,34.880001068115234,329.6499938964844,771.8774549407359,67.0
2025-08-10,3.1878559589385986,119306.7578125,4254.2177734375,98.18000030517578,3439.10009765625,4.45550012588501,21450.01953125,34.880001068115234,329.6499938964844,771.8774549407359,69.0
2025-08-11,3.134514093399048,118731.4453125,4226.966796875,98.5199966430664,3353.10009765625,4.423500061035156,21385.400390625,34.18000030517578,339.0299987792969,758.0196793015486,70.0
2025-08-12,3.2665059566497803,120172.90625,4590.9248046875,98.0999984741211,3348.89990234375,4.508500099182129,21681.900390625,34.40999984741211,340.8399963378906,742.796901113801,68.0
2025-08-13,3.2805910110473633,123344.0625,4756.27587890625,97.83999633789062,3358.699951171875,4.48199987411499,21713.140625,35.0,339.3800048828125,749.3752890466288,73.0
2025-08-14,3.083522081375122,118359.578125,4548.16650390625,98.25,3335.199951171875,4.4644999504089355,21710.669921875,34.5,335.5799865722656,747.0489390119446,75.0
2025-08-15,3.078666925430298,117398.3515625,4439.98876953125,97.8499984741211,3336.0,4.478000164031982,21622.98046875,34.5,330.55999755859375,744.9754081733379,60.0
2025-08-16,3.108139991760254,117491.3515625,4426.18017578125,97.8499984741211,3336.0,4.478000164031982,21622.98046875,34.5,330.55999755859375,744.9754081733379,56.0
2025-08-17,3.089040994644165,117453.0625,4473.271484375,97.8499984741211,3336.0,4.478000164031982,21622.98046875,34.5,330.55999755859375,744.9754081733379,64.0
2025-08-18,3.0614829063415527,116252.3125,4312.5048828125,98.16999816894531,3331.699951171875,4.456999778747559,21629.76953125,34.54999923706055,335.1600036621094,747.5207800230363,60.0
2025-08-19,2.852924108505249,112831.1796875,4073.464111328125,98.2699966430664,3313.39990234375,4.408999919891357,21314.94921875,33.869998931884766,329.30999755859375,751.5082700263229,56.0
2025-08-20,2.950748920440674,114274.7421875,4334.50048828125,98.22000122070312,3343.39990234375,4.426000118255615,21172.859375,34.43000030517578,323.8999938964844,755.3998673776489,44.0
2025-08-21,2.8504741191864014,112419.03125,4223.2099609375,98.62000274658203,3336.89990234375,4.43149995803833,21100.310546875,34.61000061035156,320.1099853515625,752.9955847773219,50.0
2025-08-22,3.075773000717163,116874.0859375,4831.3486328125,97.72000122070312,3374.39990234375,4.447500228881836,21496.5390625,35.34000015258789,340.010009765625,758.718320109479,50.0
2025-08-23,3.0462141036987305,115374.328125,4776.09033203125,97.72000122070312,3374.39990234375,4.447500228881836,21496.5390625,35.34000015258789,340.010009765625,758.718320109479,60.0
2025-08-24,3.0258688926696777,113458.4296875,4779.6474609375,97.72000122070312,3374.39990234375,4.447500228881836,21496.5390625,35.34000015258789,340.010009765625,758.718320109479,53.0
2025-08-25,2.861272096633911,110124.3515625,4372.98779296875,98.43000030517578,3373.800048828125,4.4664998054504395,21449.2890625,35.02000045776367,346.6000061035156,755.3565869881153,47.0
2025-08-26,3.0122179985046387,111802.65625,4600.4267578125,98.2300033569336,3388.60009765625,4.450500011444092,21544.26953125,35.02000045776367,351.6700134277344,761.3976157606439,48.0
2025-08-27,2.966618061065674,111222.0625,4503.39306640625,98.2300033569336,3404.60009765625,4.4145002365112305,21590.140625,34.9900016784668,349.6000061035156,771.2311508101533,51.0
2025-08-28,2.967094898223877,112544.8046875,4507.177734375,97.80999755859375,3431.800048828125,4.463500022888184,21705.16015625,35.52000045776367,345.9800109863281,768.8585260961913,48.0
2025-08-29,2.8219571113586426,108410.8359375,4360.15283203125,97.7699966430664,3473.699951171875,4.518499851226807,21455.55078125,36.189998626708984,333.8699951171875,768.7728373452838,50.0
2025-08-30,2.818186044692993,108808.0703125,4374.1533203125,97.7699966430664,3473.699951171875,4.518499851226807,21455.55078125,36.189998626708984,333.8699951171875,768.7728373452838,39.0
2025-08-31,2.7766408920288086,108236.7109375,4390.01904296875,97.7699966430664,3473.699951171875,4.518499851226807,21455.55078125,36.189998626708984,333.8699951171875,768.7728373452838,48.0
2025-09-01,2.753695011138916,109250.59375,4314.47021484375,97.7699966430664,3473.699951171875,4.518499851226807,21455.55078125,36.189998626708984,333.8699951171875,768.7728373452838,46.0
2025-09-02,2.861859083175659,111200.5859375,4325.36572265625,98.4000015258789,3549.39990234375,4.569499969482422,21279.630859375,37.150001525878906,329.3599853515625,776.7589289962909,49.0
2025-09-03,2.8448948860168457,111723.2109375,4450.38916015625,98.13999938964844,3593.199951171875,4.558499813079834,21497.73046875,37.34000015258789,334.0899963378906,788.2417677986524,55.0
2025-09-04,2.795828104019165,110723.6015625,4298.744140625,98.3499984741211,3565.800048828125,4.48799991607666,21707.689453125,36.93000030517578,338.5299987792969,794.5187423143475,51.0
2025-09-05,2.8162479400634766,110650.984375,4306.98876953125,97.7699966430664,3613.199951171875,4.482500076293945,21700.390625,37.209999084472656,350.8399963378906,806.068017774404,48.0
2025-09-06,2.810854911804199,110224.6953125,4274.2421875,97.7699966430664,3613.199951171875,4.482500076293945,21700.390625,37.209999084472656,350.8399963378906,806.068017774404,48.0
2025-09-07,2.8785619735717773,111167.6171875,4305.34765625,97.7699966430664,3613.199951171875,4.482500076293945,21700.390625,37.209999084472656,350.8399963378906,806.068017774404,44.0
2025-09-08,2.9704010486602783,112071.4296875,4308.072265625,97.44999694824219,3638.10009765625,4.490499973297119,21798.69921875,37.5099983215332,346.3999938964844,810.1770669837015,51.0
2025-09-09,2.9466140270233154,111530.546875,4309.04150390625,97.79000091552734,3643.300048828125,4.500999927520752,21879.490234375,37.18000030517578,346.9700012207031,809.4423700279714,48.0
2025-09-10,2.98170804977417,113955.359375,4349.14599609375,97.77999877929688,3643.60009765625,4.550000190734863,21886.060546875,37.40999984741211,347.7900085449219,800.791196685154,49.0
2025-09-11,3.0409340858459473,115507.5390625,4461.2333984375,97.54000091552734,3636.89990234375,4.5904998779296875,22043.0703125,37.790000915527344,368.80999755859375,792.266637415529,54.0
2025-09-12,3.1076419353485107,116101.578125,4715.24609375,97.55000305175781,3649.39990234375,4.588500022888184,22141.099609375,38.34000015258789,395.94000244140625,795.336141253122,57.0
2025-09-13,3.121467113494873,115950.5078125,4668.1796875,97.55000305175781,3649.39990234375,4.588500022888184,22141.099609375,38.34000015258789,395.94000244140625,795.336141253122,52.0
2025-09-14,3.032525062561035,115407.65625,4609.59765625,97.55000305175781,3649.39990234375,4.588500022888184,22141.099609375,38.34000015258789,395.94000244140625,795.336141253122,55.0
2025-09-15,2.9971089363098145,115444.875,4526.8203125,97.30000305175781,3682.199951171875,4.6554999351501465,22348.75,38.7599983215332,410.0400085449219,790.9354532196162,53.0
2025-09-16,3.038494110107422,116843.1875,4503.564453125,96.62999725341797,3688.89990234375,4.632999897003174,22333.9609375,38.599998474121094,421.6199951171875,796.2227464606444,52.0
2025-09-17,3.084991931915283,116468.5078125,4592.7333984375,96.87000274658203,3681.800048828125,4.571000099182129,22261.330078125,37.790000915527344,425.8599853515625,805.4692559483635,53.0
2025-09-18,3.0762689113616943,117137.203125,4589.9189453125,97.3499984741211,3643.699951171875,4.540999889373779,22470.720703125,37.9900016784668,416.8500061035156,802.4003611403643,52.0
2025-09-19,2.991852045059204,115688.859375,4470.9169921875,97.63999938964844,3671.5,4.568999767303467,22631.48046875,39.040000915527344,426.07000732421875,803.5675611703624,53.0
2025-09-20,2.97891902923584,115721.9609375,4482.265625,97.63999938964844,3671.5,4.568999767303467,22631.48046875,39.040000915527344,426.07000732421875,803.5675611703624,48.0
2025-09-21,2.9734089374542236,115306.09375,4451.3291015625,97.63999938964844,3671.5,4.568999767303467,22631.48046875,39.040000915527344,426.07000732421875,803.5675611703624,49.0
2025-09-22,2.8530099391937256,112748.5078125,4202.87744140625,97.33000183105469,3740.699951171875,4.572999954223633,22788.98046875,40.040000915527344,434.2099914550781,817.996936063154,45.0
2025-09-23,2.8281569480895996,112014.5,4165.50390625,97.26000213623047,3780.60009765625,4.584499835968018,22573.470703125,39.959999084472656,425.8500061035156,824.6483221561673,43.0
2025-09-24,2.928035020828247,113328.6328125,4153.46923828125,97.87000274658203,3732.10009765625,4.752500057220459,22497.859375,39.81999969482422,442.7900085449219,785.2919626978397,44.0
2025-09-25,2.742319107055664,109049.2890625,3868.333984375,98.55000305175781,3736.89990234375,4.699999809265137,22384.69921875,41.029998779296875,423.3900146484375,795.0851178711066,44.0
2025-09-26,2.7858119010925293,109712.828125,4035.887939453125,98.1500015258789,3775.300048828125,4.7154998779296875,22484.0703125,41.86000061035156,440.3999938964844,800.6150241881987,28.0
2025-09-27,2.807734966278076,109681.9453125,4018.658203125,98.1500015258789,3775.300048828125,4.7154998779296875,22484.0703125,41.86000061035156,440.3999938964844,800.6150241881987,33.0
2025-09-28,2.8665859699249268,112122.640625,4141.4765625,98.1500015258789,3775.300048828125,4.7154998779296875,22484.0703125,41.86000061035156,440.3999938964844,800.6150241881987,37.0
2025-09-29,2.8826920986175537,114400.3828125,4217.341796875,97.91000366210938,3820.89990234375,4.841000080108643,22591.150390625,42.5,443.2099914550781,789.2790413376734,50.0
2025-09-30,2.846930980682373,114056.0859375,4145.95751953125,97.7699966430664,3840.800048828125,4.804999828338623,22660.009765625,42.369998931884766,444.7200012207031,799.3340657737589,50.0
2025-10-01,2.9472780227661133,118648.9296875,4351.1123046875,97.70999908447266,3867.5,4.83050012588501,22755.16015625,42.90999984741211,459.4599914550781,800.6417346467668,49.0
2025-10-02,3.0393240451812744,120681.2578125,4487.923828125,97.8499984741211,3839.699951171875,4.8979997634887695,22844.05078125,42.529998779296875,436.0,783.9322451165077,64.0
2025-10-03,3.0408809185028076,122266.53125,4514.87060546875,97.72000122070312,3880.800048828125,5.058000087738037,22780.509765625,43.52000045776367,429.8299865722656,767.2597828213242,63.0
2025-10-04,2.969348907470703,122425.4296875,4489.197265625,97.72000122070312,3880.800048828125,5.058000087738037,22780.509765625,43.52000045776367,429.8299865722656,767.2597828213242,71.0
2025-10-05,2.9706408977508545,123513.4765625,4515.4228515625,97.72000122070312,3880.800048828125,5.058000087738037,22780.509765625,43.52000045776367,429.8299865722656,767.2597828213242,74.0
2025-10-06,2.9907169342041016,124752.53125,4687.771484375,98.11000061035156,3948.5,4.986999988555908,22941.669921875,44.060001373291016,453.25,791.7585741048642,71.0
2025-10-07,2.855971097946167,121451.3828125,4451.15185546875,98.58000183105469,3976.60009765625,5.047999858856201,22788.359375,43.38999938964844,433.0899963378906,787.7575691052587,70.0
2025-10-08,2.8808040618896484,123354.8671875,4527.64794921875,98.8499984741211,4043.300048828125,5.046000003814697,23043.380859375,44.560001373291016,438.69000244140625,801.2881580997728,60.0
2025-10-09,2.8049099445343018,121705.5859375,4369.1435546875,99.54000091552734,3946.300048828125,5.075500011444092,23024.630859375,44.709999084472656,435.5400085449219,777.5194640784397,70.0
2025-10-10,2.3585970401763916,113214.3671875,3843.0087890625,98.9800033569336,3975.89990234375,4.848499774932861,22204.4296875,45.43000030517578,413.489990234375,820.0268303402789,64.0
2025-10-11,2.385982036590576,110807.8828125,3750.611572265625,98.9800033569336,3975.89990234375,4.848499774932861,22204.4296875,45.43000030517578,413.489990234375,820.0268303402789,27.0
2025-10-12,2.5349578857421875,115169.765625,4164.427734375,98.9800033569336,3975.89990234375,4.848499774932861,22204.4296875,45.43000030517578,413.489990234375,820.0268303402789,24.0
2025-10-13,2.6064999103546143,115271.078125,4245.4677734375,99.2699966430664,4108.60009765625,5.100500106811523,22694.609375,47.2599983215332,435.8999938964844,805.5288719961737,38.0
2025-10-14,2.505660057067871,113118.6640625,4125.412109375,99.05000305175781,4138.7001953125,4.980500221252441,22521.69921875,46.79999923706055,429.239990234375,830.9808275185148,38.0
2025-10-15,2.412666082382202,110783.1640625,3987.45947265625,98.79000091552734,4176.89990234375,4.9720001220703125,22670.080078125,48.33000183105469,435.1499938964844,840.084432782458,34.0
2025-10-16,2.3290679454803467,108186.0390625,3894.75439453125,98.38999938964844,4280.2001953125,4.958000183105469,22562.5390625,49.16999816894531,428.75,863.291657369721,28.0
2025-10-17,2.294239044189453,106467.7890625,3832.558837890625,98.43000030517578,4189.89990234375,4.93149995803833,22679.970703125,46.9900016784668,439.30999755859375,849.6197785653887,22.0
2025-10-18,2.3605101108551025,107198.265625,3890.34619140625,98.43000030517578,4189.89990234375,4.93149995803833,22679.970703125,46.9900016784668,439.30999755859375,849.6197785653887,23.0
2025-10-19,2.390631914138794,108666.7109375,3984.649658203125,98.43000030517578,4189.89990234375,4.93149995803833,22679.970703125,46.9900016784668,439.30999755859375,849.6197785653887,29.0
2025-10-20,2.4934189319610596,110588.9296875,3980.76025390625,98.58999633789062,4336.39990234375,4.998000144958496,22990.5390625,47.720001220703125,447.42999267578125,867.6270061172157,29.0
2025-10-21,2.4242711067199707,108476.890625,3876.76416015625,98.93000030517578,4087.699951171875,4.929999828338623,22953.669921875,43.790000915527344,442.6000061035156,829.1480919887582,34.0
2025-10-22,2.3638620376586914,107688.5859375,3808.122314453125,98.9000015258789,4044.39990234375,4.960999965667725,22740.400390625,43.880001068115234,438.9700012207031,815.2388490894486,25.0
2025-10-23,2.3951499462127686,110069.7265625,3856.0263671875,98.94000244140625,4125.5,5.081999778747559,22941.80078125,44.18000030517578,448.9800109863281,811.7867334926794,27.0
2025-10-24,2.507473945617676,111033.921875,3934.5673828125,98.94999694824219,4118.39990234375,5.093500137329102,23204.869140625,43.9900016784668,433.7200012207031,808.5598883488656,30.0
2025-10-25,2.596446990966797,111641.7265625,3953.470947265625,98.94999694824219,4118.39990234375,5.093500137329102,23204.869140625,43.9900016784668,433.7200012207031,808.5598883488656,37.0
2025-10-26,2.645145893096924,114472.4453125,4157.9892578125,98.94999694824219,4118.39990234375,5.093500137329102,23204.869140625,43.9900016784668,433.7200012207031,808.5598883488656,40.0
2025-10-27,2.634629964828491,114119.328125,4120.1220703125,98.77999877929688,4001.89990234375,5.140500068664551,23637.4609375,42.400001525878906,452.4200134277344,778.5040071759794,51.0
2025-10-28,2.6059770584106445,112956.1640625,3982.262451171875,98.69000244140625,3966.199951171875,5.140500068664551,23827.490234375,42.70000076293945,460.54998779296875,771.5591670446671,50.0
2025-10-29,2.552021026611328,110055.3046875,3903.35302734375,99.22000122070312,3983.699951171875,5.233500003814697,23958.470703125,43.22999954223633,461.510009765625,761.1923088312137,51.0
2025-10-30,2.4397149085998535,108305.546875,3804.375244140625,99.52999877929688,4001.300048828125,5.078000068664551,23581.140625,44.34000015258789,440.1000061035156,787.9677027811495,34.0
2025-10-31,2.508733034133911,109556.1640625,3847.080322265625,99.80000305175781,3982.199951171875,5.065499782562256,23724.9609375,44.0099983215332,456.55999755859375,786.1415698566232,29.0
2025-11-01,2.505173921585083,110064.015625,3874.18798828125,99.80000305175781,3982.199951171875,5.065499782562256,23724.9609375,44.0099983215332,456.55999755859375,786.1415698566232,33.0
2025-11-02,2.529094934463501,110639.625,3911.063232421875,99.80000305175781,3982.199951171875,5.065499782562256,23724.9609375,44.0099983215332,456.55999755859375,786.1415698566232,37.0
2025-11-03,2.309377908706665,106547.5234375,3602.30810546875,99.87000274658203,4000.300048828125,5.046999931335449,23834.720703125,43.7599983215332,468.3699951171875,792.6094914310085,42.0
2025-11-04,2.210616111755371,101590.5234375,3292.574462890625,100.22000122070312,3947.699951171875,4.926000118255615,23348.640625,42.7400016784668,444.260009765625,801.4007016649903,21.0
2025-11-05,2.3452250957489014,103891.8359375,3425.171142578125,100.19999694824219,3980.300048828125,4.9629998207092285,23499.80078125,43.650001525878906,462.07000732421875,801.9948000440039,23.0
2025-11-06,2.210848093032837,101301.2890625,3312.2578125,99.7300033569336,3979.89990234375,4.945499897003174,23053.990234375,43.54999923706055,445.9100036621094,804.7517915742858,27.0
2025-11-07,2.3141629695892334,103372.40625,3435.301025390625,99.5999984741211,3999.39990234375,4.938000202178955,23004.5390625,43.91999816894531,429.5199890136719,809.9229928299646,24.0
2025-11-08,2.2848949432373047,102282.1171875,3400.3759765625,99.5999984741211,3999.39990234375,4.938000202178955,23004.5390625,43.91999816894531,429.5199890136719,809.9229928299646,20.0
2025-11-09,2.367656946182251,104719.640625,3582.621337890625,99.5999984741211,3999.39990234375,4.938000202178955,23004.5390625,43.91999816894531,429.5199890136719,809.9229928299646,22.0
2025-11-10,2.526365041732788,105996.59375,3568.4599609375,99.62000274658203,4111.7998046875,5.086999893188477,23527.169921875,45.790000915527344,445.2300109863281,808.2956341699996,29.0
2025-11-11,2.391724109649658,102997.46875,3415.2822265625,99.45999908447266,4106.7998046875,5.048500061035156,23468.30078125,46.45000076293945,439.6199951171875,813.4692988090075,26.0
2025-11-12,2.3868958950042725,101663.1875,3413.09423828125,99.4800033569336,4204.39990234375,5.0894999504089355,23406.4609375,48.31999969482422,430.6000061035156,826.0929252992588,24.0
2025-11-13,2.3311400413513184,99697.4921875,3232.757080078125,99.18000030517578,4186.89990234375,5.087500095367432,22870.359375,47.41999816894531,401.989990234375,822.9778523554725,15.0
2025-11-14,2.2439820766448975,94397.7890625,3103.78564453125,99.2699966430664,4087.60009765625,5.049499988555908,22900.58984375,45.959999084472656,404.3500061035156,809.5059128468779,16.0
2025-11-15,2.235245943069458,95549.1484375,3166.63134765625,99.2699966430664,4087.60009765625,5.049499988555908,22900.58984375,45.959999084472656,404.3500061035156,809.5059128468779,10.0
2025-11-16,2.216609001159668,94177.078125,3092.847412109375,99.2699966430664,4087.60009765625,5.049499988555908,22900.58984375,45.959999084472656,404.3500061035156,809.5059128468779,10.0
2025-11-17,2.162097930908203,92093.875,3024.538818359375,99.58999633789062,4068.300048828125,5.0,22708.0703125,45.470001220703125,408.9200134277344,813.660009765625,14.0
2025-11-18,2.2164790630340576,92948.875,3122.97900390625,99.55000305175781,4061.300048828125,4.962500095367432,22432.849609375,46.099998474121094,401.25,818.3979789984104,11.0
2025-11-19,2.1076180934906006,91465.9921875,3023.07080078125,100.2300033569336,4077.699951171875,5.007999897003174,22564.23046875,46.45000076293945,403.989990234375,814.2372274432358,15.0
2025-11-20,1.9987870454788208,86631.8984375,2831.777587890625,100.16000366210938,4056.5,4.959499835968018,22078.05078125,45.779998779296875,395.2300109863281,817.9252211242858,11.0
2025-11-21,1.9504029750823975,85090.6875,2765.69921875,100.18000030517578,4076.699951171875,5.008500099182129,22273.080078125,45.29999923706055,391.0899963378906,813.956248466,14.0
2025-11-22,1.9497510194778442,84648.359375,2767.607421875,100.18000030517578,4076.699951171875,5.008500099182129,22273.080078125,45.29999923706055,391.0899963378906,813.956248466,11.0
2025-11-23,2.046264886856079,86805.0078125,2801.676025390625,100.18000030517578,4076.699951171875,5.008500099182129,22273.080078125,45.29999923706055,391.0899963378906,813.956248466,13.0
2025-11-24,2.2258780002593994,88270.5625,2952.71337890625,100.13999938964844,4091.89990234375,4.961999893188477,22872.009765625,46.630001068115234,417.7799987792969,824.6473176996345,19.0
2025-11-25,2.1985440254211426,87341.890625,2957.936279296875,99.66000366210938,4139.2001953125,4.999499797821045,23025.58984375,46.66999816894531,419.3999938964844,827.9228648266986,20.0
2025-11-26,2.2242848873138428,90518.3671875,3027.81201171875,99.5999984741211,4165.2001953125,5.104499816894531,23214.689453125,48.400001525878906,426.5799865722656,815.9859623320584,15.0
2025-11-27,2.200824022293091,91285.375,3014.542236328125,99.5999984741211,4165.2001953125,5.104499816894531,23214.689453125,48.400001525878906,426.5799865722656,815.9859623320584,22.0
2025-11-28,2.1806480884552,90919.265625,3032.304443359375,99.45999908447266,4218.2998046875,5.185500144958496,23365.689453125,51.209999084472656,430.1700134277344,813.479835457851,25.0
2025-11-29,2.2033770084381104,90851.7578125,2991.685302734375,99.45999908447266,4218.2998046875,5.185500144958496,23365.689453125,51.209999084472656,430.1700134277344,813.479835457851,28.0
2025-11-30,2.1609671115875244,90394.3125,2992.112548828125,99.45999908447266,4218.2998046875,5.185500144958496,23365.689453125,51.209999084472656,430.1700134277344,813.479835457851,28.0
2025-12-01,2.0309159755706787,86321.5703125,2800.18896484375,99.41000366210938,4239.2998046875,5.218999862670898,23275.919921875,52.52000045776367,430.1400146484375,812.2820303194983,24.0
2025-12-02,2.155522108078003,91350.203125,2997.939697265625,99.36000061035156,4186.60009765625,5.160999774932861,23413.669921875,53.130001068115234,429.239990234375,811.1994342628533,23.0
2025-12-03,2.2019059658050537,93527.8046875,3191.57177734375,98.8499984741211,4199.2998046875,5.308000087738037,23454.08984375,53.06999969482422,446.739990234375,791.1265514837245,28.0
2025-12-04,2.097172975540161,92141.625,3134.31640625,98.98999786376953,4211.7998046875,5.291500091552734,23505.140625,51.7599983215332,454.5299987792969,795.9557274526272,26.0
2025-12-05,2.037606954574585,89387.7578125,3024.432861328125,98.98999786376953,4212.89990234375,5.381999969482422,23578.130859375,52.95000076293945,455.0,782.7759060260452,28.0
2025-12-06,2.0326199531555176,89272.375,3040.207763671875,98.98999786376953,4212.89990234375,5.381999969482422,23578.130859375,52.95000076293945,455.0,782.7759060260452,23.0
2025-12-07,2.0434200763702393,90405.640625,3061.3017578125,98.98999786376953,4212.89990234375,5.381999969482422,23578.130859375,52.95000076293945,455.0,782.7759060260452,20.0
2025-12-08,2.073106050491333,90640.203125,3125.197998046875,99.08999633789062,4187.2001953125,5.364500045776367,23545.900390625,52.709999084472656,439.5799865722656,780.5387565630108,20.0
2025-12-09,2.1084249019622803,92691.7109375,3321.114990234375,99.22000122070312,4206.7001953125,5.240499973297119,23576.490234375,55.16999816894531,445.1700134277344,802.728788617054,22.0
2025-12-10,2.0433449745178223,92020.9453125,3325.39013671875,98.79000091552734,4196.39990234375,5.2754998207092285,23654.150390625,56.06999969482422,451.45001220703125,795.4506767056612,26.0
2025-12-11,2.035507917404175,92511.3359375,3237.056884765625,98.3499984741211,4285.5,5.427000045776367,23593.859375,57.619998931884766,446.8900146484375,789.662790464733,29.0
2025-12-12,2.0091450214385986,90270.4140625,3084.172607421875,98.4000015258789,4300.10009765625,5.2835001945495605,23195.169921875,56.099998474121094,458.9599914550781,813.8733679033868,29.0
2025-12-13,2.023993968963623,90298.7109375,3116.6953125,98.4000015258789,4300.10009765625,5.2835001945495605,23195.169921875,56.099998474121094,458.9599914550781,813.8733679033868,23.0
2025-12-14,1.979287028312683,88175.1796875,3060.5947265625,98.4000015258789,4300.10009765625,5.2835001945495605,23195.169921875,56.099998474121094,458.9599914550781,813.8733679033868,21.0
2025-12-15,1.8986730575561523,86419.78125,2964.18310546875,98.1500015258789,4306.7001953125,5.338500022888184,23057.41015625,58.11000061035156,475.30999755859375,806.724768539484,16.0
2025-12-16,1.9300730228424072,87843.984375,2964.180908203125,98.1500015258789,4304.5,5.2870001792907715,23111.4609375,57.72999954223633,489.8800048828125,814.1667966762639,11.0
2025-12-17,1.8618379831314087,86143.7578125,2831.403564453125,98.37000274658203,4347.5,5.363500118255615,22693.3203125,60.2599983215332,467.260009765625,810.5714373348328,16.0
2025-12-18,1.8077770471572876,85462.5078125,2827.069091796875,98.43000030517578,4339.5,5.366499900817871,23006.359375,59.31999969482422,483.3699951171875,808.6276120751716,17.0
2025-12-19,1.9073920249938965,88103.3828125,2977.970703125,98.5999984741211,4361.39990234375,5.439499855041504,23307.619140625,60.93000030517578,481.20001220703125,801.801639594027,16.0
2025-12-20,1.9323979616165161,88344.0,2977.58251953125,98.5999984741211,4361.39990234375,5.439499855041504,23307.619140625,60.93000030517578,481.20001220703125,801.801639594027,20.0
2025-12-21,1.9220119714736938,88621.75,3001.61376953125,98.5999984741211,4361.39990234375,5.439499855041504,23307.619140625,60.93000030517578,481.20001220703125,801.801639594027,20.0
2025-12-22,1.9027639627456665,88490.015625,3006.07373046875,98.29000091552734,4444.60009765625,5.4375,23428.830078125,62.470001220703125,488.7300109863281,817.3977191091954,25.0
2025-12-23,1.872817039489746,87414.0,2963.3740234375,97.94000244140625,4482.7998046875,5.47599983215332,23561.83984375,64.83999633789062,485.55999755859375,818.626724267947,24.0
2025-12-24,1.861171007156372,87611.9609375,2945.590576171875,97.9800033569336,4480.60009765625,5.498499870300293,23613.310546875,65.22000122070312,485.3999938964844,814.8768215596135,24.0
2025-12-25,1.8318359851837158,87234.7421875,2903.57958984375,97.9800033569336,4480.60009765625,5.498499870300293,23613.310546875,65.22000122070312,485.3999938964844,814.8768215596135,23.0
2025-12-26,1.8429640531539917,87301.4296875,2925.74560546875,98.0199966430664,4529.10009765625,5.766499996185303,23593.099609375,71.12000274658203,475.19000244140625,785.415780916045,20.0
2025-12-27,1.8728530406951904,87802.15625,2947.998291015625,98.0199966430664,4529.10009765625,5.766499996185303,23593.099609375,71.12000274658203,475.19000244140625,785.415780916045,23.0
2025-12-28,1.864359974861145,87835.8359375,2948.568115234375,98.0199966430664,4529.10009765625,5.766499996185303,23593.099609375,71.12000274658203,475.19000244140625,785.415780916045,24.0
2025-12-29,1.8477239608764648,87138.140625,2934.538330078125,98.04000091552734,4325.10009765625,5.490499973297119,23474.349609375,66.01000213623047,459.6400146484375,787.7424858740085,24.0
2025-12-30,1.8754940032958984,88430.1328125,2971.416748046875,98.23999786376953,4370.10009765625,5.727499961853027,23419.080078125,68.9800033569336,454.42999267578125,763.0030775665662,23.0
2025-12-31,1.839972972869873,87508.828125,2967.03759765625,98.27999877929688,4325.60009765625,5.630000114440918,23241.990234375,64.41999816894531,449.7200012207031,768.3126127406482,21.0
2026-01-01,1.8779360055923462,88731.984375,3000.394287109375,98.27999877929688,4325.60009765625,5.630000114440918,23241.990234375,64.41999816894531,449.7200012207031,768.3126127406482,20.0
2026-01-02,2.00581693649292,89944.6953125,3124.422607421875,98.41999816894531,4314.39990234375,5.639999866485596,23235.630859375,65.75,438.07000732421875,764.9645398009814,28.0
2026-01-03,2.017406940460205,90603.1875,3125.91748046875,98.41999816894531,4314.39990234375,5.639999866485596,23235.630859375,65.75,438.07000732421875,764.9645398009814,29.0
2026-01-04,2.0900208950042725,91413.4921875,3140.71044921875,98.41999816894531,4314.39990234375,5.639999866485596,23235.630859375,65.75,438.07000732421875,764.9645398009814,25.0
2026-01-05,2.348797082901001,93882.5546875,3226.13037109375,98.2699966430664,4436.89990234375,5.924499988555908,23395.8203125,69.08000183105469,451.6700134277344,748.9070657294811,26.0
2026-01-06,2.306900978088379,93729.03125,3295.94677734375,98.58000183105469,4482.2001953125,6.010499954223633,23547.169921875,73.70999908447266,432.9599914550781,745.728346967679,44.0
2026-01-07,2.1671249866485596,91308.0546875,3166.843994140625,98.68000030517578,4449.2998046875,5.809000015258789,23584.279296875,70.95999908447266,431.4100036621094,765.9321385781207,42.0
2026-01-08,2.1220970153808594,91027.125,3104.382568359375,98.93000030517578,4449.7001953125,5.746500015258789,23480.01953125,69.70999908447266,435.79998779296875,774.3322341420217,28.0
2026-01-09,2.0916409492492676,90513.1015625,3083.047119140625,99.12999725341797,4490.2998046875,5.855500221252441,23671.349609375,72.37999725341797,445.010009765625,766.8516155784661,27.0
2026-01-10,2.0880179405212402,90386.6484375,3082.39599609375,99.12999725341797,4490.2998046875,5.855500221252441,23671.349609375,72.37999725341797,445.010009765625,766.8516155784661,25.0
2026-01-11,2.0710649490356445,90827.4609375,3118.88525390625,99.12999725341797,4490.2998046875,5.855500221252441,23671.349609375,72.37999725341797,445.010009765625,766.8516155784661,29.0
2026-01-12,2.0525450706481934,91192.9921875,3092.3251953125,98.86000061035156,4604.2998046875,5.985000133514404,23733.900390625,77.2300033569336,448.9599914550781,769.306550037426,27.0
2026-01-13,2.1637980937957764,95321.78125,3322.095458984375,99.12999725341797,4589.2001953125,5.96999979019165,23709.869140625,78.5999984741211,447.20001220703125,768.7102774864882,26.0
2026-01-14,2.139741897583008,96929.328125,3354.72265625,99.12999725341797,4626.2998046875,6.008999824523926,23471.75,84.55999755859375,439.20001220703125,769.8951472434145,48.0
2026-01-15,2.0781290531158447,95551.1875,3317.101318359375,99.31999969482422,4616.2998046875,5.947999954223633,23530.01953125,83.31999969482422,438.57000732421875,776.1095898142195,61.0
2026-01-16,2.0682179927825928,95525.1171875,3295.482177734375,99.38999938964844,4588.39990234375,5.78849983215332,23515.390625,81.0199966430664,437.5,792.6751378408293,49.0
2026-01-17,2.062372922897339,95099.921875,3308.8642578125,99.38999938964844,4588.39990234375,5.78849983215332,23515.390625,81.0199966430664,437.5,792.6751378408293,50.0
2026-01-18,1.992658019065857,93634.4296875,3281.15771484375,99.38999938964844,4588.39990234375,5.78849983215332,23515.390625,81.0199966430664,437.5,792.6751378408293,49.0
2026-01-19,1.9863810539245605,92553.59375,3186.62109375,99.38999938964844,4588.39990234375,5.78849983215332,23515.390625,81.0199966430664,437.5,792.6751378408293,44.0
2026-01-20,1.8895820379257202,88310.90625,2935.605712890625,98.63999938964844,4759.60009765625,5.7729997634887695,22954.3203125,85.38999938964844,419.25,824.4587376840465,32.0
2026-01-21,1.945557951927185,89376.9609375,2978.901123046875,98.76000213623047,4831.7998046875,5.729499816894531,23224.8203125,83.95999908447266,431.44000244140625,843.3196542637124,24.0
2026-01-22,1.9216740131378174,89462.453125,2949.63330078125,98.36000061035156,4908.7998046875,5.742499828338623,23436.01953125,87.12999725341797,449.3599853515625,854.8193211017783,20.0
2026-01-23,1.9195319414138794,89503.875,2953.25634765625,97.5999984741211,4976.2001953125,5.910999774932861,23501.240234375,92.91000366210938,449.05999755859375,841.8542352878064,24.0
2026-01-24,1.9131300449371338,89110.734375,2948.74072265625,97.5999984741211,4976.2001953125,5.910999774932861,23501.240234375,92.91000366210938,449.05999755859375,841.8542352878064,25.0
2026-01-25,1.8330260515213013,86572.21875,2815.90234375,97.5999984741211,4976.2001953125,5.910999774932861,23501.240234375,92.91000366210938,449.05999755859375,841.8542352878064,25.0
2026-01-26,1.9034969806671143,88267.140625,2926.45703125,97.04000091552734,5079.7001953125,5.984000205993652,23601.359375,98.33999633789062,435.20001220703125,848.8803510107848,20.0
2026-01-27,1.9139349460601807,89102.5703125,3022.2109375,96.22000122070312,5079.89990234375,5.828499794006348,23817.099609375,101.58999633789062,430.8999938964844,871.56216554517,29.0
2026-01-28,1.9087259769439697,89184.5703125,3006.607421875,96.44999694824219,5301.60009765625,5.892499923706055,23857.44921875,105.5999984741211,431.4599914550781,899.7200112514959,29.0
2026-01-29,1.8050650358200073,84561.5859375,2818.232666015625,96.27999877929688,5318.39990234375,6.17549991607666,23685.119140625,105.56999969482422,416.55999755859375,861.209614544464,26.0
2026-01-30,1.7324260473251343,84128.65625,2702.375244140625,96.98999786376953,4713.89990234375,5.896999835968018,23461.8203125,75.44000244140625,430.4100036621094,799.3725679949833,16.0
2026-01-31,1.6454709768295288,78621.1171875,2445.091796875,96.98999786376953,4713.89990234375,5.896999835968018,23461.8203125,75.44000244140625,430.4100036621094,799.3725679949833,20.0
2026-02-01,1.5913419723510742,76974.4453125,2267.96484375,96.98999786376953,4713.89990234375,5.896999835968018,23461.8203125,75.44000244140625,430.4100036621094,799.3725679949833,14.0
2026-02-02,1.6205470561981201,78688.765625,2344.356689453125,97.61000061035156,4622.5,5.801499843597412,23592.109375,72.44000244140625,421.80999755859375,796.7767171624478,14.0
2026-02-03,1.5741989612579346,75633.546875,2227.558837890625,97.44000244140625,4903.7001953125,6.0625,23255.189453125,76.95999908447266,421.9599914550781,808.8577641752578,17.0
2026-02-04,1.510475993156433,73019.703125,2143.504150390625,97.62000274658203,4920.39990234375,5.826000213623047,22904.580078125,79.18000030517578,406.010009765625,844.5588262833024,14.0
2026-02-05,1.2135210037231445,62702.09765625,1821.68310546875,97.81999969482422,4861.39990234375,5.798999786376953,22540.58984375,66.69000244140625,397.2099914550781,838.3169652401405,12.0
2026-02-06,1.4715230464935303,70555.390625,2063.386962890625,97.62999725341797,4951.2001953125,5.863500118255615,23031.2109375,70.19000244140625,411.1099853515625,844.410351403809,9.0
2026-02-07,1.4242039918899536,69281.96875,2090.54931640625,97.62999725341797,4951.2001953125,5.863500118255615,23031.2109375,70.19000244140625,411.1099853515625,844.410351403809,6.0
2026-02-08,1.4321850538253784,70264.7265625,2088.762939453125,97.62999725341797,4951.2001953125,5.863500118255615,23031.2109375,70.19000244140625,411.1099853515625,844.410351403809,7.0
2026-02-09,1.4361159801483154,70120.78125,2103.567626953125,96.81999969482422,5050.89990234375,5.945000171661377,23238.669921875,76.04000091552734,417.32000732421875,849.6046688813192,14.0
2026-02-10,1.399487018585205,68793.9609375,2019.4974365234375,96.80000305175781,5003.7998046875,5.895999908447266,23102.470703125,73.41000366210938,425.2099914550781,848.6770492513915,9.0
2026-02-11,1.3680189847946167,66991.96875,1940.621337890625,96.83000183105469,5071.60009765625,5.948999881744385,23066.470703125,76.55999755859375,428.2699890136719,852.5130607615913,11.0
2026-02-12,1.3620699644088745,66221.84375,1946.940673828125,96.93000030517578,4923.7001953125,5.770999908447266,22597.150390625,67.7300033569336,417.07000732421875,853.179738940121,5.0
2026-02-13,1.4074629545211792,68857.84375,2048.52734375,96.87999725341797,5022.0,5.792500019073486,22546.669921875,69.72000122070312,417.44000244140625,866.9831650347188,9.0
2026-02-14,1.5099799633026123,69767.625,2086.009765625,96.87999725341797,5022.0,5.792500019073486,22546.669921875,69.72000122070312,417.44000244140625,866.9831650347188,9.0
2026-02-15,1.474856972694397,68788.1875,1966.04296875,96.87999725341797,5022.0,5.792500019073486,22546.669921875,69.72000122070312,417.44000244140625,866.9831650347188,8.0
2026-02-16,1.4866780042648315,68843.15625,1997.917724609375,96.87999725341797,5022.0,5.792500019073486,22546.669921875,69.72000122070312,417.44000244140625,866.9831650347188,12.0
2026-02-17,1.474403977394104,67494.21875,1992.1943359375,97.16000366210938,4882.89990234375,5.632999897003174,22578.380859375,66.37000274658203,410.6300048828125,866.8382729673958,10.0
2026-02-18,1.4216070175170898,66425.3203125,1953.97412109375,97.69999694824219,4986.5,5.793499946594238,22753.630859375,70.08999633789062,411.32000732421875,860.7059715140516,8.0
