Date,XRP,DXY,NASDAQ,XRP_Return_1d,XRP_Vol_1d,Ret_Week,Ret_Month,Ret_3Month,Ret_6Month,Ret_Year,MA7,MA30,MA90,MA180,MA200,XRP_RSI_14,DXY_Return_1d,NASDAQ_Return_1d,Future_XRP_3d,Target_Buy_Signal
2019-02-16,0.30170300602912903,96.91999816894531,7472.41015625,-0.0001855737953604386,0.0001855737953604386,-0.030778965315131024,-0.0839524712718096,-0.40897364132757363,-0.05506087725979525,-0.7348901239911474,0.30392785583223614,0.3086869329214096,0.3392154226700465,0.38384483953317006,0.3807373458147049,41.78046664152063,0.0,0.0,0.3237679898738861,1
2019-02-17,0.30336999893188477,96.91999816894531,7472.41015625,0.005525277738183343,0.005525277738183343,-0.021099701696923323,-0.06447269999230765,-0.36555507903630313,-0.09489614440678196,-0.7482364894310061,0.3029937148094177,0.3079900324344635,0.3372732447253333,0.38366813394758437,0.3800249357521534,51.03609812205319,0.0,0.0,0.3328799903392792,1
2019-02-18,0.32156801223754883,96.91999816894531,7472.41015625,0.059986199590388756,0.059986199590388756,0.062188542927745116,-0.0284984060308191,-0.2602972622716252,0.005519062497437277,-0.7130035854496708,0.3056832892554147,0.30767559905846914,0.33601593375205996,0.38367793957392377,0.3794815057516098,66.39559381235014,0.0,0.0,0.3212909996509552,0
2019-02-19,0.3237679898738861,96.5199966430664,7486.77001953125,0.00684140695782931,0.00684140695782931,0.06087353157474995,0.008067153188223042,-0.27674015981305766,-0.012025912122028082,-0.7170898952937008,0.30833728824343,0.30776196519533794,0.33463945587476096,0.3836560451322132,0.37889749065041545,68.46755316857417,-0.00412713096817896,0.0019217177565178378,0.3219040036201477,0
2019-02-20,0.3328799903392792,96.44999694824219,7489.06982421875,0.028143611321620687,0.028143611321620687,0.0939779396374778,0.0376882003833916,-0.2187382666642046,0.01609859985319262,-0.6944541463978817,0.3124224288122995,0.30816496511300406,0.3336039003398683,0.38368534511990016,0.3784193556010723,81.4523000948181,-0.0007252351560173009,0.00030718249411965104,0.3326199948787689,0
2019-02-21,0.3212909996509552,96.61000061035156,7459.7099609375,-0.03481432054991407,0.03481432054991407,0.0641981523900621,0.005633963627456273,-0.2114164895583832,-0.021140645481833253,-0.6835787357844698,0.31519128595079693,0.30822496513525643,0.3326468225982454,0.3836467951536179,0.3778576205670834,69.09239223603163,0.001658928638382795,-0.003920361803318229,0.3014430105686188,0
2019-02-22,0.3219040036201477,96.51000213623047,7527.5400390625,0.001907940060127622,0.001907940060127622,0.06675856799842617,0.017099997749467466,-0.14235775142593576,-0.005781784442734472,-0.6581990877424064,0.31806914295469013,0.3084053655465444,0.3320531338453293,0.3836363951365153,0.3773967355489731,58.77234266771708,-0.0010350737344926308,0.009092857293405476,0.32850998640060425,1
2019-02-23,0.3326199948787689,96.51000213623047,7527.5400390625,0.03328940037436223,0.03328940037436223,0.10247491152492816,0.047298818972263845,-0.11195005094747346,-0.012712890313836267,-0.6669987169117852,0.3224858556474958,0.3089060992002487,0.3315872338083055,0.3836126006311841,0.3771548055112362,65.5569129594113,0.0,0.0,0.31947699189186096,0
2019-02-24,0.3014430105686188,96.51000213623047,7527.5400390625,-0.09373153986582594,0.09373153986582594,-0.0063519410951992095,-0.04957034157400886,-0.15194212169475596,-0.14323109083576724,-0.6841551031466052,0.3222105715956007,0.30838203330834707,0.3309871451722251,0.383332633972168,0.37700230062007906,45.697131340108555,0.0,0.0,0.3131060004234314,1
2019-02-25,0.32850998640060425,96.41000366210938,7554.4599609375,0.08979135320115206,0.08979135320115206,0.021587887783836024,0.04542773566368741,-0.08788525340989062,-0.04725312366326129,-0.651812912748905,0.3232022821903229,0.30885786612828575,0.3306354449854957,0.38324211719963286,0.37691099554300306,60.893684700683956,-0.0010361462222323592,0.003576191124232464,0.3150779902935028,0
2019-02-26,0.31947699189186096,96.0,7549.2998046875,-0.027496864274098254,0.027496864274098254,-0.013253311371814624,0.032439312148164534,-0.18199648406804225,-0.04759963300153802,-0.666119047455902,0.322589282478605,0.3091924657424291,0.32984566721651287,0.3831534115804566,0.3769062505662441,55.72125540329915,-0.00425270870797112,-0.0006830609039801816,0.31731200218200684,0
2019-02-27,0.3131060004234314,96.1500015258789,7554.509765625,-0.019941941454694967,0.019941941454694967,-0.05940275922170524,0.06186946379407243,-0.1750859984389117,-0.06628059767816474,-0.6694771033617584,0.31976442677634104,0.3098005662361781,0.32910726732677886,0.38302993377049765,0.3769654706120491,53.38464124291525,0.0015625158945720141,0.0006901250542818982,0.3151260018348694,0
2019-02-28,0.3150779902935028,96.16000366210938,7532.52978515625,0.006298154195079508,0.006298154195079508,-0.01933763897588825,0.08813432010896727,-0.1307114504128113,-0.09387704272205177,-0.6516870224158798,0.3188768540109907,0.31065123279889423,0.3285808559921053,0.3828485836585363,0.3770515105128288,55.068080126218575,0.00010402637620110511,-0.0029095177782103576,0.3125540018081665,0
2019-03-01,0.31731200218200684,96.52999877929688,7595.35009765625,0.007090345747168714,0.007090345747168714,-0.014265126828181707,-0.009826477298608305,-0.14908313978918453,-0.07360383323479647,-0.6581967679391396,0.318220853805542,0.31054626603921254,0.32796314491166006,0.3827085225118531,0.3772507405281067,55.89106753812636,0.0038477028192263063,0.008339869113268561,0.30513298511505127,0
2019-03-02,0.3151260018348694,96.52999877929688,7595.35009765625,-0.006889119642829011,0.006889119642829011,-0.05259453223873578,0.01641744244638277,-0.14281049473816054,-0.062016160587869296,-0.6537624686617574,0.3157217119421278,0.31071593264738717,0.3273798005448447,0.38259277244408924,0.37745501056313513,55.00354268698977,0.0,0.0,0.3165070116519928,0
2019-03-03,0.3125540018081665,96.52999877929688,7595.35009765625,-0.008161814676437396,0.008161814676437396,0.03685934272812896,0.01308515469257343,-0.10379805852587909,-0.05758440975400403,-0.6557032161415861,0.31730899640492033,0.31085049907366435,0.32697757846779296,0.38248667253388297,0.37760775551199915,53.400476872731836,0.0,0.0,0.31703099608421326,0
2019-03-04,0.30513298511505127,96.68000030517578,7577.56982421875,-0.023743150464187512,0.023743150464187512,-0.07116070211955661,-0.018587342065296886,-0.13371341911280998,0.07592356928858246,-0.6965481422170101,0.31396942479269846,0.31065786480903623,0.3264542672369215,0.3826062947511673,0.3776712404191494,43.38699511604548,0.0015539368877635074,-0.002340941919581341,0.314765989780426,1
2019-03-05,0.3165070116519928,96.8499984741211,7576.35986328125,0.03727563748197493,0.03727563748197493,-0.009296382259895153,0.04681629333924753,-0.06425867600721014,0.045578326127651225,-0.6700880008628486,0.31354514190128874,0.3111296981573105,0.326212767428822,0.3826829448342323,0.37742039546370504,47.27924809967923,0.0017583592098542322,-0.00015967664641414192,0.3100869953632355,0
2019-03-06,0.31703099608421326,96.87000274658203,7505.919921875,0.0016555223515761774,0.0016555223515761774,0.012535676912847071,0.05607301836309886,0.01960207915419887,0.08782744871221171,-0.6564790849599331,0.3141058555671147,0.31169079840183256,0.32628048956394196,0.38282514479425217,0.37737005040049554,43.652732861075386,0.0002065490219524957,-0.009297333109483996,0.3138259947299957,0
2019-03-07,0.314765989780426,97.66999816894531,7421.4599609375,-0.007144431717287292,0.007144431717287292,-0.0009902326493391733,0.05188822199835763,0.04228182263337121,0.12684858196964433,-0.6387024972773878,0.3140612840652466,0.3122083644072215,0.32642236716217465,0.38302199476295046,0.3772239904105663,47.17593112121506,0.008258443271196292,-0.011252446311257991,0.3131070137023926,0
2019-03-08,0.3100869953632355,97.37000274658203,7408.14013671875,-0.014864993579689179,0.014864993579689179,-0.02276940919060222,0.06659170477548382,0.009171079190517073,0.11269914957294702,-0.624527004677754,0.31302914023399353,0.31285369793574014,0.326453678144349,0.3831964780886968,0.3771780103445053,45.05940604669001,-0.00307152071247474,-0.0017947714181385521,0.3110649883747101,0
2019-03-09,0.3138259947299957,97.37000274658203,7408.14013671875,0.012057904467681402,0.012057904467681402,-0.0041253565155022764,0.07615444172329378,0.0014551659389410165,0.16093822281275894,-0.630689109848166,0.3128434249332973,0.31359396477540336,0.3264587448702918,0.38343817243973416,0.37707125529646873,41.6555649591473,0.0,0.0,0.3102009892463684,0
2019-03-10,0.3131070137023926,97.37000274658203,7408.14013671875,-0.0022910180790528534,0.0022910180790528534,0.0017693323106624526,0.004568791279232931,0.03075064732628152,0.18731569905835244,-0.606959066703389,0.31292242663247244,0.31364143192768096,0.3265625337759654,0.38371260033713445,0.3770377753674984,57.098694560918375,0.0,0.0,0.3140980005264282,0
2019-03-11,0.3110649883747101,97.22000122070312,7558.06005859375,-0.006521812793447768,0.006521812793447768,0.019440714537702686,-0.0007035930637537824,0.032255381517604764,0.15172142348302087,-0.625728839530195,0.31376985566956656,0.3136341313521067,0.3266705337497923,0.38394025580750574,0.376954555362463,34.732464649173,-0.0015405311866869553,0.020237187621750863,0.31295499205589294,0
2019-03-12,0.3102009892463684,96.94000244140625,7591.02978515625,-0.0027775518320335424,0.0027775518320335424,-0.019923800021713345,0.0009422222906061428,0.009364676215173118,0.10555876740065617,-0.6127560437238245,0.31286899532590595,0.3136438647905985,0.32670251131057737,0.3841048002243042,0.37686753034591675,40.52735022913848,-0.0028800532378233656,0.0043621943073888225,0.31505200266838074,0
2019-03-13,0.3140980005264282,96.55000305175781,7643.41015625,0.012562858969365598,0.012562858969365598,-0.009251447315914652,0.03751394672062314,0.04690260511311872,0.1332772682927248,-0.6022620919436957,0.3124499959605081,0.3140224317709605,0.32685886687702603,0.3843100168638759,0.37679687038064,51.06694104674718,-0.004023100679042879,0.006900298454391107,0.320468008518219,1
2019-03-14,0.31295499205589294,96.79000091552734,7630.91015625,-0.0036390186139981795,0.0036390186139981795,-0.005753473320915026,0.025443150743857057,0.08367673926521935,0.10973802387457687,-0.5541329068600007,0.3121912819998605,0.31428126494089764,0.327127366926935,0.3844819446404775,0.37674276530742645,47.67516239530464,0.0024857364700534568,-0.0016353956865416963,0.3176119923591614,0
2019-03-15,0.31505200266838074,96.5999984741211,7688.52978515625,0.006700677943214606,0.006700677943214606,0.01601165924204362,0.03538797993394183,0.10203122351485638,0.12051961101780573,-0.5481629148607315,0.31290056875773836,0.31464019815127053,0.32745146685176424,0.384670200281673,0.3766335102915764,47.5176877798342,-0.001963037913100929,0.00755081998430529,0.317440003156662,0
2019-03-16,0.320468008518219,96.5999984741211,7688.52978515625,0.017190831367414283,0.017190831367414283,0.021164638684369796,0.061472194788253276,0.11301053461368626,0.17710493925274773,-0.5350549781630085,0.3138494278703417,0.3152588317791621,0.3278130114078522,0.3849380724959903,0.3764766652882099,55.47874863679266,0.0,0.0,0.3192810118198395,0
2019-03-17,0.3176119923591614,96.5999984741211,7688.52978515625,-0.008912016435784875,0.008912016435784875,0.014387983850948638,0.05253526000873854,-0.033006280524530585,-0.013198264528077264,-0.5020631787399238,0.3144929962498801,0.3157872647047043,0.32769255571895173,0.3849144725335969,0.3763407102227211,55.15741671518642,0.0,0.0,0.31960999965667725,0
2019-03-18,0.317440003156662,96.5199966430664,7714.47998046875,-0.0005415072687333655,0.0005415072687333655,0.020494157234669297,0.05216055794291141,-0.09344816501350228,-0.026415921798254027,-0.5181373911507717,0.3154037126473018,0.31631183127562207,0.3273289779822032,0.384866622587045,0.3762506902217865,64.72587279025433,-0.0008281763179956991,0.0033751830372823477,0.312718003988266,0
2019-03-19,0.3192810118198395,96.37999725341797,7723.9501953125,0.005799548402439125,0.005799548402439125,0.029271417204474126,0.052447549012673456,-0.09283830117723724,-0.29035733071696324,-0.5737691423664432,0.31670085872922626,0.3168421983718872,0.3269659224483702,0.38414086153109867,0.3761704352498054,54.300236725536976,-0.0014504703120344908,0.0012275895287467975,0.31154099106788635,0
2019-03-20,0.31960999965667725,95.76000213623047,7728.97021484375,0.001030402136859232,0.001030402136859232,0.017548660357630252,-0.006088953211630832,-0.1549158239792382,-0.4307539813343618,-0.5497233008542901,0.3174882871764047,0.31677693128585815,0.3263149334324731,0.38279723938968446,0.3760298801958561,54.0222715327273,-0.006432819411244739,0.0006499290394565982,0.3123590052127838,0
2019-03-21,0.312718003988266,96.5,7838.9599609375,-0.021563767328351968,0.021563767328351968,-0.0007572592661651001,-0.03412933406395213,-0.12787462495677016,-0.4521389089700818,-0.5491794333802124,0.3174544317381723,0.3164085984230042,0.3258054667048984,0.38136346174610986,0.37588085517287256,47.20876635588422,0.00772762998393417,0.014230840983513016,0.3089919984340668,0
2019-03-22,0.31154099106788635,96.6500015258789,7642.669921875,-0.003763815659375336,0.003763815659375336,-0.011144228796380773,-0.0641041813587041,-0.14012112653418318,-0.454096751886481,-0.5299218489606332,0.31695285865238737,0.31569729844729105,0.32524138887723286,0.37992375046014787,0.3757587550580502,52.19080497758363,0.0015544199572943285,-0.0250403165777906,0.30405500531196594,0
2019-03-23,0.3123590052127838,96.6500015258789,7642.669921875,0.00262570309638388,0.00262570309638388,-0.025303628099820674,-0.027800325710570672,-0.15867426825092223,-0.3686043429491235,-0.5143475812296716,0.31579442960875376,0.31539956529935204,0.3245868222581016,0.3789106782939699,0.3756622901558876,47.576270852618514,0.0,0.0,0.3050599992275238,0
2019-03-24,0.3089919984340668,96.6500015258789,7642.669921875,-0.010779285125534943,0.010779285125534943,-0.027140014018573244,-0.04011135320117776,-0.2404307603808934,-0.4136117751243892,-0.518152385603349,0.3145630019051688,0.31496916512648265,0.32350007792313895,0.37769985049962995,0.3757892452180386,43.7482851329288,0.0,0.0,0.31246501207351685,0
2019-03-25,0.30405500531196594,96.56999969482422,7637.5400390625,-0.015977737763828492,0.015977737763828492,-0.04216544137976941,-0.08587875054599214,-0.20168719049160155,-0.4110976400828842,-0.526301862887083,0.3126508593559265,0.3140169988075892,0.3226465556356642,0.37652066714233823,0.37579597026109696,40.21117780818543,-0.0008277478509223224,-0.0006712160625722552,0.3092460036277771,0
2019-03-26,0.3050599992275238,96.73999786376953,7691.52001953125,0.003305302981369218,0.003305302981369218,-0.04454074018138032,0.011998913665578925,-0.19443985592314184,-0.4365151374026657,-0.49111120059817126,0.31061928612845285,0.3141375650962194,0.32182841102282206,0.3752077726854218,0.37586409524083136,42.849219397056665,0.0017603621153829963,0.007067718164836645,0.30792900919914246,0
2019-03-27,0.31246501207351685,96.7699966430664,7643.3798828125,0.024273955499718447,0.024273955499718447,-0.022355331781970245,-0.04884166384982047,-0.08411541841854164,-0.4204079516203678,-0.4593254342739638,0.3095985736165728,0.3136027326186498,0.3215095556444592,0.3739486229088571,0.3760297553241253,47.93057137591284,0.00031009696050565694,-0.006258858664673128,0.31063199043273926,0
2019-03-28,0.3092460036277771,97.19999694824219,7669.169921875,-0.010301980450157955,0.010301980450157955,-0.011102655799181793,-0.03202417865367568,-0.17939668906145523,-0.4586294985107917,-0.46497414115981583,0.30910257356507437,0.3132616996765137,0.320758377843433,0.3724931672215462,0.3761825853586197,45.53468082617715,0.004443529193886686,0.0033741668552276227,0.3092289865016937,0
2019-03-29,0.30792900919914246,97.27999877929688,7729.31982421875,-0.004258727398850581,0.004258727398850581,-0.011593921738397572,-0.016534308564153388,-0.1615320931739297,-0.470522977026407,-0.3980012307540285,0.3085865761552538,0.3130891333023707,0.3200992335875829,0.37097292840480806,0.376370625346899,41.260353757337036,0.0008230641313424769,0.007843078580405782,0.3127470016479492,0
2019-03-30,0.31063199043273926,97.27999877929688,7729.31982421875,0.008777936319240176,0.008777936319240176,-0.005528941862483205,-0.014110791606300355,-0.15950230467811632,-0.4611396413615345,-0.39039770585894484,0.3083398597581046,0.31294093330701195,0.31944424443774755,0.3694961004787021,0.37660523533821105,37.070805362817545,0.0,0.0,0.3514989912509918,1
2019-03-31,0.3092289865016937,97.27999877929688,7729.31982421875,-0.004516611212808552,0.004516611212808552,0.0007669715359230889,-0.025473400390561896,-0.12326697197404035,-0.4062845358795495,-0.3964532564932153,0.308373715196337,0.3126714994510015,0.31896116667323643,0.3683205003539721,0.3768009452521801,38.54311174179631,0.0,0.0,0.3422339856624603,1
2019-04-01,0.3127470016479492,97.25,7828.91015625,0.011376731483211833,0.011376731483211833,0.028586920735164778,-0.007549361757100526,-0.14262100230692232,-0.4078578161056521,-0.35526848115919907,0.3096154289586203,0.3125921994447708,0.31838312215275233,0.36712375034888584,0.37696176528930664,44.12361562338836,-0.0003083756134181215,0.01288474720882915,0.3325130045413971,1
2019-04-02,0.3514989912509918,97.36000061035156,7848.68994140625,0.12390842885414655,0.12390842885414655,0.15222904392926417,0.1246024341954457,-0.06327637389876284,-0.3325199946621289,-0.29796803652696247,0.31624957067625864,0.31389036575953166,0.3181192997429106,0.3661509335041046,0.377333465218544,70.96377972300544,0.0011311116745662542,0.0025265055750396392,0.36180299520492554,1
2019-04-03,0.3422339856624603,97.08999633789062,7895.5498046875,-0.026358555270833528,0.026358555270833528,0.09527138219859133,0.12158960963666399,-0.04994121010875052,-0.34062263179575214,-0.3867258215686641,0.32050228118896484,0.3151270657777786,0.3179194105996026,0.3651687557498614,0.3776345951855183,63.18751817521375,-0.0027732566841441875,0.005970405714976534,0.3544049859046936,1
2019-04-04,0.3325130045413971,97.30999755859375,7891.77978515625,-0.02840448794776007,0.02840448794776007,0.07523783861609812,0.0505707371405828,-0.06793048511237221,-0.31873535550457177,-0.3371362808716569,0.32382613846233915,0.3156605988740921,0.31765014396773444,0.364304483599133,0.3778913302719593,61.170109358466654,0.0022659514780234424,-0.00047748663798075075,0.3598560094833374,1
2019-04-05,0.36180299520492554,97.4000015258789,7938.68994140625,0.08808675228785501,0.08808675228785501,0.17495586448934386,0.1412227816008862,0.018374470505998275,-0.24943211694672096,-0.270265703577131,0.331522422177451,0.3171529988447825,0.31772267719109853,0.36363650576935874,0.37833909019827844,71.53101783160513,0.0009249200446332928,0.005944179580154252,0.3582339882850647,0
2019-04-06,0.3544049859046936,97.4000015258789,7938.68994140625,-0.020447617621412117,0.020447617621412117,0.14091592888090654,0.12593163623528358,-0.03797558263562406,-0.276356806115284,-0.2561252797069904,0.33777570724487305,0.3184742987155914,0.31756723258230424,0.36288458340697816,0.378501815199852,67.05027794959031,0.0,0.0,0.34946200251579285,0
2019-04-07,0.3598560094833374,97.4000015258789,7938.68994140625,0.015380775653392353,0.015380775653392353,0.16372017240164638,0.16050016564481395,-0.01232616498507988,-0.2500765620030495,-0.26238911185637226,0.3450081390993936,0.3201332658529282,0.317517332567109,0.3622179112500615,0.3786708302795887,70.28329366710172,0.0,0.0,0.3547919988632202,0
2019-04-08,0.3582339882850647,97.05000305175781,7953.8798828125,-0.0045074172878244445,0.0045074172878244445,0.14544339800999584,0.14150514712229612,-0.019383277952888855,-0.22525072778944277,-0.28410185002653277,0.3515062800475529,0.3216135323047638,0.3174386547671424,0.3616392834319009,0.3782124102115631,72.19194439785379,-0.0035934134357081815,0.00191340655931449,0.3309839963912964,0
2019-04-09,0.34946200251579285,97.01000213623047,7909.27978515625,-0.0244867490414995,0.0244867490414995,-0.005795148167991315,0.11611042621982137,-0.05777451399569766,-0.08787620442589328,-0.28950197574333125,0.3512152816568102,0.3228253652652105,0.3172005660004086,0.3614522389239735,0.37715241029858587,67.09926194298548,-0.00041216810169508733,-0.005607338596177014,0.3263460099697113,0
2019-04-10,0.3547919988632202,96.94999694824219,7964.240234375,0.015252005394167378,0.015252005394167378,0.03669423180299125,0.14057194516483618,0.06655602887990253,-0.15347340705499746,-0.2787768913574167,0.35300928354263306,0.32428293228149413,0.3174465659591887,0.3610948888791932,0.3760723803937435,66.56490818176474,-0.000618546404153375,0.006948856370196488,0.32603099942207336,0
2019-04-11,0.3309839963912964,97.18000030517578,7947.35986328125,-0.06710411325003507,0.06710411325003507,-0.0045983409046197465,0.0669985198803531,-0.00576747217312179,-0.20983196768344958,-0.3865054600891419,0.3527908538069044,0.3249756991863251,0.3174252324634128,0.3606065889199575,0.37487385526299477,57.3265900598658,0.0023723915850806243,-0.0021195205816232354,0.32880899310112,0
2019-04-12,0.3263460099697113,96.97000122070312,7984.16015625,-0.014012721074592283,0.014012721074592283,-0.09800080625405372,0.03899422926206286,-0.007463451593023862,-0.19078271535400482,-0.48094986602778644,0.3477255702018738,0.3253839661677678,0.3173979659875234,0.36017914447519517,0.37403202533721924,56.071365553244355,-0.0021609290369746237,0.00463050542593102,0.3209129869937897,0
2019-04-13,0.32603099942207336,96.97000122070312,7984.16015625,-0.0009652655096570317,0.0009652655096570317,-0.08006091226450907,0.04178238947485813,0.02569664359960222,-0.27113940472372244,-0.48904927950329014,0.34367214356149944,0.32581983307997386,0.317488721675343,0.35950533896684644,0.37302747532725333,55.15765584564274,0.0,0.0,0.3272179961204529,0
2019-04-14,0.32880899310112,96.97000122070312,7984.16015625,0.008520642773144127,0.008520642773144127,-0.08627622038824112,0.04366577681215267,-0.014851782638049094,-0.3007827710019956,-0.4798840555715629,0.339236855506897,0.32627839942773185,0.3174336436722014,0.35871953898006015,0.3720899802446365,56.498163095589454,0.0,0.0,0.33545300364494324,1
2019-04-15,0.3209129869937897,96.94000244140625,7976.009765625,-0.024013960302180726,0.024013960302180726,-0.10418051472429479,0.0013885269784905674,-0.019151679685372236,-0.3145769939867922,-0.5298212298991706,0.3339052838938577,0.3262932320435842,0.3173640211423238,0.35790129452943803,0.3709876401722431,52.633577110980184,-0.00030936144085014217,-0.0010208200318502225,0.3370650112628937,1
2019-04-16,0.3272179961204529,97.04000091552734,8000.22998046875,0.019647098690914744,0.019647098690914744,-0.06365214597067592,0.030244461772176656,-0.007531097096338812,-0.285120969206903,-0.5066795156159395,0.3307275686945234,0.32661343216896055,0.31733643213907875,0.3571762556831042,0.36992817029356956,40.096586647801516,0.0010315501506361624,0.003036633047784676,0.33190199732780457,0
2019-04-17,0.33545300364494324,97.01000213623047,7996.080078125,0.025166731726634417,0.025166731726634417,-0.05450798011296909,0.05674458262713511,0.018521157736593352,-0.2614063217185919,-0.48936497522525735,0.3279648550919124,0.32721386551856996,0.3174042099052005,0.3565166723397043,0.36874929517507554,47.210827381483575,-0.00030913828332490567,-0.0005187228809523381,0.3284760117530823,0
2019-04-18,0.3370650112628937,97.47000122070312,7998.06005859375,0.004805464850321295,0.004805464850321295,0.018372534436402743,0.05570014747099705,0.039435412282276205,-0.26589507281675173,-0.5245453448636087,0.3288335715021406,0.3278066655000051,0.31754629876878526,0.3558384168479178,0.36752676025033,52.00617219088609,0.004741769656150252,0.0002476188894313669,0.3224489986896515,0
2019-04-19,0.33190199732780457,97.47000122070312,7998.06005859375,-0.015317561190183016,0.015317561190183016,0.01702483618111006,0.038459365114768884,0.002721997134844001,-0.27325081499034076,-0.5809191089256749,0.3296272839818682,0.32821639875570935,0.3175563097000122,0.35514512790573965,0.36630396515131,33.262444593843895,0.0,0.0,0.32393398880958557,0
2019-04-20,0.3284760117530823,97.47000122070312,7998.06005859375,-0.010322280680156948,0.010322280680156948,0.007499324712505695,0.050390471811170734,0.022725804943011463,-0.27506181836598254,-0.6446852920019273,0.32997657145772663,0.3287416656812032,0.3176374097665151,0.35445272243685194,0.3653421601653099,34.81039531325399,0.0,0.0,0.3212220072746277,0
2019-04-21,0.3224489986896515,97.47000122070312,7998.06005859375,-0.01834841159713463,0.01834841159713463,-0.01934251965399436,0.0350130735104075,0.005171626040535671,-0.302146065419882,-0.6306861958414385,0.3290680008275168,0.32910526593526207,0.3176558431651857,0.3536771168311437,0.3643135951459408,28.233271469908956,0.0,0.0,0.3023180067539215,0
2019-04-22,0.32393398880958557,97.27999877929688,8015.27001953125,0.004605348833361944,0.004605348833361944,0.009413772387635966,0.03705666685971387,0.013906463219120146,-0.29154030600831893,-0.6276599410773869,0.32949957251548767,0.3294910987218221,0.31770520971881017,0.35293654451767603,0.3633002349734306,30.009327337435977,-0.0019493427621491977,0.0021517669049018195,0.28938400745391846,0
2019-04-23,0.3212220072746277,97.56999969482422,8120.81982421875,-0.008372019079949111,0.008372019079949111,-0.01832414144978134,0.03958034157046497,0.014945136443945906,-0.2987215409564613,-0.633583027419889,0.3286430026803698,0.3298987656831741,0.3177577654520671,0.3521763778395123,0.36231121510267256,32.290233413511416,0.0029810949749833338,0.013168590007610614,0.29850199818611145,0
2019-04-24,0.3023180067539215,98.0999984741211,8102.009765625,-0.0588502658366874,0.0588502658366874,-0.09877686749257175,-0.005712777384678236,-0.04811106878036786,-0.3417681148737265,-0.6765894878812586,0.3239094316959381,0.32984086573123933,0.3175879879130257,0.35130432231558695,0.36138239517807963,21.88009759921144,0.005431985046167709,-0.002316275819548741,0.2967410087585449,0
2019-04-25,0.28938400745391846,98.19999694824219,8118.68017578125,-0.042782761896584476,0.042782761896584476,-0.14145936901112066,-0.05138658563331888,-0.08759157215302604,-0.3658698926850472,-0.6385442568048721,0.31709785972322735,0.32931833267211913,0.3172793103588952,0.35037674456834794,0.36041912019252775,24.76647678217371,0.001019352453379252,0.00205756480657171,0.2974259853363037,1
2019-04-26,0.29850199818611145,98.01000213623047,8146.39990234375,0.0315082744634565,0.0315082744634565,-0.10063211252297899,-0.04468664761775043,-0.05006763576969109,-0.35445908553303607,-0.6498157069222623,0.31232643127441406,0.32885289887587227,0.3171044992076026,0.3494661667280727,0.35946287512779235,33.981124854949016,-0.0019347741131994223,0.003414314391296136,0.2942889928817749,0
2019-04-27,0.2967410087585449,98.01000213623047,8146.39990234375,-0.005899422577628988,0.005899422577628988,-0.09661284799814474,-0.040437045984541675,-0.04103553387492109,-0.32790122493452645,-0.6354017847596187,0.30779285941805157,0.32843606571356454,0.3169634103775024,0.34866187241342333,0.35854729518294337,33.42501100435621,0.0,0.0,0.30947598814964294,1
2019-04-28,0.2974259853363037,98.01000213623047,8146.39990234375,0.002308331364864191,0.002308331364864191,-0.0776030114996008,-0.03410858850276843,0.008692171789657532,-0.33126484725304206,-0.655678844644018,0.3042181432247162,0.3280859649181366,0.31699188815222845,0.34784335560268825,0.35772249013185503,31.80968766680313,0.0,0.0,0.3046959936618805,1
2019-04-29,0.2942889928817749,97.86000061035156,8161.85009765625,-0.010547136461468765,0.010547136461468765,-0.09151554622826741,-0.05261208778978954,0.01633869406956845,-0.3436645554067964,-0.6628134606907088,0.2999831438064575,0.32754119833310447,0.31704445481300353,0.34698728339539636,0.3572782850265503,33.66705438275805,-0.001530471611156714,0.0018965672564215108,0.30323898792266846,1
2019-04-30,0.30947598814964294,97.4800033569336,8095.39013671875,0.05160571966743288,0.05160571966743288,-0.036566669963376874,0.0007987661530166612,-0.03427879415081736,-0.32091058734421807,-0.6306695910669502,0.2983051410743168,0.3275494317213694,0.3169223990705278,0.34617480552858776,0.35673008993268013,40.18541641868751,-0.003883070213038353,-0.008142756867904777,0.3082219958305359,0
2019-05-01,0.3046959936618805,97.69000244140625,8049.64013671875,-0.01544544543291404,0.01544544543291404,0.007865846078743743,-0.025742878248698697,-0.017223838089519994,-0.33571844169108855,-0.637873236979196,0.29864485348973957,0.32728106478850044,0.31686306562688615,0.3453193109896448,0.3561591799557209,32.30951298596669,0.002154278592951142,-0.005651364446598972,0.30455198884010315,0
2019-05-02,0.30323898792266846,97.83000183105469,8036.77001953125,-0.004781834252894246,0.004781834252894246,0.04787749188578183,-0.13729770078874215,-0.017107715110915023,-0.33451622526013847,-0.6470246800052675,0.3006241364138467,0.3256723980108897,0.3168044209480286,0.34447248876094816,0.3556589448451996,30.509558449533387,0.0014330984353532195,-0.0015988437953632362,0.3023419976234436,0
2019-05-03,0.3082219958305359,97.5199966430664,8164.0,0.01643260961264703,0.01643260961264703,0.03256258820205349,-0.09938226843861697,-0.008652020862545018,-0.3338491783816052,-0.651516283880512,0.3020127075059073,0.3245386650164922,0.31677453186776905,0.34361432757642535,0.35496347486972807,36.327299971744964,-0.0031688151097414297,0.01583098435808794,0.302388995885849,0
2019-05-04,0.30455198884010315,97.5199966430664,8164.0,-0.011907024936826827,0.011907024936826827,0.026322550139721068,-0.08408999142712581,0.007276213006086607,-0.38772689196894716,-0.6598864183402755,0.3031285618032728,0.3236066311597824,0.3167989760637283,0.3425428830915027,0.35413496986031534,36.22521976824595,0.0,0.0,0.29968398809432983,0
2019-05-05,0.3023419976234436,97.5199966430664,8164.0,-0.007256531881720374,0.007256531881720374,0.016528523160413533,-0.16434633866920634,0.0071419828088490345,-0.4493662311710964,-0.6659584728697041,0.3038308492728642,0.3216245979070663,0.31682279838456046,0.34117211633258393,0.35330569490790364,37.89069300703894,0.0,0.0,0.3007209897041321,0
2019-05-06,0.302388995885849,97.5199966430664,8123.2900390625,0.0001554473502682896,0.0001554473502682896,0.027523975411911206,-0.14676991602153344,0.01052665650478879,-0.4355328610122844,-0.6529944215721554,0.3049879925591605,0.3198907315731049,0.3168577982319726,0.3398759052157402,0.3525290149450302,36.79597272876047,0.0,-0.004986521427915225,0.2965089976787567,0
2019-05-07,0.29968398809432983,97.62999725341797,7963.759765625,-0.008945457104332921,0.008945457104332921,-0.031640580950591635,-0.16721138400717395,0.03080896824138235,-0.392747470451945,-0.6400801952954593,0.3035891354084015,0.3178849975268046,0.31695732043849095,0.33879910508791605,0.3517565448582172,36.79911825585924,0.0011279800465351375,-0.01963862827381102,0.3003869950771332,0
2019-05-08,0.3007209897041321,97.62000274658203,7943.31982421875,0.0034603170372780045,0.0034603170372780045,-0.013045803162608838,-0.1605459014546845,0.031215495924610037,-0.3993604621054154,-0.6305502919526886,0.3030212777001517,0.31596789757410687,0.317058464884758,0.33768828842375015,0.35096439480781555,48.746670034638655,-0.00010237127027667992,-0.0025666195374799416,0.3245429992675781,1
2019-05-09,0.2965089976787567,97.37000274658203,7910.58984375,-0.014006312061952797,0.014006312061952797,-0.022193683899340844,-0.1515272174251422,-0.0486840844623041,-0.4148210759651062,-0.6303078637718992,0.30205985052245005,0.3142027974128723,0.31688986486858794,0.3365205716755655,0.35016346976161006,56.47856538561386,-0.002560950552818464,-0.004120440973427564,0.31007400155067444,1
2019-05-10,0.3003869950771332,97.33000183105469,7916.93994140625,0.013078852340858704,0.013078852340858704,-0.025419992276315306,-0.15334337854406155,-0.035006651055944915,-0.406247746769132,-0.6038349574321604,0.3009405647005354,0.3123892972866694,0.3167687869734234,0.33537876043054793,0.34939985975623133,51.89450894927089,-0.00041081354009464555,0.0008027337760745379,0.3254750072956085,1
2019-05-11,0.3245429992675781,97.33000183105469,7916.93994140625,0.08041627828875275,0.08041627828875275,0.06564071541155081,-0.01946014669574414,0.04722035769443078,-0.3724575406303099,-0.5261786494581526,0.3037964233330318,0.3121745973825455,0.31693138711982305,0.3343086381753286,0.3487122847139835,69.26840855106889,0.0,0.0,0.409061998128891,1
2019-05-12,0.31007400155067444,97.33000183105469,7916.93994140625,-0.04458268318699532,0.04458268318699532,0.025573701265481308,-0.049861214545099175,0.024222059946632735,-0.39214523654869526,-0.5549613688583226,0.3049009953226362,0.3116321971019109,0.3170128650135464,0.3331973160306613,0.34797646969556806,57.359659968820075,0.0,0.0,0.4560050070285797,1
2019-05-13,0.3254750072956085,97.31999969482422,7647.02001953125,0.04966880701998222,0.04966880701998222,0.07634540847668414,-0.001705335159694621,0.06646682571524742,-0.3138823378336617,-0.5635589843804637,0.30819899695260183,0.31161366403102875,0.3172382540173001,0.33237011051840254,0.34731358468532564,65.88011874551754,-0.00010276519102336845,-0.034093971139442014,0.4197070002555847,1
2019-05-14,0.409061998128891,97.52999877929688,7734.490234375,0.25681538969093753,0.25681538969093753,0.36497782457477457,0.24407180676804185,0.3443427507941419,-0.15080919047049268,-0.4478835266286013,0.32382442695753916,0.3142887641986211,0.3184024539258745,0.3319665216737323,0.34706245467066765,79.88919300881948,0.0021578204390790834,0.01143847075335791,0.38619300723075867,0
2019-05-15,0.4560050070285797,97.56999969482422,7822.14990234375,0.1147576873784728,0.1147576873784728,0.5163723938166926,0.420961523870657,0.5104054781728433,-0.03308670844304662,-0.3472475935470253,0.34600785800388884,0.31879183153311413,0.3201146317852868,0.33187983284393946,0.34706073969602586,86.24080897049049,0.00041013960861269183,0.011333606393238105,0.37273600697517395,0
2019-05-16,0.4197070002555847,97.83999633789062,7898.0498046875,-0.07960001801190764,0.07960001801190764,0.4154949884870036,0.2826525595526399,0.39086818907629084,-0.14633666584410143,-0.4122417393701038,0.36360757265772137,0.3218747983376185,0.3214251650704278,0.33148012724187637,0.3468472446501255,73.90597629526607,0.0027672096331956553,0.009703202225900487,0.41769999265670776,0
2019-05-17,0.38619300723075867,98.0,7816.27978515625,-0.07985092696671103,0.07985092696671103,0.2856515546939449,0.1512581584737296,0.28004361744235395,-0.2434604818411651,-0.4212689641398535,0.37586557439395357,0.32356613179047905,0.322363942861557,0.33078968276580173,0.34657063975930213,64.32621729749656,0.0016353604670711341,-0.010353191174195864,0.3980030119419098,1
2019-05-18,0.37273600697517395,98.0,7816.27978515625,-0.03484527167407736,0.03484527167407736,0.1484949846903394,0.10582823645394246,0.22865150900720366,-0.22048829047599783,-0.45209568299265457,0.382750289780753,0.32475516498088836,0.32313467628426024,0.3302039605047968,0.3462105247378349,62.093053052477394,0.0,0.0,0.39760300517082214,1
2019-05-19,0.41769999265670776,98.0,7816.27978515625,0.12063225671816746,0.12063225671816746,0.34709775914071384,0.2585040042532929,0.2989475842147642,-0.039164915790680266,-0.3827516259503795,0.3981254313673292,0.32761509815851847,0.32420280940002866,0.3301093715760443,0.3460571147501469,67.7655325613523,0.0,0.0,0.3766370117664337,0
2019-05-20,0.3980030119419098,97.93000030517578,7702.3798828125,-0.04715580814239129,0.04715580814239129,0.22283740078521186,0.21166538103577404,0.22928462476151412,-0.11090779875072188,-0.43162239655707346,0.40848657488822937,0.32993266483147937,0.32502764297856224,0.3298335494266616,0.3457685197889805,63.88455201995188,-0.0007142826002470848,-0.014572137317813927,0.3812040090560913,0
2019-05-21,0.39760300517082214,98.05999755859375,7785.72021484375,-0.001005034532618132,0.001005034532618132,-0.028012851378235948,0.23307253794112226,0.19443347966207192,-0.06683482932490403,-0.41665111517733244,0.40684957589421955,0.33243779838085175,0.3257467875878016,0.32967534396383497,0.34546310976147654,64.31510281716245,0.0013274507608789232,0.010820075522011141,0.38454100489616394,0
2019-05-22,0.3766370117664337,98.11000061035156,7750.83984375,-0.052730973186132735,0.052730973186132735,-0.17405071005540884,0.16269679866112474,0.17226132128072513,-0.07557405210951784,-0.4165795156542669,0.3955112908567701,0.3341945658127467,0.3263617432779736,0.3295042829381095,0.3450679598748684,60.48731975452453,0.0005099230369440821,-0.004480044251686466,0.38703998923301697,1
2019-05-23,0.3812040090560913,97.8499984741211,7628.27978515625,0.012125726221749344,0.012125726221749344,-0.09173778654167464,0.18673067356241946,0.1842164271616784,0.015634039389286425,-0.3642297772119897,0.39001086354255676,0.3361939658721288,0.32702063222726185,0.3295368830362956,0.3446605248749256,61.68861716971976,-0.002650108394791295,-0.01581248755805198,0.40841299295425415,1
2019-05-24,0.38454100489616394,97.61000061035156,7637.009765625,0.008753831966078929,0.008753831966078929,-0.004277659884213358,0.2719751926955831,0.15609708020204516,0.026671953173200924,-0.3915461443061732,0.38977486320904325,0.3389347324768702,0.32759753233856626,0.3295923830734359,0.34409616991877556,61.63132297226448,-0.002452711982749878,0.0011444232139645738,0.4341680109500885,1
2019-05-25,0.38703998923301697,97.61000061035156,7637.009765625,0.006498616025429671,0.006498616025429671,0.03837563849525205,0.3374615710049189,0.2839574170352621,0.08887020292520575,-0.366547714463204,0.39181828924587797,0.34218993186950686,0.3285486098792818,0.32976787752575343,0.34328596979379655,59.18805989610603,0.0,0.0,0.4465489983558655,1
2019-05-26,0.40841299295425415,97.61000061035156,7637.009765625,0.05522169366424201,0.05522169366424201,-0.02223366020043538,0.3682085729275919,0.2432285466543216,0.13396709078519642,-0.3334296087740942,0.3904915750026703,0.3458536316951116,0.32943642106321125,0.33003593302435347,0.3426494997739792,64.16976288975975,0.0,0.0,0.4437130093574524,1
2019-05-27,0.4341680109500885,97.61000061035156,7637.009765625,0.06306121117630337,0.06306121117630337,0.0908661440317371,0.4631210319277661,0.3589961780316533,0.1116636517679852,-0.2857680958795029,0.3956580034324101,0.350434531768163,0.33071076571941377,0.33027821646796335,0.34235279977321625,65.20790332009831,0.0,0.0,0.4223949909210205,0
2019-05-28,0.4465489983558655,97.95999908447266,7607.35009765625,0.028516581354493864,0.028516581354493864,0.12310267414607368,0.5013785626395295,0.42619112298062434,0.1764850262488491,-0.19147240892549566,0.4026502881731306,0.3554052988688151,0.3321934656964408,0.33065036651160984,0.3420822048187256,56.55021390632197,0.0035856825318365537,-0.0038836755325691863,0.4385739862918854,0
2019-05-29,0.4437130093574524,98.13999938964844,7547.31005859375,-0.006350902160467964,0.006350902160467964,0.17809189085382537,0.5077458555702958,0.40826405850857106,0.22418782085668343,-0.26200472878860726,0.4122325735432761,0.36038609941800437,0.3336227436860402,0.33110179983907273,0.3417672798037529,47.46079212750813,0.0018374878201108391,-0.007892372283615279,0.43058300018310547,0
2019-05-30,0.4223949909210205,98.13999938964844,7567.72021484375,-0.048044609887149425,0.048044609887149425,0.10805495452926439,0.3648716123228828,0.3311661330690516,0.13271170637009,-0.3027680355311625,0.4181169995239803,0.36415006617705026,0.33479033244980705,0.3313767386807336,0.3413496896624565,50.591901669011236,0.0,0.0027042954498417426,0.4447849988937378,1
2019-05-31,0.4385739862918854,97.75,7453.14990234375,0.03830300007958676,0.03830300007958676,0.14051292503984514,0.43938218885335445,0.391741664407955,0.19298634876614384,-0.28410346005854004,0.4258359968662262,0.36861266593138375,0.3361619767215517,0.3317708886331982,0.3409567345678806,62.48777946654814,-0.003973908621091482,-0.015139343058068633,0.4257639944553375,0
2019-06-01,0.43058300018310547,97.75,7453.14990234375,-0.018220383238739646,0.018220383238739646,0.11250261513384219,0.41994604035847827,0.3776275385761356,0.23463247470014714,-0.3092590850225161,0.4320564270019531,0.372857466340065,0.3374734100368288,0.33222549425231085,0.3405590896308422,64.15993342210969,0.0,0.0,0.4006670117378235,0
2019-06-02,0.4447849988937378,97.75,7453.14990234375,0.03298318490184915,0.03298318490184915,0.08905692660849707,0.44306702607391424,0.4576759006438793,0.2627650720104415,-0.30875075819920417,0.43725242785045076,0.3774095664421717,0.3390250990788142,0.33273968315786784,0.3404111546278,57.80543433339186,0.0,0.0,0.4027320146560669,0
2019-06-03,0.4257639944553375,97.13999938964844,7333.02001953125,-0.042764491801002724,0.042764491801002724,-0.019356599940102637,0.3980010312093989,0.3451960897582751,0.2587555700603321,-0.3656721799073631,0.43605185406548636,0.3814499666293462,0.3402390655544069,0.3332259164916144,0.34013143464922907,58.03153071437292,-0.006240415451166825,-0.01611800170216937,0.4195399880409241,0
2019-06-04,0.4006670117378235,97.06999969482422,7527.1201171875,-0.058945761136095065,0.058945761136095065,-0.10274793312038188,0.3252112339247035,0.26381021630892487,0.28858352420489775,-0.39423666313113515,0.42949728454862324,0.3847274670998255,0.3411683546172248,0.3337244220905834,0.3397767247259617,50.77561164542287,-0.0007206062926090606,0.02646932602655805,0.42313000559806824,1
2019-06-05,0.4027320146560669,97.37000274658203,7575.47998046875,0.005153912994450893,0.005153912994450893,-0.092359236346779,0.33183422722200207,0.27946483334176,0.3335629384907519,-0.40513576395745643,0.4236428567341396,0.38807223439216615,0.3421457548936208,0.3342840610278977,0.3393321147561073,57.30457452000283,0.003090584657473805,0.0064247497752591975,0.41241100430488586,1
2019-06-06,0.4195399880409241,97.02999877929688,7615.5498046875,0.04173488268423653,0.04173488268423653,-0.006759083183896619,0.39994128718304367,0.352975114449658,0.36538335636707475,-0.37827229674553486,0.4232349991798401,0.39206743439038594,0.34336189925670624,0.3349077887005276,0.338877449631691,60.04285582230838,-0.003491875913468556,0.00528941061451671,0.388265997171402,0
2019-06-07,0.42313000559806824,96.61000061035156,7742.10009765625,0.008557033082610355,0.008557033082610355,-0.03521408286067074,0.40705178582436075,0.34829495549632083,0.35025694839120525,-0.376032248991395,0.4210287162235805,0.3961477349201838,0.3445763882663515,0.33551756656832166,0.338602269589901,60.095756051144335,-0.004328539361323047,0.016617354782560323,0.4004270136356354,0
2019-06-08,0.41241100430488586,96.61000061035156,7742.10009765625,-0.025332642808046035,0.025332642808046035,-0.04220323577682339,0.3908886662242186,0.31715671082629115,0.35766013231435534,-0.3884254593454708,0.4184327168124063,0.4000111351410548,0.3456797659397125,0.336121149857839,0.3384906946122646,56.36391444990051,0.0,0.0,0.3942610025405884,0
2019-06-09,0.388265997171402,96.61000061035156,7742.10009765625,-0.05854598175473036,0.05854598175473036,-0.1270703865078835,0.2925526189031695,0.24818289322774967,0.2884435086525585,-0.4114997201155097,0.4103585737092154,0.40294043521086376,0.3465375549263424,0.3366040443380674,0.3381937696039677,45.01575959012531,0.0,0.0,0.4017600119113922,1
2019-06-10,0.4004270136356354,96.76000213623047,7823.169921875,0.03132135328055741,0.03132135328055741,-0.059509449248085655,0.2338180596694759,0.2908631097807606,0.3029516248419688,-0.31914757877098243,0.40673900502068655,0.4054699023564657,0.3475400663084454,0.3371212888095114,0.3380655047297478,41.05074962303053,0.0015526500872709015,0.010471296314457534,0.40088701248168945,0
2019-06-11,0.3942610025405884,96.69000244140625,7822.56982421875,-0.01539858921870263,0.01539858921870263,-0.015988361930397432,0.2715061584295886,0.2552165307636691,0.31408945603753646,-0.34732133042762847,0.405823860849653,0.40827613572279614,0.348430766330825,0.3376448166039255,0.33799966976046564,35.65864834280599,-0.0007234362678668615,-7.670773640899853e-05,0.40592101216316223,1
2019-06-12,0.4017600119113922,97.0,7792.72021484375,0.019020418764424507,0.019020418764424507,-0.0024135224151593526,0.23438052970530787,0.2837629119513738,0.3911840064130878,-0.2863093971919378,0.4056850033146994,0.4108189692099889,0.34941748877366385,0.33827242785029943,0.3381317898631096,38.78028256259673,0.0032060973292622474,-0.003815831631516442,0.4104189872741699,1
2019-06-13,0.40088701248168945,97.01000213623047,7837.1298828125,-0.0021729375841796905,0.0021729375841796905,-0.04446054271569244,-0.01998471059300333,0.2724471169404292,0.40227645313981286,-0.2502062115523731,0.40302029252052307,0.4105464696884155,0.3503712111049228,0.3389113389783435,0.3382634699344635,43.541768459108525,0.00010311480649960458,0.005698865960073629,0.42751601338386536,1
2019-06-14,0.40592101216316223,97.56999969482422,7796.66015625,0.012557153324348924,0.012557153324348924,-0.04067069980201987,-0.10983211608086252,0.26665065271276567,0.40979552014460996,-0.27682759076204777,0.40056186488696505,0.4088770031929016,0.35132068892319995,0.33956685016552607,0.3385158200562,39.49193480014716,0.0057725754691495546,-0.005163845332109895,0.44808000326156616,1
2019-06-15,0.4104189872741699,97.56999969482422,7796.66015625,0.011080912237181106,0.011080912237181106,-0.004830174291962641,-0.022129754747380326,0.2922024266957173,0.24955163090571908,-0.23672370030414935,0.40027729102543425,0.40856740276018777,0.35235187775558896,0.34002221673727034,0.3387670999765396,43.36177293580682,0.0,0.0,0.42876100540161133,1
2019-06-16,0.42751601338386536,97.56999969482422,7796.66015625,0.04165749304935096,0.04165749304935096,0.10109053200230722,0.10700091762255881,0.3467616215114482,0.2209092192705946,-0.20058192055069735,0.4058844361986433,0.40994483629862466,0.3535749445358912,0.3404519612590472,0.33895189508795737,44.42119021720397,0.0,0.0,0.4368169903755188,1
2019-06-17,0.44808000326156616,97.55999755859375,7845.02001953125,0.048101098517768115,0.048101098517768115,0.11900543170969025,0.20213769229815903,0.4034032299872692,0.27311365824860334,-0.15171066466531125,0.4126920061452048,0.4124563028415044,0.3550060444407993,0.34098598344458475,0.33929448515176774,57.13810712675367,-0.00010251241428460567,0.0062026383492530535,0.42982301115989685,0
2019-06-18,0.42876100540161133,97.63999938964844,7953.8798828125,-0.043115063647858,0.043115063647858,0.08750549163804555,0.026480758772706503,0.34151311242509097,0.1336915032348054,-0.20229771104952832,0.4176205779824938,0.41282500326633453,0.3562188333935208,0.34126688341299694,0.33962601512670515,59.33119497119309,0.0008200269891012191,0.013876301527622426,0.44318801164627075,1
2019-06-19,0.4368169903755188,97.12000274658203,7987.31982421875,0.018788987040371463,0.018788987040371463,0.08725850613489716,0.09752182086319006,0.3968399158492626,0.21821953548539175,-0.20523960781294226,0.4226287177630833,0.4141188025474548,0.3575977110200458,0.3417015888624721,0.3399455700814724,60.887750412109725,-0.005325651846752599,0.004204230124031705,0.47476398944854736,1
2019-06-20,0.42982301115989685,96.62999725341797,8051.33984375,-0.016011234383556006,0.016011234383556006,0.07217993543636947,0.08103561987724928,0.3796675990744225,0.18634702084940247,-0.2029776458550101,0.4267624318599701,0.41519280274709064,0.3589119556877348,0.34207667228248384,0.34025655016303064,53.504420834789954,-0.005045361195495923,0.008015206720173085,0.4682910144329071,1
2019-06-21,0.44318801164627075,96.22000122070312,8031.7099609375,0.031094194911314377,0.031094194911314377,0.09180850058614065,0.17669798187839203,0.4188417950184089,0.19370811143003785,-0.17126268775559972,0.4320862889289856,0.41741116940975187,0.36036561131477357,0.3424762167864376,0.34072872027754786,56.40871822207596,-0.004242947784005469,-0.002438088963259699,0.47008800506591797,1
2019-06-22,0.47476398944854736,96.22000122070312,8031.7099609375,0.07124736448755487,0.07124736448755487,0.156778814259374,0.24543283430864804,0.5364928278227026,0.1670726889095011,-0.025019171650071614,0.4412784320967538,0.4205298354228338,0.3622075223260456,0.34285380012459227,0.3413413852453232,67.57937660913859,0.0,0.0,0.4682289958000183,0
2019-06-23,0.4682910144329071,96.22000122070312,8031.7099609375,-0.013634090115298814,0.013634090115298814,0.09537654677844776,0.21779214302349326,0.5401522956427967,0.2295233062054105,-0.04680184529270559,0.4471034322466169,0.42332150240739186,0.3640323668718338,0.343339461253749,0.34199163034558294,75.05872744084235,0.0,0.0,0.4674510061740875,0
2019-06-24,0.47008800506591797,95.9800033569336,8005.7001953125,0.0038373374197389065,0.0038373374197389065,0.04911623291411349,0.21457218412359458,0.5409690102153013,0.24134321788701185,-0.015275047812755682,0.45024743250438143,0.4260897696018219,0.36586601138114927,0.3438472112019857,0.34278739035129546,73.32749439475869,-0.0024942616994884093,-0.003238384572089803,0.40875399112701416,0
2019-06-25,0.4682289958000183,96.16000366210938,7884.72021484375,-0.003954598385549013,0.003954598385549013,0.09205125909581757,0.1464595981951633,0.4985005607279105,0.37245355906186295,-0.02807246889999271,0.455885716847011,0.4280836363633474,0.36759672231144375,0.3445531389779515,0.3436185503005981,75.50551595264972,0.001875393820381488,-0.015111730081971642,0.42731499671936035,0
2019-06-26,0.4674510061740875,96.20999908447266,7909.97021484375,-0.0016615579831862348,0.0016615579831862348,0.07013009217483401,0.07665925260399997,0.5115830138155426,0.2404100258954982,0.025109577209901035,0.46026200481823515,0.42919306953748065,0.3693545556730694,0.3450564667582512,0.34441946029663084,73.75239331690231,0.0005199190979543467,0.0032023964467964294,0.4293780028820038,0
2019-06-27,0.40875399112701416,96.19000244140625,7967.759765625,-0.1255682719082939,0.1255682719082939,-0.04901789686882274,-0.08463798456162153,0.3274293064823477,0.11300687206583637,-0.13099475777669112,0.4572521448135376,0.4279332359631856,0.37047483325004577,0.34528703341881434,0.34489638030529024,52.005788224652655,-0.00020784370914350703,0.007305912564980588,0.3964110016822815,0
2019-06-28,0.42731499671936035,96.12999725341797,8006.240234375,0.04540874461230304,0.04540874461230304,-0.03581553315927555,-0.036956348568274455,0.3756310035037629,0.15621468805824268,-0.04714597588091729,0.4549845712525504,0.4273866355419159,0.3717713110976749,0.34560777776771123,0.3455141252279282,55.10270115196625,-0.0006238193831509253,0.004829521707722106,0.4068619906902313,0
2019-06-29,0.4293780028820038,96.12999725341797,8006.240234375,0.004827834685142918,0.004827834685142918,-0.09559694411377062,0.016531947847575168,0.38854383523212155,0.21738224120983718,-0.05231304778409196,0.4485008588859013,0.427619402607282,0.3731063001685672,0.3460337334209018,0.3461542902886868,54.57507526491048,0.0,0.0,0.40020400285720825,0
2019-06-30,0.3964110016822815,96.12999725341797,8006.240234375,-0.07677850513637485,0.07677850513637485,-0.15349432411738917,-0.09613653779625464,0.2675133561424534,0.08673933085200569,-0.14977961065892065,0.43823228563581196,0.42621396978696185,0.3740359001689487,0.3462095111608505,0.3465997302532196,43.02793698983467,0.0,0.0,0.4085319936275482,1
2019-07-01,0.4068619906902313,96.83999633789062,8091.16015625,0.026364023610843557,0.026364023610843557,-0.13449825074098798,-0.05509044593675738,0.15750542908302956,0.08426268276252391,-0.11812089268340009,0.42919999786785673,0.4254232694705327,0.3746510446071625,0.34638517217503656,0.3471339102089405,40.322407518457126,0.007385822373436213,0.010606716684617323,0.38871899247169495,0
2019-07-02,0.40020400285720825,96.7300033569336,8109.08984375,-0.01636424140217163,0.01636424140217163,-0.14528146174839562,-0.10023043975721013,0.16938708492827126,0.11098647882140922,-0.17674165566628008,0.41948214173316956,0.42393723626931507,0.37529515590932633,0.3466072832544645,0.3476909802854061,42.871261112174146,-0.0011358218206994897,0.0022159600296813853,0.37896400690078735,0
2019-07-03,0.4085319936275482,96.7699966430664,8170.22998046875,0.02080936400156741,0.02080936400156741,-0.1260431826401862,-0.0404731284284231,0.22861959697184386,0.1451588717309793,-0.1580531063026468,0.4110651399408068,0.4233628362417221,0.3761398113436169,0.3468949776556757,0.3483042252063751,42.948738237025196,0.00041345275245396884,0.0075397039491273965,0.3890550136566162,0
2019-07-04,0.38871899247169495,96.7699966430664,8170.22998046875,-0.048498040459265646,0.048498040459265646,-0.049014808638513374,-0.02982032190348316,0.07439406976585183,0.09413549191258386,-0.2067655672298102,0.4082029972757612,0.42296456893285117,0.3764388779799143,0.34708077758550643,0.3488081751763821,40.36862063976143,0.0,0.0,0.3970470130443573,1
2019-07-05,0.37896400690078735,97.25,8161.7900390625,-0.02509521211937671,0.02509521211937671,-0.11315069723688531,-0.059016931583096066,0.06929648840408276,0.028689331246710914,-0.21315543375629686,0.40129571301596506,0.4221723020076752,0.37671175599098206,0.34713949428664315,0.349060730189085,34.692236527463336,0.004960249804534689,-0.0010330114851633265,0.40153300762176514,1
2019-07-06,0.3890550136566162,97.25,8161.7900390625,0.026627876452843813,0.026627876452843813,-0.09391023516514097,-0.07266285754228086,0.0811407991079578,0.067814479246052,-0.18803257194463863,0.3955352859837668,0.4211561361948649,0.37703618937068517,0.3472767609688971,0.3492551952600479,27.24028315307575,0.0,0.0,0.3941679894924164,0
2019-07-07,0.3970470130443573,97.25,8161.7900390625,0.020542080444168054,0.020542080444168054,0.0016044240936217147,-0.06164297546529285,0.10834545584325506,0.08686208780482385,-0.19377551999765685,0.39562614474977764,0.4202867031097412,0.37746744520134395,0.3474530499842432,0.34948065027594566,31.232809218953278,0.0,0.0,0.36377501487731934,0
2019-07-08,0.40153300762176514,97.37999725341797,8098.3798828125,0.011298396487135154,0.011298396487135154,-0.013097765803646855,-0.026376591724208365,0.1490033386494405,0.08262022917953504,-0.159531436011487,0.3948648614542825,0.4199241032203039,0.37804601192474363,0.3476232889625761,0.3495973202586174,32.19341298620229,0.0013367326829611947,-0.00776914818275376,0.33033499121665955,0
2019-07-09,0.3941679894924164,97.48999786376953,8141.72998046875,-0.018342248307233633,0.018342248307233633,-0.015082341310178049,0.015200899290722436,0.11098331065908962,0.18492594796840578,-0.16889535285593815,0.3940025738307408,0.420120836297671,0.3784835229317347,0.3479650444454617,0.34977531015872954,31.29819708019859,0.001129601699056293,0.005352934572537604,0.34411799907684326,0
2019-07-10,0.36377501487731934,97.0999984741211,8202.5302734375,-0.07710665357233881,0.07710665357233881,-0.10955562709498112,-0.09153228306336791,0.09907131113148049,0.09273244792825319,-0.18260522976693705,0.38760871972356525,0.41889910300572714,0.3788478675815794,0.3481365500224961,0.3497826452553272,27.226078043023392,-0.004000404125492074,0.007467736355124099,0.3321790099143982,0
2019-07-11,0.33033499121665955,97.05000305175781,8196.0400390625,-0.09192501489399219,0.09192501489399219,-0.15019590600345234,-0.162141350303465,0.012223165367698074,0.004668486771638891,-0.26630215445989636,0.37926814811570303,0.4167682359615962,0.3788921895954344,0.3481450777914789,0.34957797020673753,30.624173898316315,-0.0005148859232639857,-0.0007912478416589597,0.3064259886741638,0
2019-07-12,0.34411799907684326,96.80999755859375,8244.1396484375,0.04172433507397866,0.04172433507397866,-0.09195070557998075,-0.14347374334323204,0.05547631877591752,0.08259851756732228,-0.20958555876649532,0.37429014699799673,0.4148468355337779,0.3790931562582652,0.3482909389668041,0.34926456525921823,28.946528519791983,-0.002473008610170413,0.005868640117148827,0.315310001373291,0
2019-07-13,0.3321790099143982,96.80999755859375,8244.1396484375,-0.03469446292979006,0.03469446292979006,-0.14619013184705376,-0.17138994386960715,0.010249162535046041,-0.0047548384371957075,-0.24288131028301407,0.3661650036062513,0.41255656878153485,0.37913060088952383,0.3482821222808626,0.34902110025286676,26.574149558232122,0.0,0.0,0.2967259883880615,0
2019-07-14,0.3064259886741638,96.80999755859375,8244.1396484375,-0.07752753928332456,0.07752753928332456,-0.22823751695134775,-0.24510932055176737,-0.04514307275419238,-0.06343018677016288,-0.3024215425650102,0.35321914298193796,0.4092400679985682,0.37896963424152796,0.3481668276919259,0.348659765124321,27.531494198542845,0.0,0.0,0.3106130063533783,0
2019-07-15,0.315310001373291,96.93000030517578,8258.1904296875,0.028992360398562456,0.028992360398562456,-0.21473454139963066,-0.23173632032122282,-0.03639162542508323,-0.04364865365685222,-0.29285884243255456,0.34090157066072735,0.4060697684685389,0.3788373231887817,0.34808687766393026,0.34853050515055656,26.959939819353053,0.001239569771803728,0.0017043356674171228,0.32317599654197693,1
2019-07-16,0.2967259883880615,97.4000015258789,8222.7998046875,-0.05893886303729434,0.05893886303729434,-0.247209321157292,-0.3059301193435481,-0.11544691755949199,-0.09906397039322146,-0.3861700987765537,0.32698128478867666,0.4017101009686788,0.3784070230192608,0.34790561646223067,0.3481298750638962,25.433274570008393,0.004848872580453634,-0.0042855181533201225,0.32060500979423523,1
2019-07-17,0.3106130063533783,97.22000122070312,8185.2099609375,0.04680081458572882,0.04680081458572882,-0.14613980166249063,-0.30679118886709544,-0.07847745694638164,-0.04213683553365055,-0.3856388365383051,0.3193867121423994,0.39712786773840586,0.3781131118535995,0.3478297053111924,0.34784668013453485,27.350876070685658,-0.0018480523855839426,-0.004571416627286884,0.33320900797843933,1
2019-07-18,0.32317599654197693,96.79000091552734,8207.240234375,0.040445795673816676,0.040445795673816676,-0.02167192354741243,-0.24625609029145545,-0.026290895674271453,-0.02364046228212524,-0.33556065384488365,0.31836399861744474,0.3936083674430847,0.37801615628931257,0.3477862329946624,0.3476146550476551,34.31348186155087,-0.004422961322532948,0.002691473223366936,0.3313089907169342,1
2019-07-19,0.32060500979423523,97.1500015258789,8146.490234375,-0.007955376560300209,0.007955376560300209,-0.06832827502683891,-0.2660427207315803,-0.023962181946984074,-0.001780936876908723,-0.32707221414349996,0.3150050001485007,0.38973463475704195,0.377928700711992,0.34778305523925357,0.3474541501700878,35.53544549090253,0.0037193987699799536,-0.007402000948571796,0.3221060037612915,0
2019-07-20,0.33320900797843933,97.1500015258789,8146.490234375,0.03931316666665108,0.03931316666665108,0.003100731934587264,-0.22477624667125262,0.03336964708376744,0.038713848460125044,-0.25455598277976055,0.31515214272907804,0.3865141679843267,0.37804825637075634,0.347852049767971,0.3472963401675224,36.328608743271296,0.0,0.0,0.30992600321769714,0
2019-07-21,0.3313089907169342,97.1500015258789,8146.490234375,-0.005702178560635041,0.005702178560635041,0.08120395450279383,-0.2524414424337643,0.02276699007242433,0.03699006160159679,-0.272503923820812,0.31870685730661663,0.38278486728668215,0.3781302008363936,0.34791770527760185,0.34707667008042337,33.41222882650912,0.0,0.0,0.3159469962120056,0
2019-07-22,0.3221060037612915,97.26000213623047,8204.1396484375,-0.027777655341401863,0.027777655341401863,0.021553399379662608,-0.32154499726184516,0.0027519798352670932,0.01773824499334209,-0.2831112253442887,0.31967771479061674,0.3776962677637736,0.3781400230195787,0.34794889423582287,0.3468860800564289,30.42407137430081,0.0011322759508374247,0.007076595245795847,0.31481000781059265,0
2019-07-23,0.30992600321769714,97.70999908447266,8251.400390625,-0.03781364023447631,0.03781364023447631,0.044485536643903645,-0.3381764892648804,0.025165541892343546,-0.024156268004902004,-0.303968754933996,0.32156343119485037,0.37241743405659994,0.3782245563136207,0.3479062721133232,0.34665197506546974,29.718714484152045,0.004626742117606497,0.005760596992824274,0.323529988527298,1
2019-07-24,0.3159469962120056,97.7300033569336,8321.5,0.019427195304032807,0.019427195304032807,0.017172461389330707,-0.3278981960671342,0.09179148838180717,-0.003840244548847571,-0.3095910983062503,0.32232542974608286,0.36727940042813617,0.378519700633155,0.3478995054960251,0.346455335021019,36.95448104449862,0.00020473106793961193,0.008495480288975621,0.3105280101299286,0
2019-07-25,0.31481000781059265,97.81999969482422,8238.5400390625,-0.0035986681786650543,0.0035986681786650543,-0.025886788687592532,-0.3276580249527119,0.05463283235482197,0.0018298598337231908,-0.3153759201405171,0.32113028849874226,0.362165434161822,0.37870090074009366,0.34790269997384815,0.34618741005659104,44.859584189687745,0.0009208670295643984,-0.009969351792044723,0.31228798627853394,0
2019-07-26,0.323529988527298,98.01000213623047,8330.2099609375,0.027699185223970968,0.027699185223970968,0.00912330950455198,-0.3078847103672522,0.09027730909464893,0.04553719764423758,-0.28091663073192286,0.3215481426034655,0.357368066906929,0.3789985560708576,0.34798098322418003,0.34598332494497297,42.94670251075374,0.0019423680433348078,0.011126961990881146,0.3106580078601837,0
2019-07-27,0.3105280101299286,98.01000213623047,8330.2099609375,-0.040187861584498386,0.040187861584498386,-0.06806838142256444,-0.24030586398987186,0.04405137896344269,0.05312645290662177,-0.31546726941197845,0.31830800005367826,0.3540938675403595,0.37914413412412007,0.34806801113817426,0.34570939004421236,42.63616446876147,0.0,0.0,0.3184700012207031,1
2019-07-28,0.31228798627853394,98.01000213623047,8330.2099609375,0.005667688875695687,0.005667688875695687,-0.057411676022554925,-0.26918552197776136,0.06116094666167071,0.0784989307277495,-0.31163612062350443,0.31559071370533537,0.3502596338589986,0.3793441229396396,0.3481942888763216,0.34541638001799585,52.38261708009003,0.0,0.0,0.3209089934825897,1
2019-07-29,0.3106580078601837,98.04000091552734,8293.330078125,-0.005219472057744867,0.005219472057744867,-0.0355410820271197,-0.2764929601073327,0.003819423011161671,-0.030590296354830127,-0.31468364624920075,0.3139552857194628,0.3463023006916046,0.379357256491979,0.3481398277812534,0.3453064100444317,47.9907062359612,0.0003060787536273146,-0.004427245289787329,0.317905992269516,1
2019-07-30,0.3184700012207031,98.05000305175781,8273.6103515625,0.025146602253482975,0.025146602253482975,0.027567864310515944,-0.1966166431577676,0.0452057389835836,0.027203284565093355,-0.28611297034037375,0.31517585686274935,0.34370426734288534,0.37951030102041033,0.3481866833236482,0.3452342399954796,60.35528925798127,0.00010202097243028341,-0.002377781467364226,0.31239399313926697,0
2019-07-31,0.3209089934825897,98.5199966430664,8175.419921875,0.007658467838533856,0.007658467838533856,0.015705157289276794,-0.21125836075722992,0.05827088950853332,0.040166292620646527,-0.26265957569190557,0.31588471361569,0.34083916743596393,0.37970663441552055,0.3482555276817746,0.3451947849988937,55.503411555705085,0.004793407207346112,-0.011867905970330939,0.3167569935321808,0
2019-08-01,0.317905992269516,98.38999938964844,8111.1201171875,-0.009357796989371892,0.009357796989371892,0.00983445374070202,-0.20564014852459134,0.031418901213995376,0.02249504336266872,-0.28696970270203603,0.3163269971098219,0.3380959004163742,0.3798142343759537,0.34829438312186134,0.34519500002264975,46.8624155596026,-0.0013195011961778524,-0.007865015534609165,0.31984201073646545,0
2019-08-02,0.31239399313926697,98.0999984741211,8004.06982421875,-0.017338456223801035,0.017338456223801035,-0.03442028801942543,-0.23532551180294747,0.025749312388437806,0.033212882876222816,-0.2739312495060411,0.31473614062581745,0.3348913004000982,0.3799013677570555,0.3483501719103919,0.3450881399214268,45.276838343193965,-0.0029474633329233946,-0.01319796667070805,0.32356399297714233,1
2019-08-03,0.3167569935321808,98.0999984741211,8004.06982421875,0.013966338946116652,0.013966338946116652,0.02005932862431936,-0.18512601733694334,0.0476777821872123,0.055160278896806414,-0.2810307844560448,0.31562599539756775,0.33249256710211433,0.3800615343782637,0.34844216638141207,0.34503602981567383,39.54523382596134,0.0,0.0,0.3113259971141815,0
2019-08-04,0.31984201073646545,98.0999984741211,8004.06982421875,0.009739381504677791,0.009739381504677791,0.024189289341390197,-0.156009528841086,0.05771709648192669,0.06885132103583436,-0.25358976497166674,0.31670514174870085,0.330521833896637,0.38025545676549277,0.3485566274987327,0.34498673483729364,42.82119252744891,0.0,0.0,0.31196901202201843,0
2019-08-05,0.32356399297714233,97.5,7726.0400390625,0.011636939850730332,0.011636939850730332,0.04154402845062721,-0.16833357335237142,0.0796839532023843,0.11294790182732672,-0.2538384824085148,0.3185488539082663,0.32833879987398784,0.38052079015307955,0.34873905529578525,0.3449577897787094,50.98001743606509,-0.006116192491882444,-0.03473605194134943,0.3076609969139099,0
2019-08-06,0.3113259971141815,97.62999725341797,7833.27001953125,-0.037822489920333435,0.037822489920333435,-0.02243226702401624,-0.21589638786830312,0.03526527170744975,0.06758159057732405,-0.2481519517458045,0.317528281893049,0.3254814326763153,0.3806386235687468,0.3488485442267524,0.344893034696579,50.9403015786722,0.0013333051632611337,0.01387903504597432,0.297342985868454,0
2019-08-07,0.31196901202201843,97.54000091552734,7862.830078125,0.002065407045339196,0.002065407045339196,-0.027858307626571155,-0.22305512597886834,0.052140118729251395,0.0009176403228579044,-0.1811965952360839,0.31625114168439594,0.32249596615632375,0.3808104015058941,0.348850133187241,0.34479787468910217,47.12015316722957,-0.0009218103085368856,0.003773655002322851,0.29872098565101624,0
2019-08-08,0.3076609969139099,97.62000274658203,8039.16015625,-0.013809112258253653,0.013809112258253653,-0.03222649338084993,-0.2194673207479494,0.024215435275115382,-0.01163891707367326,-0.07315388350281626,0.31478757091930937,0.3196123997370402,0.38089122374852497,0.3488300053609742,0.3447302946448326,45.05169215002957,0.0008201951025608167,0.022425777534677227,0.3019149899482727,0
2019-08-09,0.297342985868454,97.48999786376953,7959.14013671875,-0.03353694861862233,0.03353694861862233,-0.04817956683342228,-0.18261844901929047,-0.08381019914312915,-0.04054738903067845,-0.1425379160556164,0.3126374270234789,0.317397998770078,0.38058900137742363,0.3487601942486233,0.3446130596101284,32.2665278164594,-0.001331744306031113,-0.009953778501233024,0.3003219962120056,0
2019-08-10,0.29872098565101624,97.48999786376953,7959.14013671875,0.004634377967711378,0.004634377967711378,-0.05693957276221018,-0.09570286650289606,-0.03661389166096474,-0.013278695593023304,-0.06773795652264492,0.3100608544690268,0.3163441985845566,0.3804628567563163,0.34873786088493136,0.3445092095434666,40.51049747683063,0.0,0.0,0.29663899540901184,0
2019-08-11,0.3019149899482727,97.48999786376953,7959.14013671875,0.010692266197152689,0.010692266197152689,-0.05604961257876706,-0.12264109765193199,-0.0723865636968486,-0.010731043094965198,0.0021675442132622624,0.307499851499285,0.3149374316136042,0.38020107878579035,0.3487196664015452,0.3444363245368004,41.85089521683184,0.0,0.0,0.2633430063724518,0
2019-08-12,0.3003219962120056,97.37999725341797,7863.41015625,-0.005276298922885614,0.005276298922885614,-0.07183122124092034,-0.09590315086616119,-0.2658276799465068,-0.013020763702369709,0.008231731933386888,0.3041795662471226,0.3138755311568578,0.3789928565422694,0.3486976552340719,0.34434994459152224,41.87522928730361,-0.0011283271388032867,-0.012027678722115853,0.26488199830055237,0
2019-08-13,0.29663899540901184,97.80999755859375,8016.35986328125,-0.012263506667669621,0.012263506667669621,-0.0471756353189583,-0.03193917496194787,-0.34948303014922766,-0.01745560509299493,0.06910034506188589,0.3020814231463841,0.3135492980480194,0.3772221230798297,0.3486683774325583,0.3442473146319389,31.648148472906655,0.004415694365412337,0.01945081128824011,0.26197099685668945,0
2019-08-14,0.2633430063724518,97.98999786376953,7773.93994140625,-0.11224414035872421,0.11224414035872421,-0.1558680630951086,-0.16481239026514816,-0.37255512485594366,-0.1273068827631869,-0.0398472635295225,0.2951348509107317,0.31181706488132477,0.37548474537001714,0.34845495522022246,0.34399285465478896,18.137856817193594,0.0018403057935663103,-0.030240648624745403,0.26572099328041077,0
2019-08-15,0.26488199830055237,98.13999938964844,7766.6201171875,0.005844058474535618,0.005844058474535618,-0.13904589480781027,-0.10731783306375997,-0.31412015924389936,-0.12204388750777528,-0.06071882769470027,0.2890235653945378,0.31075559854507445,0.37413684527079266,0.3482503940661748,0.34377006962895396,20.16834057108366,0.0015307840509135584,-0.0009415848686664674,0.2826460003852844,1
2019-08-16,0.26197099685668945,98.13999938964844,7895.990234375,-0.010989804752831511,0.010989804752831511,-0.11896022671748263,-0.156600040892524,-0.2971674537626895,-0.1364637314861532,-0.10417666239593404,0.28397042410714285,0.3091341982285182,0.37290612293614284,0.34802039961020154,0.34360560968518256,20.776398856560533,0.0,0.01665719646841035,0.28332799673080444,1
2019-08-17,0.26572099328041077,98.13999938964844,7895.990234375,0.014314548055763376,0.014314548055763376,-0.11047095435456966,-0.17778239682507924,-0.3638472637015413,-0.17367093999350514,-0.2753248336564771,0.27925613948277067,0.3072190314531326,0.3712174673875173,0.34771013839377296,0.34348642468452456,20.209442190295334,0.0,0.0,0.2758060097694397,1
2019-08-18,0.2826460003852844,98.13999938964844,7895.990234375,0.0636946554200668,0.0636946554200668,-0.06382256663138741,-0.1183980544574551,-0.2898395441627015,-0.12701067052558068,-0.13590341533147676,0.27650342668805805,0.3059537311395009,0.3699357228146659,0.3474816828966141,0.34329734966158865,31.30816249570553,0.0,0.0,0.2662610113620758,0
2019-08-19,0.28332799673080444,98.3499984741211,8002.81005859375,0.002412899331992513,0.002412899331992513,-0.056585930086867964,-0.14969886783751807,-0.28740982073543875,-0.14885843260801035,-0.17631939598609803,0.27407571247645784,0.30429103076457975,0.3686660004986657,0.34720639404323367,0.34316380962729454,29.1432598589752,0.002139790969825528,0.01352836326388962,0.2709439992904663,0
2019-08-20,0.2758060097694397,98.19000244140625,7948.56005859375,-0.026548689321767016,0.026548689321767016,-0.07023009773494948,-0.16752633494004843,-0.267714002731954,-0.14156944928718695,-0.13617072515065298,0.27109957167080473,0.30244093139966327,0.36754565603203243,0.346953699655003,0.3430002546310425,30.64137260500833,-0.0016268025947854259,-0.00677886887265855,0.276544988155365,0
2019-08-21,0.2662610113620758,98.30000305175781,8020.2099609375,-0.0346076520063614,0.0346076520063614,0.011080624580920295,-0.17337457776975085,-0.3015262037212796,-0.17285585650475965,-0.20561074322950945,0.27151642952646526,0.30057943165302276,0.36626851161321006,0.34664457192023596,0.3427769996225834,27.29223595017193,0.0011202832021233178,0.009014199026688319,0.2725529968738556,1
2019-08-22,0.2709439992904663,98.16999816894531,7991.39013671875,0.017587959665721797,0.017587959665721797,0.02288566617892851,-0.12577842298649988,-0.2954093429811777,-0.18542479868289896,-0.15277843010517012,0.27238242966788156,0.2992800315221151,0.36500632266203564,0.3463019275003009,0.3426199595630169,31.82668099269715,-0.0013225318288551113,-0.003593400217589915,0.27008798718452454,0
2019-08-23,0.276544988155365,97.63999938964844,7751.77001953125,0.02067212737527413,0.02067212737527413,0.05563207940399684,-0.12471081709604614,-0.285487298861846,-0.08259611780776765,-0.15612632818814032,0.2744644284248352,0.2979666312535604,0.3637786004278395,0.34616360515356065,0.342501694560051,39.20167285756418,-0.0053987856695767444,-0.029984785261139457,0.2707880139350891,0
2019-08-24,0.2725529968738556,97.63999938964844,7751.77001953125,-0.014435232792093355,0.014435232792093355,0.02571119243948905,-0.1342302019895163,-0.332653462118469,-0.17033573359475118,-0.16804636341447954,0.2754404289381845,0.2965580642223358,0.36226904491583506,0.3458527329895231,0.34236826449632646,36.77261207061741,0.0,0.0,0.2696180045604706,0
2019-08-25,0.27008798718452454,97.63999938964844,7751.77001953125,-0.009044148175233357,0.009044148175233357,-0.04443018186580261,-0.165184073309681,-0.3779182704099,-0.15459330706373375,-0.17713800546616532,0.27364642705236164,0.2947766641775767,0.3604459335406621,0.3455783496300379,0.3422650694847107,33.79264962406745,0.0,0.0,0.25745001435279846,0
2019-08-26,0.2707880139350891,98.08000183105469,7853.740234375,0.002591847041632178,0.002591847041632178,-0.0442595964409046,-0.12797556065300453,-0.39359842943978185,-0.13515546310550808,-0.1636563292747134,0.27185500093868803,0.2934519976377487,0.3584930337137646,0.3453432497051027,0.34216091960668565,34.82229609108987,0.004506374888946452,0.01315444273847488,0.2570450007915497,0
2019-08-27,0.2696180045604706,98.0,7826.9501953125,-0.0043207576200141595,0.0043207576200141595,-0.02243607822085525,-0.13663664179513269,-0.39235947814352223,-0.14428169257613055,-0.19971623913085212,0.27097100019454956,0.29202966491381327,0.35655864477157595,0.34509069422880806,0.34195059463381766,35.74556287067787,-0.0008156793389185735,-0.0034111185579124292,0.25621798634529114,0
2019-08-28,0.25745001435279846,98.20999908447266,7856.8798828125,-0.045130480909493786,0.045130480909493786,-0.03309157793776907,-0.1712751390955044,-0.3904993669753615,-0.1886533992334528,-0.26826909157625756,0.26971228633608135,0.2902560651302338,0.3547259228097068,0.34475812762975694,0.341681424677372,45.99948854568938,0.0021428478007414764,0.003823927168710606,0.2592040002346039,0
2019-08-29,0.2570450007915497,98.51000213623047,7973.39013671875,-0.0015731735819356496,0.0015731735819356496,-0.051298417884561354,-0.1928753106845541,-0.4139073250448607,-0.1843104050606239,-0.2545163565180646,0.2677267151219504,0.2882085651159286,0.3527089340819253,0.3444354554017385,0.34141710475087167,44.59659052148205,0.003054709851893822,0.014829074090991767,0.2580539882183075,0
2019-08-30,0.25621798634529114,98.91999816894531,7962.8798828125,-0.003217391677378778,0.003217391677378778,-0.07350341781878178,-0.20158676899408323,-0.4049509938006507,-0.18024410225741483,-0.23618254077758216,0.2648228577205113,0.286052198211352,0.35077154503928293,0.34412247753805586,0.34118448972702026,45.916086395614464,0.004161973645557815,-0.001318166266297216,0.2608200013637543,0
2019-08-31,0.2592040002346039,98.91999816894531,7962.8798828125,0.011654193102933252,0.011654193102933252,-0.04897761827007152,-0.18465204639850086,-0.4172375397567545,-0.15052120590348417,-0.22702278509137364,0.2629158582006182,0.28409546514352163,0.3487095339430703,0.34386731651094227,0.3409545597434044,45.32302551318093,0.0,0.0,0.263139009475708,0
2019-09-01,0.2580539882183075,98.91999816894531,7962.8798828125,-0.004436706282524683,0.004436706282524683,-0.04455584675076796,-0.17394702239596005,-0.3939036847199223,-0.18468160666834088,-0.2578705903134506,0.26119671549115864,0.2822841316461563,0.34684608942932554,0.34354257749186623,0.34072340965271,27.185696488320673,0.0,0.0,0.25990501046180725,0
2019-09-02,0.2608200013637543,98.91999816894531,7962.8798828125,0.010718738216542567,0.010718738216542567,-0.0368111292168356,-0.17659276136153756,-0.34903549899830066,-0.177304413179611,-0.23853290194650467,0.2597727136952536,0.28041956524054207,0.34529223375850254,0.34323029418786366,0.3405179646611214,29.896416005502616,0.0,0.0,0.2563459873199463,0
2019-09-03,0.263139009475708,98.94999694824219,7874.16015625,0.008891220381214149,0.008891220381214149,-0.024030276076423718,-0.1772844071677564,-0.3466151189881721,-0.16401702210817592,-0.21675730669642745,0.25884714296885897,0.27852946519851685,0.34374120036760963,0.3429434776306152,0.3403248646855354,37.52685180620215,0.00030326303934669063,-0.011141663301238225,0.2523399889469147,0
2019-09-04,0.25990501046180725,98.44999694824219,7976.8798828125,-0.012290078237903068,0.012290078237903068,0.00953581655522684,-0.1967430984195827,-0.38050002891153534,-0.16183195571502484,-0.21633211404987995,0.25919785669871737,0.27640749911467233,0.34196747839450836,0.3426646888256073,0.34011587470769883,42.8529778812011,-0.005053057255388627,0.013045166027130906,0.260686993598938,0
2019-09-05,0.2563459873199463,98.41000366210938,8116.830078125,-0.013693553408367087,0.013693553408367087,-0.00271942060515018,-0.17659948190600616,-0.39416731517866,-0.18315884718059483,-0.09610332836979973,0.2590979976313455,0.27457483212153116,0.34011432263586255,0.342345355451107,0.3398807546496391,33.15955223059575,-0.0004062294298885494,0.01754447821309757,0.2630839943885803,1
2019-09-06,0.2523399889469147,98.38999938964844,8103.06982421875,-0.015627310631672664,0.015627310631672664,-0.01513553928704403,-0.1911376475779435,-0.38813468527050843,-0.19407749458220958,-0.16639690893077286,0.258543998003006,0.2725871980190277,0.3383357557985518,0.34200776086913215,0.33953461453318595,21.009979290420276,-0.00020327478626691597,-0.0016952743588083408,0.2595619857311249,1
2019-09-07,0.260686993598938,98.38999938964844,8103.06982421875,0.03307840618864133,0.03307840618864133,0.005721336719309411,-0.1526810476016115,-0.32858659914054644,-0.1619532787633643,-0.10550554784283284,0.25875585419791086,0.27102139790852864,0.3369182113144133,0.3417278831203779,0.33921920955181123,37.13074468091983,0.0,0.0,0.25867098569869995,0
2019-09-08,0.2630839943885803,98.38999938964844,8103.06982421875,0.00919493817681638,0.00919493817681638,0.01949206910151524,-0.11521708299192912,-0.34299139311322535,-0.15189182656141287,-0.05817071843599497,0.25947442650794983,0.2698794315258662,0.3353921777672238,0.3414661220378346,0.3388702295720577,42.392608288355476,0.0,0.0,0.2559559941291809,0
2019-09-09,0.2595619857311249,98.27999877929688,8087.43994140625,-0.013387392363571005,0.013387392363571005,-0.0048233096620334814,-0.13108888160150645,-0.3416493539596185,-0.1736273860511719,-0.06860202103551205,0.2592947099890028,0.2685741315285365,0.3338955220248964,0.3411631441778607,0.33856158450245855,38.51113162073251,-0.0011180060070529185,-0.0019288841329967443,0.25481098890304565,0
2019-09-10,0.25867098569869995,98.33000183105469,8084.16015625,-0.003432706179663403,0.003432706179663403,-0.016979708884328426,-0.14323238556979823,-0.3561554708542034,-0.17345627241983097,-0.04309700447650555,0.2586564208780016,0.2671326647202174,0.3323056439558665,0.34086156636476517,0.33824541941285136,38.73232567085302,0.0005087815667366158,-0.0004055405888652164,0.2555510103702545,0
2019-09-11,0.2559559941291809,98.6500015258789,8169.68017578125,-0.01049592617504258,0.01049592617504258,-0.015194075426285925,-0.1477281139657367,-0.36152585102548884,-0.1875754098963892,-0.029403504877981823,0.25809227568762644,0.26565379798412325,0.3306952993075053,0.3405332552062141,0.3378620994091034,48.09066512693986,0.0032543444408150712,0.010578714161808556,0.2611669898033142,1
2019-09-12,0.25481098890304565,98.30999755859375,8194.4697265625,-0.004473445640649332,0.004473445640649332,-0.005987994713507194,-0.1410064325773922,-0.37226460008770634,-0.2048785459701843,-0.0565596070715122,0.2578729901994978,0.264259531100591,0.32901629904905955,0.34016849398612975,0.33762893930077553,47.197964738785465,-0.0034465682922059093,0.0030343355245090464,0.26162800192832947,1
2019-09-13,0.2555510103702545,98.26000213623047,8176.7099609375,0.0029041976187709206,0.0029041976187709206,0.012724980439051015,-0.029588771350080534,-0.37734116038949195,-0.1953987364517621,-0.08921418748751297,0.2583317075456892,0.2639997979005178,0.32729554375012715,0.33982371075285805,0.3372641444206238,49.16160809411568,-0.0005085487092346686,-0.0021672867455269085,0.2609519958496094,1
2019-09-14,0.2611669898033142,98.26000213623047,8176.7099609375,0.02197596254823253,0.02197596254823253,0.00184127408026602,-0.014025145238533265,-0.3891059477839649,-0.1772713356658332,-0.057699787084029674,0.2584002784320286,0.26387596428394317,0.3254472212658988,0.339511082900895,0.33697259441018107,52.31446050268984,0.0,0.0,0.28501299023628235,1
2019-09-15,0.26162800192832947,98.26000213623047,8176.7099609375,0.0017652005920136826,0.0017652005920136826,-0.0055343255055657625,-0.0013092858846035504,-0.4161131940190501,-0.180571370539385,-0.0722674211301777,0.25819227950913565,0.2638645311196645,0.3233755323621962,0.33919078840149774,0.3367152044177055,54.28353238188175,0.0,0.0,0.3137759864330292,1
2019-09-16,0.2609519958496094,98.6500015258789,8153.5400390625,-0.002583844518696754,0.002583844518696754,0.005355214534089603,-0.01794738673797125,-0.3913812297245147,-0.18352993920740235,-0.07189344486883853,0.25839085238320486,0.2637055645386378,0.32151098781161835,0.33886491060256957,0.3364445744454861,50.16654170085366,0.003969055375225183,-0.0028336484950168828,0.3024410009384155,1
2019-09-17,0.28501299023628235,98.26000213623047,8186.02001953125,0.09220467660473353,0.09220467660473353,0.1018359460239795,0.008374397117848487,-0.3475231126168764,-0.088594239534169,0.04687578678933901,0.2621539958885738,0.26378446420033774,0.3198242766989602,0.338710993859503,0.33628307938575747,67.821382385806,-0.003953364253584168,0.0039835433827690725,0.29447001218795776,1
2019-09-18,0.3137759864330292,98.5999984741211,8177.39013671875,0.10091819384408285,0.10091819384408285,0.22589817636646758,0.1074655171869725,-0.26998792924955206,0.007174000947617776,-0.025116508789166936,0.27041399478912354,0.2647993971904119,0.3185348653131061,0.3387234105004205,0.33627632930874823,80.99630021866709,0.003460170267646001,-0.0010542220507535616,0.2894429862499237,0
2019-09-19,0.3024410009384155,98.2699966430664,8182.8798828125,-0.03612445178953472,0.03612445178953472,0.18692291192156096,0.09657146771834801,-0.31757856036095145,-0.03175193962348544,-0.07241765315972559,0.2772182822227478,0.26568723022937774,0.3169710096385744,0.33866831047667395,0.3362257643043995,74.3438138030941,-0.003346874606101502,0.0006713322957527801,0.27893099188804626,0
2019-09-20,0.29447001218795776,98.51000213623047,8117.669921875,-0.026355516367573606,0.026355516367573606,0.15229445487738658,0.10594491728840416,-0.379754954603879,-0.04699793625629345,-0.3455029339772161,0.2827781396252768,0.26662753025690716,0.31496774322456783,0.3385876327753067,0.33617244943976404,71.35544679466398,0.0024423069234020822,-0.007969072242459352,0.2686749994754791,0
2019-09-21,0.2894429862499237,98.51000213623047,8117.669921875,-0.017071435901681364,0.017071435901681364,0.10826788051546732,0.06827605338336173,-0.38191642092378275,-0.048057156786648014,-0.48448337745861925,0.2868175676890782,0.2672441631555557,0.3129805429114236,0.33850645489162867,0.3360371293127537,65.08392141217712,0.0,0.0,0.23522600531578064,0
2019-09-22,0.27893099188804626,98.51000213623047,8117.669921875,-0.03631801377560662,0.03631801377560662,0.06613584873249456,0.008627904445481338,-0.4066409079105662,-0.0856520271606952,-0.5113315012602333,0.28928942339760916,0.2673236966133118,0.3108565760983361,0.3383612937397427,0.33584662929177284,57.66036448523541,0.0,0.0,0.24644100666046143,0
2019-09-23,0.2686749994754791,98.5999984741211,8112.4599609375,-0.0367689238945651,0.0367689238945651,0.029595495526773652,-0.014228415914910308,-0.4261888907233954,-0.14014373099710375,-0.5292094488182397,0.2903927096298763,0.2671944300333659,0.3086393094725079,0.3381180158919758,0.3356161743402481,54.13592493544168,0.000913575636372066,-0.00064180497453592,0.24378399550914764,0
2019-09-24,0.23522600531578064,98.33999633789062,7993.6298828125,-0.12449611696287077,0.12449611696287077,-0.1746832131378544,-0.12907638815097,-0.4967900331608698,-0.23935636174328834,-0.5245193008582041,0.28328028321266174,0.26603236397107444,0.3060590316851934,0.3377067936791314,0.3352418693900108,41.786773904115634,-0.0026369385421309843,-0.01464784771785399,0.2440209984779358,1
2019-09-25,0.24644100666046143,99.04000091552734,8077.3798828125,0.04767755729059431,0.04767755729059431,-0.21459570739630007,-0.08991168745180844,-0.39709210916577065,-0.1996823965971838,-0.5323176484680966,0.2736610003880092,0.26522079706192014,0.3042555540800095,0.3373651936650276,0.3349049444496632,46.85407115334893,0.007118208294736306,0.010477092538406785,0.24257099628448486,0
2019-09-26,0.24378399550914764,99.20999908447266,8030.66015625,-0.010781530181681709,0.010781530181681709,-0.19394528270726064,-0.09581707680626661,-0.4294981515257863,-0.21519996968266575,-0.5278322416759416,0.2652814281838281,0.26435966342687606,0.3022163207332293,0.33699381591545213,0.33455832935869695,46.3902496560779,0.0017164596867311754,-0.005784019971861509,0.2413879930973053,0
2019-09-27,0.2440209984779358,99.11000061035156,7939.6298828125,0.0009721842826193594,0.0009721842826193594,-0.17132139648169264,-0.05216164352766406,-0.43168723865671677,-0.2108728187530401,-0.5492619840477664,0.2580744262252535,0.26391202956438065,0.300156798462073,0.33663154931532013,0.33422310940921307,46.21311219312038,-0.0010079475359731083,-0.01133534126290403,0.2559329867362976,1
2019-09-28,0.24257099628448486,99.11000061035156,7939.6298828125,-0.0059421205654235365,0.0059421205654235365,-0.16193859306359748,-0.05630922391991,-0.38808207830996955,-0.22438586139495453,-0.5500545175248801,0.2513784276587622,0.2634295627474785,0.2984474650687642,0.33624168261885645,0.33388495944440366,43.7205400928467,0.0,0.0,0.2495650053024292,1
2019-09-29,0.2413879930973053,99.11000061035156,7939.6298828125,-0.004876935846823804,0.004876935846823804,-0.13459601077892946,-0.0578803754549857,-0.40670792892745644,-0.31326120670161617,-0.577422707671092,0.24601514211722783,0.2629352296392123,0.29660886509550943,0.33562995485133595,0.33352140940725805,43.19855603187979,0.0,0.0,0.25353899598121643,1
2019-09-30,0.2559329867362976,99.37999725341797,7999.33984375,0.06025566330935561,0.06025566330935561,-0.04742537550593506,-0.012619456086116365,-0.3604936859474296,-0.25216957561684117,-0.5599289711277637,0.24419485458305903,0.2628261958559354,0.2950058538052771,0.3351505048573017,0.3332362993806601,48.457217913457995,0.002724211899946205,0.007520496776147967,0.24785999953746796,0
2019-10-01,0.2495650053024292,99.12999725341797,7908.68017578125,-0.024881440704748625,0.024881440704748625,0.06095839602172837,-0.03289615081901709,-0.38911759863303774,-0.2494579102353306,-0.567073925407575,0.24624328315258026,0.26254322975873945,0.293239553934998,0.33468968263930743,0.3329088643938303,37.77385647895553,-0.0025155967690611014,-0.011333393722431251,0.2539350092411041,0
2019-10-02,0.25353899598121643,99.04000091552734,7785.25,0.01592366956245117,0.01592366956245117,0.028801981524667175,-0.027915824493779273,-0.3477576323989927,-0.299234668199439,-0.5132085630956965,0.24725728162697383,0.26230052957932154,0.29173755397399265,0.3340882159769535,0.3325742193311453,24.93863044530032,-0.0009078618015145867,-0.015606924674894551,0.2534570097923279,0
2019-10-03,0.24785999953746796,98.86000061035156,7872.259765625,-0.022398907204670082,0.022398907204670082,0.016719735927731794,-0.05806440469880447,-0.3459537184955994,-0.3006306079335962,-0.5307121710110542,0.24783956791673387,0.2617912292480469,0.2902808427810669,0.3334962993860245,0.33222545936703685,26.170283886281027,-0.0018174505604993119,0.011176232699656508,0.2577050030231476,1
2019-10-04,0.2539350092411041,98.80999755859375,7982.47021484375,0.024509843116972352,0.024509843116972352,0.0406276952598601,-0.022969935093192118,-0.3473030796995983,-0.29434273001112077,-0.5177893947277544,0.24925585516861506,0.26159222920735675,0.2887795093986723,0.3329078493846787,0.331907934397459,32.004757702490124,-0.000505796595681729,0.013999849153859767,0.27568501234054565,1
2019-10-05,0.2534570097923279,98.80999755859375,7982.47021484375,-0.0018823692337844866,0.0018823692337844866,0.044877638607197845,-0.011269837136216432,-0.3616448393631104,-0.2924819584940124,-0.5116679725823172,0.2508109999554498,0.26149592995643617,0.28718406491809423,0.33232575505971906,0.33157881438732145,33.351845238997996,0.0,0.0,0.27845901250839233,1
2019-10-06,0.2577050030231476,98.80999755859375,7982.47021484375,0.016760212054503176,0.016760212054503176,0.06759660957645375,0.02126105378153742,-0.3581972138492291,-0.26256645595825145,-0.4720046889251803,0.25314200137342724,0.26167476375897725,0.2855859759781096,0.33181599395142664,0.33126928940415384,39.576092333541155,0.0,0.0,0.28162699937820435,1
2019-10-07,0.27568501234054565,98.98999786376953,7956.2900390625,0.06976973324721625,0.06976973324721625,0.07717655256608125,0.057532669867994324,-0.30059005375968073,-0.22296722241803424,-0.42808567412560905,0.25596371931689127,0.26217469771703084,0.2842694984541999,0.3313765106929673,0.33108412444591523,53.199809004798006,0.0018216811013382905,-0.003279708545929405,0.27207300066947937,0
2019-10-08,0.27845901250839233,99.13999938964844,7823.77978515625,0.010062208838614861,0.010062208838614861,0.11577747918202164,0.05844148046917219,-0.23452958251599343,-0.15869342462349112,-0.4314273862057185,0.26009143463202883,0.26268719832102455,0.2833215428723229,0.33108470522695116,0.3309187145531178,77.41019868846041,0.0015153200233961606,-0.016654779206850545,0.2710990011692047,0
2019-10-09,0.28162699937820435,99.12000274658203,7903.740234375,0.011376851628088547,0.011376851628088547,0.11078376045580307,0.0850086486467867,-0.14745029480243188,-0.13702943877161977,-0.41310223522542766,0.2641040065458843,0.2634226987759272,0.28278034296300675,0.3308362662792206,0.33076505452394483,74.84325748361874,-0.00020170106101990992,0.010220181474235313,0.27319100499153137,0
2019-10-10,0.27207300066947937,98.70999908447266,7950.77978515625,-0.03392429962261767,0.03392429962261767,0.09768821583634035,0.05181104844278939,-0.20936131966545546,-0.16549959619864563,-0.4115902841438742,0.2675630067076002,0.26386943260828655,0.2819798429807027,0.33053649961948395,0.33058045953512194,68.20095531759009,-0.00413643715444223,0.005951555768073602,0.2777650058269501,1
2019-10-11,0.2710990011692047,98.30000305175781,8057.0400390625,-0.0035799197196266785,0.0035799197196266785,0.06759206609358803,0.059162541168624294,-0.183876786076681,-0.1755122066085567,-0.29240990968215685,0.2700150055544717,0.26437419950962066,0.28130117621686723,0.3302158885531955,0.3304156795144081,67.258135714785,-0.0041535410446512655,0.013364758775564756,0.29652300477027893,1
2019-10-12,0.27319100499153137,98.30000305175781,8057.0400390625,0.0077167522318570825,0.0077167522318570825,0.07785933881005191,0.07213196011526501,-0.10846006837224453,-0.14870692036898403,-0.3481717416974244,0.27283414772578646,0.2649868667125702,0.2809318986203935,0.3299507664309608,0.33025633454322817,69.35721805684193,0.0,0.0,0.28870201110839844,1
2019-10-13,0.2777650058269501,98.30000305175781,8057.0400390625,0.016742867634168546,0.016742867634168546,0.07784095212928666,0.08692587606877722,-0.11907327830648784,-0.1511316335893047,-0.33688326174779426,0.275699862412044,0.26572733322779335,0.280514732003212,0.32967602759599685,0.3300828345119953,72.0512279466945,0.0,0.0,0.28464001417160034,1
2019-10-14,0.29652300477027893,98.44999694824219,8048.64990234375,0.06753190124682318,0.06753190124682318,0.07558623609176363,0.1353770436056696,-0.000684077653208881,-0.11605202055626651,-0.2647327271519364,0.27867671847343445,0.26690586706002556,0.28051247662968104,0.32945974982447096,0.33001921951770785,73.40940325895124,0.00152587885887856,-0.0010413423140598344,0.30231499671936035,0
2019-10-15,0.28870201110839844,98.29000091552734,8148.7099609375,-0.026375672497786606,0.026375672497786606,0.03678458279276353,0.10348284197608804,-0.07054113896329295,-0.1434827067137341,-0.3545904529111491,0.28014000398772104,0.2678083340326945,0.28026902112695906,0.3291910664902793,0.3299230845272541,72.19935228645451,-0.001625150204920378,0.012431905947929645,0.2950049936771393,1
2019-10-16,0.28464001417160034,98.01000213623047,8124.18017578125,-0.014069860203616447,0.014069860203616447,0.010698600631503075,0.09077538665633633,-0.119241474560971,-0.14239740506751364,-0.39470876360789786,0.2805704346724919,0.2685979346434275,0.279840843545066,0.32892849991718925,0.3297931246459484,67.6235720640299,-0.002848700546228655,-0.0030102660757148625,0.2930220067501068,1
2019-10-17,0.30231499671936035,97.61000061035156,8156.85009765625,0.06209591648314183,0.06209591648314183,0.11115397696745233,0.06070602771029576,-0.05704843192130227,-0.07964360896279798,-0.35429956962674425,0.2848907198224749,0.26917466819286345,0.27963762117756735,0.3287831609447797,0.32975855469703674,77.16421311997688,-0.004081231682077857,0.0040213192184475055,0.2941789925098419,0
2019-10-18,0.2950049936771393,97.27999877929688,8089.5400390625,-0.0241800873974074,0.0241800873974074,0.0881817801055409,-0.05982291050783228,-0.11465480640238901,-0.085111149744727,-0.3554972939770561,0.2883058616093227,0.2685489684343338,0.27921313212977517,0.32863069425026575,0.3296698446571827,70.23790642347343,-0.0033808198851674742,-0.00825196709365672,0.29297900199890137,0
2019-10-19,0.2930220067501068,97.27999877929688,8089.5400390625,-0.006721875797135457,0.006721875797135457,0.0725902441743651,-0.031143244993514174,-0.11556276780770869,-0.09542679412270438,-0.3548300374974942,0.29113886186054777,0.26823500196139016,0.2787877211968104,0.328458961016602,0.32937745973467825,69.21135367311695,0.0,0.0,0.29160699248313904,0
2019-10-20,0.2941789925098419,97.27999877929688,8089.5400390625,0.003948460296778311,0.003948460296778311,0.05909306909999268,-0.0009882829017241468,-0.08670130617045535,-0.08418792658146057,-0.3592979376110851,0.2934837171009609,0.26822530130545297,0.2784774210717943,0.3283087220456865,0.3291371847689152,68.25854950138476,0.0,0.0,0.2741430103778839,0
2019-10-21,0.29297900199890137,97.33000183105469,8162.990234375,-0.004079116937285687,0.004079116937285687,-0.011951864490659547,0.012216622675128352,-0.05468079813519844,-0.03089132815903295,-0.3584785489635025,0.29297743099076407,0.26834316849708556,0.2782891210582521,0.3282568386859364,0.3289395147562027,60.40528783498146,0.0005140116404735995,0.00907965038281855,0.27849099040031433,0
2019-10-22,0.29160699248313904,97.52999877929688,8104.2998046875,-0.004682961940622232,0.004682961940622232,0.010062213850148272,0.045444934280305826,-0.07703825015172494,0.0076817825863253475,-0.35643080371604097,0.2933924283300127,0.26876570185025533,0.27801867657237583,0.3282691886027654,0.32858853474259375,58.04650551999985,0.002054833499226083,-0.007189819906968653,0.2981649935245514,1
2019-10-23,0.2741430103778839,97.47000122070312,8119.7900390625,-0.05988876314845193,0.05988876314845193,-0.03687817338073951,0.020351766681230954,-0.12917949373825588,-0.08160410300851684,-0.40669135519947186,0.2918928563594818,0.2689479688803355,0.27756682104534575,0.3281338608927197,0.3281872248649597,46.101923914551875,-0.0006151702998532516,0.0019113599876994236,0.2936989963054657,1
2019-10-24,0.27849099040031433,97.62999725341797,8185.7998046875,0.015860262191025987,0.015860262191025987,-0.0788052414785162,0.18392943002391404,-0.13921120058143688,-0.06150150407111554,-0.39092639656771777,0.28848942688533236,0.27039013504981996,0.2770663877328237,0.32803247190184065,0.3277803997695446,53.534527922100935,0.0016414900042174274,0.008129491687277834,0.29809999465942383,1
2019-10-25,0.2981649935245514,97.83000183105469,8243.1201171875,0.0706450255211375,0.0706450255211375,0.01071168256517896,0.20988384832948537,-0.03981288708933006,0.002484679297311887,-0.34905864958107446,0.2889408554349627,0.2721142679452896,0.27692902088165283,0.32803657750288645,0.32748005479574205,62.36003867309476,0.0020485975956505698,0.007002408300674112,0.2960070073604584,0
2019-10-26,0.2936989963054657,97.83000183105469,8243.1201171875,-0.014978274834661187,0.014978274834661187,0.0023103710293548296,0.20475093408847278,-0.05952515239087186,-0.0020048203996070324,-0.36053414061042044,0.2890375682285854,0.2737781013051669,0.27672247654861876,0.3280332997441292,0.3272012397646904,59.16649127621199,0.0,0.0,0.3019559979438782,1
2019-10-27,0.29809999465942383,97.83000183105469,8243.1201171875,0.014984723847611736,0.014984723847611736,0.01332862729635842,0.2216161581126299,-0.04042391595587591,-0.03675888897951718,-0.34677046161899905,0.2895977113928114,0.2755807345112165,0.2765829430686103,0.3279700997802946,0.3269177797436714,59.10324263386455,0.0,0.0,0.2965550124645233,0
2019-10-28,0.2960070073604584,97.76000213623047,8325.990234375,-0.0070210913668639074,0.0070210913668639074,0.010335229968352344,0.22029019089035806,-0.07053409669401689,-0.028516903675025795,-0.35985475681485635,0.2900302835873195,0.2773619348804156,0.2763333542479409,0.3279218276341756,0.3267428947985172,49.72849642783218,-0.0007155238016360865,0.010053246344756017,0.29635798931121826,0
2019-10-29,0.3019559979438782,97.69000244140625,8276.849609375,0.020097465382552526,0.020097465382552526,0.03548956550257465,0.25091556572226636,-0.059060343971755414,-0.004230953241136204,-0.31608961905603405,0.29150871293885366,0.27938086837530135,0.2761227654086219,0.32791469991207123,0.32662094473838804,57.11402726918482,-0.0007160361425389006,-0.005902075743148938,0.2926419973373413,0
2019-10-30,0.2965550124645233,97.6500015258789,8303.98046875,-0.01788666400446426,0.01788666400446426,0.08175295826709661,0.15872133657425302,-0.06716130027172196,-0.03785253331636729,-0.3332231501760027,0.2947104275226593,0.28073493589957554,0.27588553229967755,0.3278498833378156,0.3264735648036003,56.30470675617498,-0.00040946785267337305,0.0032779210273761183,0.2962630093097687,0
2019-10-31,0.29635798931121826,97.3499984741211,8292.3603515625,-0.0006643730337507758,0.0006643730337507758,0.0641564701436883,0.18749817888964104,-0.051332625403266885,-0.026905092822056442,-0.33905019427122385,0.2972628559385027,0.28229470203320184,0.2757073544793659,0.3278043611182107,0.3263113097846508,46.13256290554263,-0.0030722278245771673,-0.0013993430296747045,0.2912609875202179,0
2019-11-01,0.2926419973373413,97.23999786376953,8386.400390625,-0.01253886214612765,0.01253886214612765,-0.01852328847167406,0.15422874577850676,-0.07613090377557685,-0.03208287423629219,-0.3578497534544207,0.29647385648318697,0.28359813541173934,0.275439410077201,0.32775047222773235,0.32616995483636857,48.390787941371904,-0.0011299497901975375,0.011340563491645694,0.29993700981140137,1
2019-11-02,0.2962630093097687,97.23999786376953,8386.400390625,0.012373521249081865,0.012373521249081865,0.008730070706936433,0.1952836676455485,-0.07372077661844345,-0.020258629313326115,-0.3541035734392659,0.2968401440552303,0.285211569070816,0.2751774211724599,0.32771643896897634,0.32601517990231516,52.15897179340576,0.0,0.0,0.3012549877166748,0
2019-11-03,0.2912609875202179,97.23999786376953,8386.400390625,-0.016883720317310114,0.016883720317310114,-0.022941990143339086,0.14699028066537223,-0.09983498213043263,-0.028106274972090506,-0.3608029668703273,0.2958631430353437,0.2864557683467865,0.2748184988896052,0.3276696445213424,0.3257942198216915,48.15091377855534,0.0,0.0,0.3100860118865967,1
2019-11-04,0.29993700981140137,97.51000213623047,8433.2001953125,0.029787793981784993,0.029787793981784993,0.013276721000585301,0.18338415677340025,-0.036582191684439214,-0.002607000906395096,-0.3517552665855691,0.296424571956907,0.2880051016807556,0.27469195458624096,0.32766528907749387,0.32560857981443403,54.027556968733435,0.002776679127854509,0.005580440058623459,0.2924309968948364,0
2019-11-05,0.3012549877166748,97.9800033569336,8434.6796875,0.0043941823188213824,0.0043941823188213824,-0.002321564174835977,0.16899161515159045,-0.03434323247652382,0.016006226033855375,-0.39435520240195887,0.29632442763873507,0.28945676783720653,0.27457290987173716,0.32769165568881564,0.3254553447663784,55.58811842358281,0.004820030872797032,0.00017543662586394504,0.2769530117511749,0
2019-11-06,0.3100860118865967,97.94999694824219,8410.6298828125,0.02931411770757908,0.02931411770757908,0.045627282808757386,0.12478371331828697,0.007882100744038611,0.03228840451955306,-0.43526261409803746,0.2982574275561741,0.2906034678220749,0.2745998544825448,0.3277455391155349,0.32536339476704595,73.13142394642004,-0.0003062503333675082,-0.0028513002957469835,0.28019601106643677,0
2019-11-07,0.2924309968948364,98.13999938964844,8434.51953125,-0.056935863969952205,0.056935863969952205,-0.013250840395795493,0.05017608968940457,-0.016519606000696574,-0.09894529367514138,-0.454121378706299,0.29769642863954815,0.29106920063495634,0.27454527682728236,0.32756713910235297,0.3252133047580719,57.65933999354829,0.0019397901717816968,0.0028404113330822156,0.28020399808883667,0
2019-11-08,0.2769530117511749,98.3499984741211,8475.3095703125,-0.05292867482590313,0.05292867482590313,-0.05361153125291518,-0.016596376190311957,-0.07287058809210001,-0.10681640393538971,-0.4388074650858024,0.2954551449843815,0.2909134010473887,0.27430341045061746,0.3273831336034669,0.3249783998727798,37.78168409632432,0.002139790969825528,0.004836083301647864,0.275085985660553,0
2019-11-09,0.28019601106643677,98.3499984741211,8475.3095703125,0.01170956508021459,0.01170956508021459,-0.05423221171203474,0.029855995916424627,-0.07193739829068135,-0.1391166609239759,-0.4403556506899259,0.2931598595210484,0.29118416806062064,0.27406208846304153,0.3271315836244159,0.3247732698917389,42.11099437495799,0.0,0.0,0.27241799235343933,0
2019-11-10,0.28020399808883667,98.3499984741211,8475.3095703125,2.850512528529414e-05,2.850512528529414e-05,-0.037962480061335735,0.03358550522268122,-0.0669880940354668,-0.315008484360487,-0.4470000054111396,0.29158028960227966,0.2914876679579417,0.2738385551505619,0.3264157058464156,0.32466269984841345,38.978672044601424,0.0,0.0,0.27303600311279297,0
2019-11-11,0.275085985660553,98.19999694824219,8464.2802734375,-0.01826530835816642,0.01826530835816642,-0.08285414382998135,0.006936468018338804,-0.07265737169430853,-0.39674788342113054,-0.45625833842691144,0.2880301432950156,0.2915508339802424,0.27359907726446786,0.3254106001721488,0.32459120973944666,37.578515359442775,-0.0015251807646786686,-0.0013013444268317187,0.27039098739624023,0
2019-11-12,0.27241799235343933,98.30999755859375,8486.08984375,-0.009698761282611712,0.009698761282611712,-0.09572288107759452,-0.01925013360697414,0.03446070623251174,-0.35093293133650927,-0.47324743629092036,0.2839105725288391,0.29137260019779204,0.2736999104420344,0.32459232790602577,0.3244607897102833,31.7513548426534,0.0011201691829942906,0.0025766597522700607,0.26165398955345154,0
2019-11-13,0.27303600311279297,98.37000274658203,8482.099609375,0.002268612120714275,0.002268612120714275,-0.11948300585501248,-0.07920802527844917,0.030783537063883593,-0.2930063517446134,-0.4647528194694739,0.27861771413258146,0.29058970014254254,0.27379051049550374,0.32396367788314817,0.3243422646820545,34.55725892016051,0.0006103670987531729,-0.0004702088297990903,0.2638860046863556,0
2019-11-14,0.27039098739624023,98.16000366210938,8479.01953125,-0.009687424685381418,0.009687424685381418,-0.07536823979888219,-0.06342534172816339,0.032140926440635376,-0.2745777645939915,-0.43000221834341956,0.2754691413470677,0.2899793326854706,0.2738840659459432,0.32339509444104303,0.3242070896923542,33.480934902626956,-0.0021347878276840593,-0.00036312685146910884,0.2652530074119568,0
2019-11-15,0.26165398955345154,98.0,8540.830078125,-0.0323124595494938,0.0323124595494938,-0.05524049766055117,-0.08075471990488048,-0.015305541638809816,-0.3735839258956001,-0.45682032498284086,0.2732835667473929,0.28921313186486564,0.27383887701564363,0.3225281722015805,0.3240439146757126,31.470508671991198,-0.001630029096781116,0.0072898224431721115,0.2556529939174652,0
2019-11-16,0.2638860046863556,98.0,8540.830078125,0.008530407415966668,0.008530407415966668,-0.058209273993604205,-0.12711573176992763,-0.06637276194729957,-0.33697485504237623,-0.4404559567235057,0.27095356583595276,0.2879321654637655,0.2736304326189889,0.3217830777168274,0.32381596475839614,30.31292245800337,0.0,0.0,0.2565000057220459,0
2019-11-17,0.2652530074119568,98.0,8540.830078125,0.005180277473320283,0.005180277473320283,-0.05335752087355938,-0.10085248352691889,-0.06379528153732394,-0.3328697118423535,-0.4604884679924819,0.2688177100249699,0.28694043258825935,0.27342959940433503,0.32104779995150035,0.32361874982714656,33.454232723679354,0.0,0.0,0.25136399269104004,0
2019-11-18,0.2556529939174652,97.79000091552734,8549.9404296875,-0.03619191197173521,0.03619191197173521,-0.07064333610606921,-0.12752971439619687,-0.07306953125793536,-0.32122179729907985,-0.4991841146449991,0.26604156834738596,0.2856947988271713,0.27320567700597975,0.3203756665190061,0.3233808198571205,22.15473976110333,-0.0021428478007413654,0.0010666822169702606,0.24376599490642548,0
2019-11-19,0.2565000057220459,97.86000061035156,8570.66015625,0.0033131307856075765,0.0033131307856075765,-0.058432214751590994,-0.12808184046838578,-0.03665953791017629,-0.32713193033522414,-0.46357541473951125,0.2637675702571869,0.28443883260091146,0.2730972213877572,0.3196828665004836,0.3231222099065781,21.690934179868634,0.0007158164860299188,0.0024233767162349373,0.23160000145435333,0
2019-11-20,0.25136399269104004,97.93000030517578,8526.73046875,-0.020023442169320838,0.020023442169320838,-0.07937418572890576,-0.14204092792976808,-0.07226588022137914,-0.34632720700640274,-0.42178753332422936,0.26067156876836506,0.28305166562398276,0.2728796657588747,0.31894299421045513,0.3228562699258328,11.034901178454632,0.0007153044593053437,-0.005125589709442102,0.23618799448013306,0
2019-11-21,0.24376599490642548,97.98999786376953,8506.2099609375,-0.030227073111277036,0.030227073111277036,-0.09846849092938725,-0.16405984359061543,-0.11853041874880788,-0.37017878852909314,-0.4554552641608982,0.2568679984126772,0.281456965704759,0.27251545472277533,0.31814702757530744,0.32256338991224764,12.734542754166768,0.0006126575963114611,-0.0024066091789468613,0.2231840044260025,0
2019-11-22,0.23160000145435333,98.2699966430664,8519.8798828125,-0.049908493006755594,0.049908493006755594,-0.11486157023781474,-0.15518545909628878,-0.15025699914962354,-0.4329269502934384,-0.4564400870344226,0.25257457154137747,0.28003886540730794,0.27206042144033643,0.31716473317808574,0.3222094449400902,13.4149979817834,0.002857422036952606,0.0016070520170294866,0.21862199902534485,0
2019-11-23,0.23618799448013306,98.2699966430664,8519.8798828125,0.019809987033544862,0.019809987033544862,-0.1049620279754635,-0.15190077014474768,-0.12551462602159702,-0.45599862605426966,-0.4202951280501118,0.24861771294048854,0.2786287655433019,0.27168375485473206,0.3160648441976971,0.3218919649720192,15.253934587237183,0.0,0.0,0.22214500606060028,0
2019-11-24,0.2231840044260025,98.2699966430664,8519.8798828125,-0.05505779446052406,0.05505779446052406,-0.15859953256106962,-0.25147482342649596,-0.17579806734170222,-0.500202653577241,-0.40537542481903954,0.2426078553710665,0.27612939924001695,0.27115482141574226,0.3148239275647534,0.32150428004562853,12.646121521172986,0.0,0.0,0.22508099675178528,0
2019-11-25,0.21862199902534485,98.31999969482422,8632.490234375,-0.020440557164436934,0.020440557164436934,-0.14484866507792749,-0.25562565151579875,-0.18914169184754215,-0.5072896344825798,-0.4163091272760663,0.23731771324362075,0.2736268326640129,0.2705881991320186,0.31357342195179727,0.3211148450523615,12.738922274396089,0.0005088333516427568,0.013217363755288813,0.22457000613212585,1
2019-11-26,0.22214500606060028,98.25,8647.9296875,0.016114604435791602,0.016114604435791602,-0.13393761752455524,-0.25479701428911916,-0.13713344852961518,-0.47408229066301355,-0.3750333697885697,0.2324098561491285,0.27109499971071876,0.2701959212621053,0.31246092203590603,0.3207236351072788,17.19461378230278,-0.0007119578421632689,0.001788528304789594,0.23021699488162994,1
2019-11-27,0.22508099675178528,98.41000366210938,8705.1796875,0.013216550501180535,0.013216550501180535,-0.10456149927392377,-0.23960922831230125,-0.12435178253353996,-0.486788993905383,-0.3750579744502822,0.22865514244352067,0.2687307993570964,0.2698407656616635,0.3112748498717944,0.32022632509469984,19.62606396352794,0.0016285360011132344,0.006620081576605763,0.22647400200366974,0
2019-11-28,0.22457000613212585,98.41000366210938,8705.1796875,-0.002270252162704489,0.002270252162704489,-0.07874760703053918,-0.2562823468939185,-0.12351974451362291,-0.4784512950194796,-0.4250006753189909,0.22591285833290645,0.2661512662967046,0.26948912143707277,0.31013033323817785,0.3197988051176071,20.17135932727409,0.0,0.0,0.22533300518989563,0
2019-11-29,0.23021699488162994,98.2699966430664,8665.4697265625,0.0251457834764528,0.0251457834764528,-0.0059715309328094435,-0.22369548581084708,-0.11183085649425928,-0.4824083648184584,-0.39346667831868865,0.22571528596537455,0.2639399990439415,0.26916704359981747,0.3089382887714439,0.3193225150555372,28.6772460034384,-0.0014226909240211416,-0.004561647474608743,0.2195809930562973,0
2019-11-30,0.22647400200366974,98.2699966430664,8665.4697265625,-0.016258542858161862,0.016258542858161862,-0.041128222871126496,-0.23580935837083283,-0.12237743904938936,-0.46807619960116953,-0.3751665848268685,0.2243275727544512,0.26161053280035657,0.26881615486409927,0.30783112214671243,0.31840957507491113,25.134253679088587,0.0,0.0,0.21987000107765198,0
2019-12-01,0.22533300518989563,98.2699966430664,8665.4697265625,-0.005038091806032652,0.005038091806032652,0.00962882967092571,-0.23000455423305366,-0.1360593358956642,-0.4376052966962444,-0.395737785020582,0.2246345728635788,0.259366899728775,0.26842185490661197,0.3068570443325572,0.3172562150657177,23.387369474249297,0.0,0.0,0.21634800732135773,0
2019-12-02,0.2195809930562973,97.86000061035156,8567.990234375,-0.025526718239748836,0.025526718239748836,0.004386539484717122,-0.25883088284333755,-0.16553234165545427,-0.45477144834433025,-0.4027071022166484,0.2247715720108577,0.256810832520326,0.2679378769463963,0.305839538657003,0.3162555850297213,24.652156421810574,-0.004172138462607444,-0.011249187322032173,0.2229280024766922,0
2019-12-03,0.21987000107765198,97.73999786376953,8520.6396484375,0.0013161795897360662,0.0013161795897360662,-0.010241080919584977,-0.2451100198841779,-0.15403708190550014,-0.4759259966985442,-0.36955559456042697,0.22444657129900797,0.25443113297224046,0.26749304350879455,0.30473026095165145,0.3154239699989557,24.056593020624717,-0.0012262696283831254,-0.005526451903216212,0.22550499439239502,1
2019-12-04,0.21634800732135773,97.6500015258789,8566.669921875,-0.016018527943929883,0.016018527943929883,-0.038799319162683976,-0.27868852377572184,-0.15603123113710748,-0.48869613485443286,-0.3857780551863027,0.22319900138037546,0.251644832889239,0.26704862150881026,0.30358147207233643,0.31464203000068663,24.61946198788975,-0.000920772865332542,0.005402208676427378,0.22844499349594116,1
2019-12-05,0.2229280024766922,97.41000366210938,8570.7001953125,0.030413939267583512,0.030413939267583512,-0.007311767424842963,-0.2600022852190842,-0.1165569777226626,-0.45945185712870384,-0.3409215704138273,0.2229644294295992,0.24903393338123958,0.2667218216591411,0.3025287887288464,0.3136681700497866,34.669821249098874,-0.002457735381662274,0.00047045975557069575,0.23043499886989594,1
2019-12-06,0.22550499439239502,97.69999694824219,8656.5302734375,0.011559749726695934,0.011559749726695934,-0.02046764832308612,-0.27276631080390135,-0.13495878225773628,-0.4191997341120637,-0.27475431745775847,0.22229128650256566,0.24621456613143286,0.2663309105568462,0.3016245609356297,0.312805679962039,44.779433293418194,0.0029770380374762873,0.01001436010700063,0.2254520058631897,0
2019-12-07,0.22844499349594116,97.69999694824219,8656.5302734375,0.013037401284471395,0.013037401284471395,0.00870294813017658,-0.21880718555258294,-0.13166517778149844,-0.42949654814294713,-0.24355212467994258,0.22257285671574728,0.24408169935146967,0.2659460327691502,0.300669105268187,0.3119598899036646,43.17520217332715,0.0,0.0,0.2243019938468933,0
2019-12-08,0.23043499886989594,97.69999694824219,8656.5302734375,0.00871109208173615,0.00871109208173615,0.022642016759598427,-0.16796355665946883,-0.11221591936579267,-0.41552677697010343,-0.25005453317901427,0.22330171295574733,0.2425310989220937,0.2656223995818032,0.2997589608033498,0.3112288798391819,57.9310021103442,0.0,0.0,0.22205300629138947,0
2019-12-09,0.2254520058631897,97.63999938964844,8621.830078125,-0.02162428898016333,0.02162428898016333,0.026737345182636707,-0.1953775323027951,-0.12842174682166996,-0.43883910996868214,-0.28055648756171214,0.22414042907101767,0.24070629874865215,0.2652532998058531,0.2987794718808598,0.3104501198232174,57.402362663024974,-0.0006140999024343285,-0.0040085570334083,0.21985900402069092,0
2019-12-10,0.2243019938468933,97.41000366210938,8616.1796875,-0.005100917208047617,0.005100917208047617,0.02015733273078979,-0.19950466311412174,-0.12366969716798992,-0.4404857556787567,-0.2615961468879284,0.224773570895195,0.23884289860725402,0.26490158869160546,0.29779844399955535,0.309648924767971,52.46451092687867,-0.0023555482279472573,-0.0006553586157230784,0.22075499594211578,0
2019-12-11,0.22205300629138947,97.16000366210938,8654.0498046875,-0.01002660527859145,0.01002660527859145,0.02636954710452999,-0.19278691803152948,-0.12855796664295527,-0.4529649866902332,-0.26312693715843216,0.2255885707480567,0.23707513262828192,0.2645376111070315,0.2967769550780455,0.3088239898532629,46.48512702182385,-0.0025664715183379982,0.004395232987357556,0.21735599637031555,0
2019-12-12,0.21985900402069092,97.4000015258789,8717.3203125,-0.009880533965027527,0.009880533965027527,-0.013766769638202558,-0.19293508434845807,-0.13966685671816093,-0.4643059633256691,-0.2845995980042376,0.22515014239719935,0.23532316635052364,0.26414103325870303,0.29571828850441506,0.30788121990859507,44.73713123295789,0.0024701302462293295,0.00731108662885549,0.21860100328922272,0
2019-12-13,0.22075499594211578,97.16999816894531,8734.8798828125,0.004075302375792456,0.004075302375792456,-0.02106382815634622,-0.19148026844313115,-0.15473622409797216,-0.48363338674778356,-0.2642137805519349,0.22447157119001662,0.23358046611150104,0.2636920111046897,0.29456961618529426,0.30681415483355523,38.174269840536724,-0.002361430732344294,0.002014331203055608,0.2072249948978424,0
2019-12-14,0.21735599637031555,97.16999816894531,8734.8798828125,-0.01539715809055342,0.01539715809055342,-0.0485412131643963,-0.19614185937420092,-0.1692173820527889,-0.5149169907423111,-0.24735619055324443,0.22288742874349868,0.23181263307730357,0.26320009993182286,0.29328781614700955,0.3056681898236275,38.505359978750185,0.0,0.0,0.18369899690151215,0
2019-12-15,0.21860100328922272,97.16999816894531,8734.8798828125,0.005727962143662335,0.005727962143662335,-0.05135502696513006,-0.16454167711222234,-0.16229418909979976,-0.4901565195172919,-0.2353480407170413,0.22119685794625962,0.2303775335351626,0.26272953334781857,0.29212026057971846,0.30454262979328633,41.53547991101122,0.0,0.0,0.19617600739002228,0
2019-12-16,0.2072249948978424,97.06999969482422,8814.23046875,-0.05204005571890791,0.05204005571890791,-0.08084652383358226,-0.21471775229557255,-0.27292789452842803,-0.5256022557188146,-0.2802913357154849,0.2185929992369243,0.22848883320887883,0.26186522228850256,0.2908447494937314,0.30346677981317044,36.38907300584917,-0.0010291085314958481,0.009084336247558111,0.19081899523735046,0
2019-12-17,0.18369899690151215,97.20999908447266,8823.3603515625,-0.11352876619892349,0.11352876619892349,-0.18101933134440362,-0.3074574396202244,-0.4145536789166625,-0.5726171188327212,-0.4407145178673474,0.21279257110186986,0.22577036619186402,0.26041992240481904,0.2894773938589626,0.30219240486621857,23.646660857643695,0.0014422518809991125,0.0010358116735056377,0.19531600177288055,1
2019-12-18,0.19617600739002228,97.41000366210938,8827.740234375,0.06792095057111025,0.06792095057111025,-0.11653523333708016,-0.23264733033654372,-0.35135776306345257,-0.5573526308590684,-0.43975643362131467,0.20909585697310312,0.22378779997428258,0.2592392002542814,0.2881051049464279,0.30102036990225317,36.99956208080762,0.002057448611463508,0.0004963962297792612,0.19408200681209564,0
2019-12-19,0.19081899523735046,97.41999816894531,8887.2197265625,-0.02730717290020801,0.02730717290020801,-0.13208469179005056,-0.25606631196675333,-0.3519917569210671,-0.5980760978544466,-0.45783282600956976,0.20494728428976877,0.22159843295812606,0.2580875222881635,0.28652763275636567,0.2997505398839712,28.9749738845793,0.0001026024685371052,0.006737793660475999,0.19697800278663635,1
2019-12-20,0.19531600177288055,97.70999908447266,8924.9599609375,0.02356687042574812,0.02356687042574812,-0.11523632369301207,-0.22297541632006923,-0.3252004330682515,-0.5829174685117435,-0.4835628966577735,0.2013131422655923,0.21973016659418743,0.25704166690508523,0.28501110490825443,0.2985982999205589,30.717063467966398,0.0029768109318215608,0.004246573792048958,0.19094300270080566,0
2019-12-21,0.19408200681209564,97.70999908447266,8924.9599609375,-0.006317940924368548,0.006317940924368548,-0.10707774318113294,-0.20381837144020865,-0.3041934655651539,-0.5871368664578444,-0.45873329702343313,0.19798828661441803,0.21807403365770975,0.2560989004042413,0.28347773825128875,0.29756537489593027,27.561951603207717,0.0,0.0,0.1921979933977127,0
2019-12-22,0.19697800278663635,97.70999908447266,8924.9599609375,0.014921506749178137,0.014921506749178137,-0.09891537631223857,-0.1494904941723013,-0.2668539939659933,-0.5793126770159145,-0.45632443887035323,0.19489928654261998,0.21691996703545252,0.25530226710769865,0.2819707882901033,0.2965366048365831,28.408996276393495,0.0,0.0,0.19071899354457855,0
2019-12-23,0.19094300270080566,97.66000366210938,8945.650390625,-0.030637939264556935,0.030637939264556935,-0.07857156519686936,-0.19156346993383344,-0.18825725733652188,-0.5915229613824066,-0.4857031211244017,0.192573287657329,0.21541180064280827,0.25481023374531003,0.2804346327152517,0.29539361990988255,28.02842739303486,-0.0005116715058001153,0.002318265827304211,0.19039399921894073,0
2019-12-24,0.1921979933977127,97.6500015258789,8952.8798828125,0.006572593282580419,0.006572593282580419,0.046265884079689235,-0.13883616394455067,-0.22010546863851688,-0.5297954330236985,-0.5275357147069626,0.1937874300139291,0.21437893360853194,0.2542075335979462,0.2792315438389778,0.29423895984888077,29.586958775086586,-0.00010241793831045065,0.0008081572464619935,0.19110199809074402,0
2019-12-25,0.19071899354457855,97.6500015258789,8952.8798828125,-0.007695188836200129,0.007695188836200129,-0.02781692786006451,-0.12763127958376919,-0.21767221368958944,-0.5536805517971711,-0.4992569998741778,0.19300785660743713,0.21344883342583973,0.25361792246500653,0.2779171215991179,0.2931304997950792,29.879533059037414,0.0,0.0,0.19322200119495392,0
2019-12-26,0.19039399921894073,97.58999633789062,9022.3896484375,-0.0017040480321214302,0.0017040480321214302,-0.0022272207118640974,-0.14292919478459032,-0.21976387111555884,-0.5565818510938894,-0.49723392830736923,0.19294714289052145,0.21239046653111776,0.25302206691768436,0.2765894326898787,0.2921411398053169,30.614365715941716,-0.0006144924429148935,0.0077639560158115906,0.197051003575325,1
2019-12-27,0.19110199809074402,96.91999816894531,9006.6201171875,0.0037185986675405402,0.0037185986675405402,-0.021575312027105276,-0.15096342717245292,-0.21218117162440353,-0.5179195398721302,-0.43984968941245406,0.19234514236450195,0.21125783324241637,0.25245018915997613,0.27544882711437013,0.29109451472759246,30.442301527069418,-0.006865439021286002,-0.001747822014396272,0.194473996758461,0
2019-12-28,0.19322200119495392,96.91999816894531,9006.6201171875,0.01109356848902876,0.01109356848902876,-0.0044311455310452885,-0.1395912369469693,-0.19953764594635537,-0.5250920321479096,-0.48727352312821104,0.192222284419196,0.21021289974451066,0.2519150114721722,0.2742619382838408,0.29008931972086427,33.80921200609802,0.0,0.0,0.19289399683475494,0
2019-12-29,0.197051003575325,96.91999816894531,9006.6201171875,0.019816596229679684,0.019816596229679684,0.0003706037611099777,-0.1440640441135017,-0.23006797174465854,-0.5076236065394071,-0.46344469806374,0.19223271310329437,0.20910736670096716,0.25126076721482804,0.2731333105100526,0.289065774679184,36.02718358951845,0.0,0.0,0.19266700744628906,0
2019-12-30,0.194473996758461,96.73999786376953,8945.990234375,-0.013077866999438692,0.013077866999438692,0.018492398295360202,-0.14129659458523725,-0.22074813124222892,-0.5239687471435599,-0.47379873577150255,0.19273714082581656,0.2080406998594602,0.25064864489767286,0.2719440994163354,0.28803370960056784,40.66749946505028,-0.001857204999756723,-0.006731702017363728,0.1880429983139038,0
2019-12-31,0.19289399683475494,96.38999938964844,8972.599609375,-0.008124479107962324,0.008124479107962324,0.003621283577097456,-0.14396030589395126,-0.23919397058334335,-0.5037700740881583,-0.4531025702144573,0.19283656988825118,0.2069593995809555,0.24997481157382329,0.270856182773908,0.28696857452392577,59.91502590806782,-0.003617929314139179,0.0029744471324988364,0.19352099299430847,0
2020-01-01,0.19266700744628906,96.38999938964844,8972.599609375,-0.0011767571422159895,0.0011767571422159895,0.010214052966125653,-0.12256974174038782,-0.22267809325496102,-0.4915954973614969,-0.4718138148011011,0.19311485758849553,0.20606226672728856,0.24936155610614352,0.2698211994436052,0.2858798146247864,44.85770325813091,0.0,0.0,0.19435499608516693,0
2020-01-02,0.1880429983139038,96.8499984741211,9092.1904296875,-0.02400000494985799,0.02400000494985799,-0.012348082999892429,-0.14475372996658942,-0.2594837597388461,-0.5166673305491125,-0.4988767432400084,0.1927790003163474,0.20500136663516363,0.24862942265139687,0.26870446602503456,0.28468244954943656,45.842572358977655,0.004772269814144803,0.013328447219192352,0.1955370008945465,1
2020-01-03,0.19352099299430847,96.83999633789062,9020.76953125,0.029131606757621054,0.029131606757621054,0.012658135067828091,-0.10551062896152585,-0.23647409415556697,-0.5125992977242504,-0.46277597162994766,0.1931245710168566,0.2042404661575953,0.24796346690919663,0.2675737659136454,0.2834096544981003,47.38846886112085,-0.00010327451097624785,-0.007855191660339544,0.22150999307632446,1
2020-01-04,0.19435499608516693,96.83999633789062,9020.76953125,0.004309625937497064,0.004309625937497064,0.005863695040969397,-0.12817145479295566,-0.24582373719880957,-0.51596757328542,-0.455202159184919,0.19328642742974417,0.20328803261121114,0.24725957794321907,0.2664227769606643,0.28223762445151807,50.401844977332615,0.0,0.0,0.21391700208187103,1
2020-01-05,0.1955370008945465,96.83999633789062,9020.76953125,0.006081679571857457,0.006081679571857457,-0.007683303577795564,-0.13289281498440797,-0.2907231363995756,-0.503924706959725,-0.44961790701172233,0.1930701413324901,0.20228909949461618,0.24636904448270797,0.2653192714684539,0.2810312245041132,47.766096147680116,0.0,0.0,0.20902599394321442,1
2020-01-06,0.22150999307632446,96.66999816894531,9071.4697265625,0.13282904035019572,0.13282904035019572,0.13902113788221504,-0.030357419147116982,-0.2045149083847717,-0.39107969481898797,-0.3987160719941333,0.19693242652075632,0.2020579328139623,0.24573627760012945,0.2645289102362262,0.27998965941369536,79.28378136850537,-0.0017554541034074944,0.005620384728471706,0.20489899814128876,0
2020-01-07,0.21391700208187103,96.9800033569336,9068.580078125,-0.03427832256686114,0.03427832256686114,0.10898734845089919,-0.07168180558089177,-0.24042438205792827,-0.35242403084822604,-0.41287564955649514,0.19993571298463003,0.20150733292102813,0.24498394429683684,0.2638821436299218,0.27884330436587335,68.55406085929731,0.0032068397006328464,-0.00031854247708495986,0.21230599284172058,0
2020-01-08,0.20902599394321442,97.30000305175781,9129.240234375,-0.02286404582644963,0.02286404582644963,0.08490808423173246,-0.07285813163242838,-0.23172827355572823,-0.3925746560657588,-0.4278198280836327,0.20227271105561936,0.2009597991903623,0.24428342199987835,0.26313163249029053,0.2775146143883467,64.77777323367309,0.0032996461512428965,0.006689046766684248,0.21185100078582764,0
2020-01-09,0.20489899814128876,97.44999694824219,9203.4296875,-0.019743935785550337,0.019743935785550337,0.08963907180020025,-0.08650389313457851,-0.24419124652767588,-0.38316693100478927,-0.44754778283299734,0.20468071103096008,0.20031303266684214,0.2435478664106793,0.26242452131377325,0.2761976543068886,61.03159201239909,0.0015415610665971968,0.008126574744484083,0.21563300490379333,1
2020-01-10,0.21230599284172058,97.36000061035156,9178.8603515625,0.036149492030821406,0.036149492030821406,0.09706957140285333,-0.04389498531210312,-0.2228660938221526,-0.3071540904205914,-0.3617774996105071,0.20736428243773325,0.19998813221851985,0.2428713662756814,0.2619016324480375,0.2749087442457676,64.63515375912785,-0.0009235129882910753,-0.0026695847930331418,0.21261699497699738,0
2020-01-11,0.21185100078582764,97.36000061035156,9178.8603515625,-0.0021430956790379208,0.0021430956790379208,0.09002086415619548,-0.03642335809958297,-0.2373013290313014,-0.3281183601435457,-0.36362737071753437,0.20986371168068477,0.19972119877735775,0.24213898844189113,0.2613268602225516,0.27362685427069666,63.16035136911042,0.0,0.0,0.23468700051307678,1
2020-01-12,0.21563300490379333,97.36000061035156,9178.8603515625,0.01785218905710595,0.01785218905710595,0.10277340819032332,-0.02320215230673872,-0.2727950228656032,-0.2732924875397631,-0.34418184420364306,0.21273456939629146,0.19955046574274699,0.24124021066559687,0.26087634364763895,0.27236776426434517,63.13587236698873,0.0,0.0,0.23289500176906586,1
2020-01-13,0.21261699497699738,97.3499984741211,9273.9296875,-0.01398677316648056,0.01398677316648056,-0.04014716435959109,-0.02180294757198331,-0.26354169075335454,-0.3154922986865939,-0.3311048995135064,0.2114641410963876,0.19939249902963638,0.24039482159747017,0.2603319213622146,0.27138707928359507,62.7464212207945,-0.00010273352678480396,0.010357422631592339,0.2285739928483963,1
2020-01-14,0.23468700051307678,97.37000274658203,9251.330078125,0.10380170004033373,0.10380170004033373,0.09709372433733243,0.07358610885500516,-0.17549540181096424,-0.2738105458813258,-0.29685171316960146,0.21443128372941697,0.1999286989370982,0.23983978811237547,0.25984031582872075,0.27042393930256364,72.79809192813484,0.00020548816409338144,-0.002436896778014286,0.23877599835395813,0
2020-01-15,0.23289500176906586,97.2300033569336,9258.7001953125,-0.007635696651681734,0.007635696651681734,0.11419157672961888,0.12387505128847143,-0.22962802276969818,-0.2735765360668,-0.288172555948067,0.2178411419902529,0.20078436583280562,0.23906845483515,0.25935303800635867,0.26944152429699897,71.57598506559219,-0.0014378082129955505,0.0007966548728952638,0.24328599870204926,1
2020-01-16,0.2285739928483963,97.31999969482422,9357.1298828125,-0.018553463525826097,0.018553463525826097,0.11554470701112152,0.24428547081802154,-0.22518602143205313,-0.31402216814262585,-0.30672339967802387,0.22122328409126826,0.2022801990310351,0.2383303326037195,0.25877173236674733,0.26860233925282956,71.80938265887278,0.0009256025381407795,0.010631048141058974,0.23558500409126282,1
2020-01-17,0.23877599835395813,97.61000061035156,9388.9404296875,0.044633273359005354,0.044633273359005354,0.12467856021366108,0.2171518909508734,-0.18512605588156528,-0.27929514427827584,-0.27501496889085786,0.22500471345015935,0.20370019872983297,0.23772759917709563,0.258257660186953,0.2677619092911482,73.17322885353937,0.0029798696715652717,0.003399605143178608,0.2332960069179535,0
2020-01-18,0.24328599870204926,97.61000061035156,9388.9404296875,0.018887997031450166,0.018887997031450166,0.14838257926381515,0.2749569213454752,-0.17300009553228046,-0.24470206745247358,-0.24975872928520548,0.229495427438191,0.20544909884532292,0.23716212146812016,0.2578197712699572,0.2669773192703724,74.14652289611442,0.0,0.0,0.23716600239276886,0
2020-01-19,0.23558500409126282,97.61000061035156,9388.9404296875,-0.031654080595972967,0.031654080595972967,0.09252757571305592,0.20617359536781987,-0.19589799103709749,-0.23986693066930553,-0.28826500684145784,0.23234571303640092,0.20679139892260234,0.2365244103802575,0.2574067657192548,0.26611258432269097,68.56825046773395,0.0,0.0,0.23605599999427795,0
2020-01-20,0.2332960069179535,97.61000061035156,9388.9404296875,-0.009716226133063222,0.009716226133063222,0.09725944975938239,0.2020486120788294,-0.19996429121485193,-0.26159764227855475,-0.2736217016525698,0.23529985759939467,0.20809853225946426,0.23587651054064432,0.2569475935565101,0.26533546939492225,57.0024792770894,0.0,0.0,0.2261040061712265,0
2020-01-21,0.23716600239276886,97.52999877929688,9370.8095703125,0.016588348536014097,0.016588348536014097,0.010563013180416636,0.20402277938447555,-0.134882184062053,-0.24663766554886268,-0.26068141865709593,0.23565400072506495,0.20943813224633534,0.23546565489636528,0.2565162379708555,0.26462647937238215,64.45239958442082,-0.0008196069107103687,-0.0019310868474221587,0.22304099798202515,0
2020-01-22,0.23605599999427795,97.52999877929688,9383.76953125,-0.004680276208613776,0.004680276208613776,0.01357263230726824,0.236264207933093,-0.15237473336224838,-0.2703736643740503,-0.2611497640139925,0.23610557190009526,0.2109418988227844,0.23499415500296486,0.2560302713678943,0.26386148430407047,67.63163660235975,0.0,0.0013830140117838674,0.220427006483078,0
2020-01-23,0.2261040061712265,97.69000244140625,9402.48046875,-0.0421594614129388,0.0421594614129388,-0.01080607048242821,0.17641189782534594,-0.24168158207140866,-0.271872427622159,-0.28559327755591046,0.23575271666049957,0.2120720992485682,0.2341934773657057,0.2555612491236793,0.26300676926970484,62.85510334533106,0.0016405584344509894,0.0019939681423002398,0.2306859940290451,1
2020-01-24,0.22304099798202515,97.8499984741211,9314.91015625,-0.013546899239289756,0.013546899239289756,-0.06589858478408561,0.16947449143229498,-0.24057963837898755,-0.2857842511332094,-0.29772540026011507,0.23350485946450913,0.21314949939648312,0.23340838849544526,0.255065432522032,0.26211430922150614,56.86969835324973,0.0016377933126863198,-0.009313533039611022,0.231222003698349,1
2020-01-25,0.220427006483078,97.8499984741211,9314.91015625,-0.011719780321095108,0.011719780321095108,-0.09395934143734475,0.1577413541778765,-0.26056017969770984,-0.29045123284803764,-0.3050083858823255,0.23023928914751327,0.21415059963862101,0.23254535529348586,0.2545641491810481,0.26124560430645943,55.34050961471008,0.0,0.0,0.23848800361156464,1
2020-01-26,0.2306859940290451,97.8499984741211,9314.91015625,0.04654142752129009,0.04654142752129009,-0.020795084479655168,0.2071354372731613,-0.22067387496630952,-0.27564293922560934,-0.2658806539505919,0.22953943056719645,0.21547006616989772,0.23181956625647016,0.25407646025220554,0.26058015920221805,58.674174634967144,0.0,0.0,0.23573000729084015,1
2020-01-27,0.231222003698349,97.95999908447266,9139.3095703125,0.0023235466529294424,0.0023235466529294424,-0.008890007364480423,0.1966649877777349,-0.23425265511260307,-0.27947795669711106,-0.2527703324167754,0.22924314439296722,0.2167367329200109,0.23103363298707538,0.25357819919784863,0.2600845942646265,61.03643941993505,0.0011241759025746312,-0.018851559810233676,0.24364200234413147,1
2020-01-28,0.23848800361156464,98.0199966430664,9269.6796875,0.03142434455630272,0.03142434455630272,0.005574159894158992,0.21028565845593294,-0.19580518424015914,-0.24981595373836796,-0.19119043335529962,0.22943200170993805,0.2181179662545522,0.23038844399982028,0.2531369881497489,0.2595564442873001,52.735125161401555,0.0006124699791187904,0.014264766521421501,0.23923300206661224,0
2020-01-29,0.23573000729084015,97.98999786376953,9275.16015625,-0.011564507559954862,0.011564507559954862,-0.0013809973203210424,0.2121415264767741,-0.20457684357113814,-0.24540800249718497,-0.18589708226284318,0.22938543132373265,0.2194931666056315,0.2297147997551494,0.25271107711725765,0.2590741992741823,52.01204089946331,-0.00030604754462615347,0.0005912252564013176,0.24145500361919403,1
2020-01-30,0.24364200234413147,97.87000274658203,9298.9296875,0.03356380099513423,0.03356380099513423,0.07756605674480443,0.26308753171230337,-0.16744006478579831,-0.2308236051009912,-0.23971404144765962,0.23189085934843337,0.2211847667892774,0.22917035536633598,0.2523048827217685,0.25876027934253215,60.17531540854436,-0.0012245649536019032,0.002562708443798023,0.25073400139808655,1
2020-01-31,0.23923300206661224,97.38999938964844,9150.9404296875,-0.018096224112013948,0.018096224112013948,0.07259653709894187,0.24169158610772867,-0.1924979003488303,-0.2520275822561383,-0.22837025604527583,0.23420400278908865,0.22273696660995485,0.2285366886191898,0.2518570548958249,0.2583798943459988,50.33480629617929,-0.004904499269060891,-0.015914654996416755,0.254626989364624,1
2020-02-01,0.24145500361919403,97.38999938964844,9150.9404296875,0.009288022694975417,0.009288022694975417,0.09539664613523802,0.28404144681913945,-0.17100121895853482,-0.25376429744996,-0.21736890816396615,0.23720800237996237,0.22451736678679785,0.2279832887980673,0.25140089384383624,0.2581035394221544,48.61206181044177,0.0,0.0,0.26680800318717957,1
2020-02-02,0.25073400139808655,97.38999938964844,9150.9404296875,0.0384295112538926,0.0384295112538926,0.0869060449613479,0.2956423875184473,-0.16404447201848604,-0.19462555738277243,-0.193553189099117,0.2400720034326826,0.2264244670669238,0.22743658870458602,0.2510642716454135,0.257804144397378,61.215003583040044,0.0,0.0,0.2774679958820343,1
2020-02-03,0.254626989364624,97.80000305175781,9273.400390625,0.01552636636766569,0.01552636636766569,0.10122300339897161,0.3101129093334227,-0.15477917463030888,-0.18380678992997956,-0.1578458884699736,0.243415572813579,0.22843353350957235,0.2269184998340077,0.2507457048528724,0.2574613993614912,65.4252726123067,0.004209915439767009,0.01338222687366808,0.2822139859199524,1
2020-02-04,0.26680800318717957,97.95999908447266,9467.9697265625,0.04783865941686338,0.04783865941686338,0.11874810953485482,0.36448857232432275,-0.13956775552727785,-0.1327857418929247,-0.11122654652206454,0.24746128703866685,0.23080923358599345,0.22643763307068082,0.2505187437766128,0.2571924143284559,69.13523267028341,0.0016359512037047441,0.02098144453400308,0.2792840003967285,1
2020-02-05,0.2774679958820343,98.2699966430664,9508.6796875,0.03995379661597398,0.03995379661597398,0.17705844525639214,0.2526206697430067,-0.0511676298740078,-0.0668419667891963,-0.07275459761901326,0.25342385683740887,0.23267450034618378,0.2262713775038719,0.25040832716557715,0.2569137092679739,73.79890996992843,0.0031645320691195966,0.0042997561370825554,0.2772429883480072,0
2020-02-06,0.2822139859199524,98.5,9572.150390625,0.017104639484028406,0.017104639484028406,0.15831417901967515,0.3192686096635857,0.018995908856568544,-0.05525892228525353,-0.02928177945273991,0.2589341402053833,0.2349510664741198,0.2263298327724139,0.2503166216115157,0.256668234243989,84.29790382100384,0.0023405247256598205,0.006675027996624783,0.28245699405670166,0
2020-02-07,0.2792840003967285,98.68000030517578,9520.509765625,-0.01038214145791816,0.01038214145791816,0.16741418610365644,0.3361209059606287,-0.0032549024029182583,-0.07495815148304352,-0.042295021520527776,0.2646557113953999,0.23729300002257028,0.22631969932052826,0.2501908938917849,0.2564541242271662,84.43521526183471,0.001827414265743954,-0.005394882329740391,0.2740800082683563,0
2020-02-08,0.2772429883480072,98.68000030517578,9520.509765625,-0.007308016376956883,0.007308016376956883,0.14821802900078018,0.35307146868933637,-0.010567335801863531,-0.07684754415293082,-0.11049691796389216,0.26976828064237324,0.23970446636279424,0.2262867992122968,0.2500626771814293,0.2562907091528177,85.03181740503014,0.0,0.0,0.2801409959793091,0
2020-02-09,0.28245699405670166,98.68000030517578,9520.509765625,0.01880662786014131,0.01880662786014131,0.12652050572211393,0.3304240274897958,0.026795288674735573,-0.04780895826846954,-0.09260678693011504,0.2743001367364611,0.24204283306996027,0.22636869930558734,0.2499838882850276,0.2561232591420412,84.03882332401345,0.0,0.0,0.3043929934501648,1
2020-02-10,0.2740800082683563,98.83000183105469,9628.3896484375,-0.029657561910694685,0.029657561910694685,0.07639810277878945,0.293739502063715,0.006100977033707267,0.040771927243508976,-0.11561129051180807,0.2770791394369943,0.2441171333193779,0.2263871661490864,0.2500435382955604,0.25591960914433004,75.54478752229721,0.001520080314298955,0.011331313707803048,0.3267059922218323,1
2020-02-11,0.2801409959793091,98.72000122070312,9638.9404296875,0.02211393581475063,0.02211393581475063,0.04997223708756482,0.29915638890389995,0.026022183102281105,0.0576067750041771,-0.07465125569214226,0.2789838526930128,0.24626739968856176,0.22646611051426993,0.2501283105048868,0.2557026641815901,75.1883799602758,-0.0011130285167818554,0.0010957991559588098,0.33482199907302856,1
2020-02-12,0.3043929934501648,99.05000305175781,9725.9599609375,0.08657068340203566,0.08657068340203566,0.09703820969528199,0.4316494007597864,0.1257512551781057,0.16193394346123813,-0.002611499444801213,0.28283028091703144,0.24932659963766735,0.22684391058153577,0.25036398826373946,0.2556719890981913,82.95497895424775,0.0033428061889597682,0.009027914622439681,0.30623599886894226,0
2020-02-13,0.3267059922218323,99.06999969482422,9711.9697265625,0.07330326010056654,0.07330326010056654,0.15765344214549182,0.3920924103490264,0.24861842458202488,0.22950764329359963,0.0736876910918498,0.2891862818173,0.25239389936129253,0.22756671061118444,0.25070279381341404,0.25574407912790775,85.02505519229841,0.00020188432559620217,-0.0014384425219915453,0.2950339913368225,0
2020-02-14,0.33482199907302856,99.12000274658203,9731.1796875,0.02484192835277277,0.02484192835277277,0.19885850459534815,0.4376521459444267,0.26881302201298873,0.1845983973472869,0.10901629108864075,0.2971202816282,0.25579146593809127,0.22835488832659193,0.2509926604727904,0.255864899083972,89.08452605007918,0.0005047244565645759,0.001977967547093895,0.28657200932502747,0
2020-02-15,0.30623599886894226,99.12000274658203,9731.1796875,-0.08537670846965872,0.08537670846965872,0.10457617230897043,0.33976746458664686,0.15450528481034698,0.08085329512954265,0.014836323714968236,0.30126214027404785,0.2583801994721095,0.2288102548983362,0.25111992715133563,0.25580372907221316,71.7899251408152,0.0,0.0,0.2979130148887634,0
2020-02-16,0.2950339913368225,99.12000274658203,9731.1796875,-0.03657965612629954,0.03657965612629954,0.04452712287094607,0.23560991628425043,0.15404082235027938,0.06971560040862212,-0.02210456826427054,0.303058854171208,0.26025546590487164,0.22924782153632906,0.2512267492711544,0.2556743540614843,64.71056974002431,0.0,0.0,0.2776019871234894,0
2020-02-17,0.28657200932502747,99.12000274658203,9731.1796875,-0.028681379977449795,0.028681379977449795,0.04557793593044557,0.177922325386223,0.11723977751317816,0.07628228353467681,-0.0553712946764684,0.3048434257507324,0.26169833292563754,0.22958195490969552,0.25133958814872637,0.2555176841467619,60.29548182778499,0.0,0.0,0.2723959982395172,0
2020-02-18,0.2979130148887634,99.45999908447266,9732.740234375,0.03957471488736042,0.03957471488736042,0.06343955067100193,0.26456697037199994,0.18518572091165963,0.09953723156416872,-0.07356141297820062,0.3073822855949402,0.26377593328555426,0.230099166267448,0.2514894160131613,0.25544527925550936,60.07933201493158,0.0034301485923067254,0.00016036564169130685,0.2749379873275757,0
2020-02-19,0.2776019871234894,99.5999984741211,9817.1796875,-0.06817771211794121,0.06817771211794121,-0.08801453023938155,0.18991315278326892,0.13880521862802286,0.0038221591907157126,-0.14258976858206174,0.3035549989768437,0.2652527992924055,0.23047512173652648,0.25149528822965095,0.25524950422346593,50.04086294988326,0.0014075949219498618,0.008675814939226312,0.2759009897708893,0
2020-02-20,0.2723959982395172,99.87000274658203,9750.9697265625,-0.018753428020874763,0.018753428020874763,-0.16623507151787642,0.14854572532029375,0.17614851696451517,-0.0005760297488529575,-0.18169909233088855,0.29579642840794157,0.26642713248729705,0.230928410589695,0.2514944160150157,0.25501227416098116,47.01421180691317,0.002710886311219074,-0.006744295515116572,0.282710999250412,1
2020-02-21,0.2749379873275757,99.26000213623047,9576.58984375,0.009331961939555766,0.009331961939555766,-0.17885327699865827,0.164715098680992,0.16406419357907742,0.017957111656867752,-0.14427111986870655,0.28724156958716257,0.26772319873174033,0.23135896606577766,0.25152136046025486,0.2547691441327333,48.67518985299429,-0.006107946265901498,-0.017883337524623233,0.2706269919872284,0
2020-02-22,0.2759009897708893,99.26000213623047,9576.58984375,0.003502616908904077,0.003502616908904077,-0.0990576196465891,0.22023928033345852,0.236204137838943,0.01888183956704159,-0.14290910747274455,0.2829079968588693,0.2693830981850624,0.23194471034738753,0.25154976588156486,0.25459201909601686,49.58820753681715,0.0,0.0,0.25341200828552246,0
2020-02-23,0.282710999250412,99.26000213623047,9576.58984375,0.02468280191810046,0.02468280191810046,-0.04176804181299265,0.2675292964443947,0.2931498225740645,0.048561277320056995,-0.1500480921074736,0.2811475694179535,0.271372098227342,0.23265681034988828,0.25162250474095343,0.25444572903215884,50.077185524005756,0.0,0.0,0.23085099458694458,0
2020-02-24,0.2706269919872284,99.29000091552734,9221.2802734375,-0.04274332196208663,0.04274332196208663,-0.05564052600725,0.22773972348077143,0.2182447707755466,0.05118266420592521,-0.10222834002109193,0.2788697097982679,0.2730454310774803,0.23319549908240636,0.25169571017225584,0.2542605590075254,48.97383756974581,0.0003022242459325142,-0.03710188867954778,0.2371159940958023,0
2020-02-25,0.25341200828552246,98.97000122070312,8965.6103515625,-0.0636114807887247,0.0636114807887247,-0.1493758391853307,0.09851492871134604,0.12587029532741956,-0.014133682798108116,-0.22860181188983075,0.27251242314066204,0.27380296488602957,0.23351028809944788,0.25167552688055567,0.2540409041196108,42.55057422497818,-0.0032228793622075536,-0.027726076455074633,0.23629599809646606,0
2020-02-26,0.23085099458694458,99.0,8980.7802734375,-0.08902898426643657,0.08902898426643657,-0.16841015088176559,-0.001604557980945609,0.027968955262544393,-0.09900550745942105,-0.277409639987205,0.2658337099211557,0.2737905979156494,0.233580076860057,0.25153459914856485,0.2537015541642904,29.308659730814526,0.0003031098204189231,0.0016920121754293582,0.23119300603866577,0
2020-02-27,0.2371159940958023,98.44000244140625,8566.48046875,0.027138715690038673,0.027138715690038673,-0.12951733642097518,-0.0057529498129264,0.029967375856502665,-0.08521475794667466,-0.2426973811580212,0.2607937093291964,0.273744864265124,0.23365673240688112,0.2514118880033493,0.2533775591850281,22.291300218847866,-0.00565654099589652,-0.04613182731047061,0.2288459986448288,0
2020-02-28,0.23629599809646606,98.12999725341797,8567.3701171875,-0.00345820619339976,0.00345820619339976,-0.1405480181429768,0.002401012972979677,0.043369199139410064,-0.08431565143428321,-0.2500396556536666,0.2552734251533236,0.2737637306253115,0.23376586569680108,0.2512910102804502,0.2530574291944504,18.087300286443437,-0.00314917899532563,0.00010385226940567982,0.2387470006942749,0
2020-02-29,0.23119300603866577,98.12999725341797,8567.3701171875,-0.021595761667182467,0.021595761667182467,-0.16204357863793617,-0.051095444076519114,0.026005958797876705,-0.11359173058115668,-0.2714016348298862,0.2488865703344345,0.27334876408179604,0.23383097681734297,0.2511264158619775,0.25273019924759865,21.332471266723317,0.0,0.0,0.23438100516796112,0
2020-03-01,0.2288459986448288,98.12999725341797,8567.3701171875,-0.010151723160018333,0.010151723160018333,-0.1905302614627743,-0.04341793704069008,0.04219402353352186,-0.13032279364130162,-0.27379525233608804,0.24119157024792262,0.2730025306344032,0.23393392132388222,0.25093589913513925,0.25255771420896056,22.880443310443695,0.0,0.0,0.2345300018787384,1
2020-03-02,0.2387470006942749,97.36000061035156,8952.169921875,0.04326491224700213,0.04326491224700213,-0.11780048641437069,-0.0112153522781826,0.08585527595443132,-0.0814067021252809,-0.2361415969301569,0.2366372857775007,0.27291226387023926,0.23414366576406692,0.25081835463643076,0.25242703922092913,30.63279082717486,-0.007846699934963897,0.044914576985011,0.23958200216293335,0
2020-03-03,0.23438100516796112,97.1500015258789,8684.08984375,-0.018287121989459476,0.018287121989459476,-0.07509905803721373,-0.06522049717605716,0.08335180929037933,-0.08568490726781142,-0.2318726044003827,0.2339185710464205,0.2723671639959017,0.23434403240680696,0.2506963269578086,0.2522890892624855,22.73164213732771,-0.0021569338861562315,-0.029945821009265572,0.24408799409866333,1
2020-03-04,0.2345300018787384,97.33999633789062,9018.08984375,0.0006357030113020024,0.0006357030113020024,0.01593671839437638,-0.07892716925269405,0.05204370591917562,-0.07057932887491325,-0.25900535139926106,0.23444414351667678,0.2716972644130389,0.23447294351127412,0.25059738258520764,0.2521331343054771,27.643985131629634,0.001955685116084238,0.038461140546626416,0.2370709925889969,0
2020-03-05,0.23958200216293335,96.81999969482422,8738.58984375,0.021540955288130048,0.021540955288130048,0.010400007289827595,-0.1020434196089155,0.062424372499898295,-0.08095912705362762,-0.24429470581074364,0.23479643038340978,0.27078973104556403,0.23462935470872456,0.25048013263278535,0.2519178143143654,32.94100640865544,-0.0053420655704709,-0.030993259641753035,0.20690399408340454,0
2020-03-06,0.24408799409866333,95.94999694824219,8575.6201171875,0.018807723013624322,0.018807723013624322,0.03297557328506362,-0.12030216918264869,0.06847600537588527,-0.07220507782719587,-0.2245413989327949,0.23590957266943796,0.26967706431945165,0.23480316582653257,0.2503745992978414,0.25172161430120465,34.28298086392179,-0.008985775142783203,-0.018649430797928912,0.20918099582195282,0
2020-03-07,0.2370709925889969,95.94999694824219,8575.6201171875,-0.02874783553192739,0.02874783553192739,0.025424586370697,-0.15996015641747796,0.028797681565930988,-0.08664979611238588,-0.23546941299072455,0.23674928503377096,0.26817229787508645,0.23487689909007814,0.2502496493359407,0.2515279392153025,31.366847932956503,0.0,0.0,0.2122350037097931,0
2020-03-08,0.20690399408340454,95.94999694824219,8575.6201171875,-0.12724879655729116,0.12724879655729116,-0.0958810933612978,-0.25916273832552783,-0.08227033380683513,-0.20012678064942935,-0.340704729506499,0.2336147129535675,0.26575963099797567,0.23467081007030274,0.24996205493807794,0.2512311541289091,20.284111937285516,0.0,0.0,0.2080959975719452,0
2020-03-09,0.20918099582195282,94.9000015258789,7950.68017578125,0.01100511253364389,0.01100511253364389,-0.12383822534458788,-0.24549581192877656,-0.06741356938298981,-0.182746250840372,-0.3319185241223027,0.2293909979718072,0.26349089791377384,0.23450279898113674,0.2497021938363711,0.25092233911156653,23.90739121559534,-0.010943152222606889,-0.07287402343694394,0.13963499665260315,0
2020-03-10,0.2122350037097931,96.41000366210938,8344.25,0.014599834348430596,0.014599834348430596,-0.09448718526613475,-0.2486112641020739,-0.04421467984411198,-0.16708849715053897,-0.3177149096119619,0.2262272834777832,0.2611501649022102,0.23439371006356347,0.24946566058529748,0.2506007891893387,30.124051423928634,0.015911508028992882,0.04950140308971451,0.15935200452804565,0
2020-03-11,0.2080959975719452,96.51000213623047,7952.0498046875,-0.01950199573821254,0.01950199573821254,-0.11271054489847598,-0.24074725885079906,-0.0535025003917452,-0.18569683105362889,-0.3291575308076442,0.22245099714824132,0.25895069787899655,0.23426300999191071,0.24920202162530686,0.25027850419282915,36.64032634424181,0.0010372209347855321,-0.047002450227701664,0.14729200303554535,0
2020-03-12,0.13963499665260315,97.47000122070312,7201.7998046875,-0.3289875909106468,0.3289875909106468,-0.41717242784522224,-0.5015545790987462,-0.3674661990924234,-0.4653420910592002,-0.5554413067941377,0.20817285350390843,0.25426716456810633,0.2333616766664717,0.2485268438855807,0.24962623924016952,16.923975348603676,0.009947146028631781,-0.09434674309481184,0.15390199422836304,1
2020-03-13,0.15935200452804565,98.75,7874.8798828125,0.14120391268742094,0.14120391268742094,-0.34715345129333297,-0.4764925344638895,-0.2668617052710469,-0.39092144818772634,-0.490814946004805,0.19606771213667734,0.24943246493736904,0.23271718786822426,0.24795864390002356,0.2490690591931343,26.85978590427105,0.013132233130874305,0.09345998172386105,0.14106300473213196,0
2020-03-14,0.14729200303554535,98.75,7874.8798828125,-0.07568151733151096,0.07568151733151096,-0.3787008632857026,-0.5491603871913847,-0.3262061892704634,-0.4355590094032774,-0.5324835208535944,0.18324214220046997,0.24345199863115946,0.2319248656431834,0.247327199495501,0.24845742918550967,25.780976794046254,0.0,0.0,0.1445239931344986,0
2020-03-15,0.15390199422836304,98.75,7874.8798828125,0.04487678255840222,0.04487678255840222,-0.2561671179420345,-0.5403468271067959,-0.25731934844909277,-0.46001761498388294,-0.5197586338181599,0.17567042793546403,0.23742133180300395,0.23133238785796695,0.24659880507323478,0.2479396890848875,28.88615845913084,0.0,0.0,0.14309999346733093,0
2020-03-16,0.14106300473213196,98.08999633789062,6904.58984375,-0.0834231522509079,0.0834231522509079,-0.32564139405761505,-0.5393650476980607,-0.23209703312772534,-0.5504340330956469,-0.5558637327125376,0.16593928635120392,0.23191556533177693,0.2308586546116405,0.24563928850822978,0.24735977910459042,22.927821366442842,-0.006683581388449378,-0.12321331290147408,0.16503700613975525,1
2020-03-17,0.1445239931344986,99.58000183105469,7334.77978515625,0.02453505374381315,0.02453505374381315,-0.31903790322863756,-0.5101446023909012,-0.26329424756225694,-0.52214153277476,-0.5447202882518447,0.15626628484044755,0.22689856539169947,0.2302847433421347,0.24476197179820802,0.24680130913853646,24.971444329225633,0.01519018808025474,0.06230492341201921,0.15686799585819244,1
2020-03-18,0.14309999346733093,101.16000366210938,6989.83984375,-0.009853032955174701,0.009853032955174701,-0.3123366372394699,-0.5006490905919978,-0.25007469361561296,-0.514042219769423,-0.5518054999522556,0.14698114139693125,0.2221161648631096,0.2297545322113567,0.2439210272497601,0.24622078910470008,24.712912933902885,0.01586665798355069,-0.047027988775385166,0.15817900002002716,1
2020-03-19,0.16503700613975525,102.76000213623047,7150.580078125,0.1532984882870203,0.1532984882870203,0.18191721342142886,-0.4460228392459532,-0.1550256781742576,-0.4298116935635411,-0.4836300293575395,0.15060999989509583,0.217686964571476,0.2294180989265442,0.2432298829158147,0.24575570419430734,31.143984075193842,0.015816512615651313,0.022996268579562162,0.15021400153636932,0
2020-03-20,0.15686799585819244,102.81999969482422,6879.52001953125,-0.04949805181660405,0.04949805181660405,-0.015588185898320672,-0.4349176045760409,-0.19174374567309938,-0.4376100167415097,-0.4983723551008642,0.1502551415136882,0.21366249819596608,0.22900460991594526,0.2425517551600933,0.24523594416677952,28.33926287470591,0.0005838610095998398,-0.037907422283539605,0.15741899609565735,0
2020-03-21,0.15817900002002716,102.81999969482422,6879.52001953125,0.008357371780409961,0.008357371780409961,0.07391437932889344,-0.419304978625491,-0.19697124662511523,-0.411262676732736,-0.4922690607170882,0.15181042679718562,0.2098552649219831,0.22857350988520517,0.2419378884964519,0.24471114411950112,29.836017623078178,0.0,0.0,0.16225500404834747,1
2020-03-22,0.15021400153636932,102.81999969482422,6879.52001953125,-0.05035433580089255,0.05035433580089255,-0.023963254735486994,-0.45364406353423836,-0.21330449709254773,-0.36140563482888044,-0.519098220222461,0.15128357069832937,0.20569779872894287,0.22812096542782254,0.2414655995865663,0.24416268907487393,33.655668801487906,0.0,0.0,0.16163299977779388,1
2020-03-23,0.15741899609565735,102.48999786376953,6860.669921875,0.047964866694158115,0.047964866694158115,0.11594812824655332,-0.4294366387508086,-0.18095400834954423,-0.3612305101782666,-0.49054021821459015,0.15362014089311873,0.20174839893976848,0.22773453212446637,0.24097103286120627,0.24366805411875248,35.488809801252415,-0.0032095101345472887,-0.0027400309327879624,0.17501899600028992,1
2020-03-24,0.16225500404834747,101.73999786376953,7417.85986328125,0.03072061233163681,0.03072061233163681,0.12268558686548214,-0.4260746681998401,-0.1492456989585461,-0.33443127097217873,-0.466362989545688,0.15615314245224,0.19773319909969966,0.22741826557450825,0.24051809401975738,0.24321762919425965,36.12699546655114,-0.007317787253707464,0.08121509236724389,0.17619499564170837,1
2020-03-25,0.16163299977779388,101.05000305175781,7384.2998046875,-0.003833498228308918,0.003833498228308918,0.12951088159688817,-0.40274619840794823,-0.15106043026111116,-0.33762667645010624,-0.4701599679175156,0.15880071478230612,0.19410006602605184,0.22709869891405104,0.2400603829158677,0.24272235922515392,36.84639791532079,-0.006781942466085211,-0.004524223861369192,0.17578299343585968,1
2020-03-26,0.17501899600028992,99.41999816894531,7797.5400390625,0.08281722322111529,0.08281722322111529,0.060483343063566064,-0.30935002968330594,-0.08415925658096546,-0.278483418540981,-0.43987650060765393,0.16022671333381108,0.19148696561654407,0.2269199988908238,0.23968509402539995,0.24228203423321248,64.55628399570112,-0.016130676235384334,0.055962006595761116,0.1638289988040924,0
2020-03-27,0.17619499564170837,98.37000274658203,7502.3798828125,0.00671926858394567,0.00671926858394567,0.1232054994888021,-0.23675877612323348,-0.0881214636425689,-0.2700755601763387,-0.43024325755302284,0.16298771330288478,0.18966509898503622,0.22673080994023218,0.23932291070620218,0.2418651992827654,58.17613001788121,-0.010561209431718344,-0.03785298373222423,0.1721709966659546,0
2020-03-28,0.17578299343585968,98.37000274658203,7502.3798828125,-0.002338330917675435,0.002338330917675435,0.1112915963155896,-0.2586624360529731,-0.1079314987164498,-0.3131678894640535,-0.429144419056088,0.16550256950514658,0.18762066562970478,0.22649449871646032,0.2388776329656442,0.24145075932145119,65.59389984269066,0.0,0.0,0.17456300556659698,0
2020-03-29,0.1638289988040924,98.37000274658203,7502.3798828125,-0.06800427275764354,0.06800427275764354,0.09063733825389542,-0.30667891067198505,-0.15757889725704588,-0.34354178140657066,-0.472594568975773,0.1674475691148213,0.18520509898662568,0.22615399873918957,0.2384013218184312,0.24099012434482575,55.1330466838418,0.0,0.0,0.1753229945898056,1
2020-03-30,0.1721709966659546,99.18000030517578,7774.14990234375,0.05091893329481678,0.05091893329481678,0.09371169259225254,-0.2552932304658043,-0.1074320637699937,-0.3209289324522293,-0.44322491040143297,0.1695549977677209,0.18323769867420198,0.22592374318175845,0.23794927737779087,0.24057692438364028,66.86984176649528,0.008234192700801612,0.03622450792632592,0.1786399930715561,1
2020-03-31,0.17456300556659698,99.05000305175781,7700.10009765625,0.013893216319606827,0.013893216319606827,0.07585591329178398,-0.23720315583266782,-0.09396524147881957,-0.29571933392903504,-0.44183955514592654,0.1713132836988994,0.18142826557159425,0.22572258760531744,0.23754207185573048,0.240171984359622,66.48122046535964,-0.0013107204377693638,-0.00952513208745509,0.17946699261665344,1
2020-04-01,0.1753229945898056,99.66999816894531,7360.580078125,0.004353666005817436,0.004353666005817436,0.08469801854096715,-0.2656536246320693,-0.06764412308968004,-0.3095753314449786,-0.501213377694691,0.1732689972434725,0.17931413203477858,0.22558125423060524,0.23710533844100104,0.23974276438355446,67.80925292601603,0.006259415427413151,-0.04409293583528773,0.18173199892044067,1
2020-04-02,0.1786399930715561,100.18000030517578,7487.31005859375,0.018919357894331634,0.018919357894331634,0.02068916605635307,-0.23782222478506798,-0.07689604984194165,-0.29518622026699415,-0.4780179626936708,0.17378628253936768,0.17745609829823175,0.2254159097870191,0.23668968834810786,0.23932782433927058,59.466634422680904,0.005116907249922864,0.017217390358319706,0.17940600216388702,0
2020-04-03,0.17946699261665344,100.58000183105469,7373.080078125,0.004629419934908396,0.004629419934908396,0.018570317295496075,-0.23478023630663158,-0.07660211349539747,-0.30359523287744106,-0.4602707558335204,0.17425371067864553,0.17562066465616227,0.22525048752625784,0.23625503273473847,0.23892039932310583,67.51724531440979,0.003992828155923167,-0.01525647790392215,0.1955060064792633,1
2020-04-04,0.18173199892044067,100.58000183105469,7373.080078125,0.012620740286350962,0.012620740286350962,0.03384289554012909,-0.24146222470897638,-0.0706004587927116,-0.3407984083808211,-0.4977045482514386,0.17510356860501425,0.17369233121474584,0.22509709861543442,0.2357330715490712,0.2384039943665266,67.99065032294311,0.0,0.0,0.19209299981594086,1
2020-04-05,0.17940600216388702,100.58000183105469,7373.080078125,-0.012799048986259942,0.012799048986259942,0.09508086769437973,-0.2649945654788374,-0.19007716233339367,-0.35571845727751406,-0.4937825106892464,0.17732885479927063,0.17153626481691997,0.22462927649418513,0.2351827770471573,0.2377321444451809,74.3998682759191,0.0,0.0,0.20086899399757385,1
2020-04-06,0.1955060064792633,100.69000244140625,7913.240234375,0.08974061135741129,0.08974061135741129,0.13553391840196638,-0.1753271695360621,-0.08606606965986463,-0.30579807010366533,-0.4567104582747953,0.1806624276297433,0.17015076527992884,0.2244247098763784,0.23470432708660763,0.23719746947288514,77.71375026944176,0.0010936628390236791,0.0732611270359842,0.19825699925422668,0
2020-04-07,0.19209299981594086,99.9800033569336,7887.259765625,-0.017457298242570696,0.017457298242570696,0.10042216099823076,-0.07158389731951365,-0.08100903532540404,-0.29396522498276145,-0.46377784884252005,0.1831667125225067,0.1696570654710134,0.22423656549718646,0.2342599937485324,0.23668558441102505,72.17053559763413,-0.007051336451062484,-0.0032831644156512407,0.18746399879455566,0
2020-04-08,0.20086899399757385,100.12000274658203,8090.89990234375,0.04568617383268503,0.04568617383268503,0.14570820825606434,-0.03973593199381187,-0.019668247186528487,-0.25905667991671144,-0.4252050507594278,0.18681614100933075,0.1693799987435341,0.2241917876733674,0.23386982704202333,0.2362427144497633,76.00270190466503,0.0014002739042588974,0.025818870275615025,0.18806299567222595,0
2020-04-09,0.19825699925422668,99.5199966430664,8153.580078125,-0.013003474012413863,0.013003474012413863,0.10981307066448887,-0.06586097585806217,-0.06617332558279587,-0.27429162881708924,-0.44120216946983937,0.18961857046399797,0.16891406526168187,0.22403568774461746,0.23345352701014943,0.2358393444865942,67.96604842693563,-0.005992869427244529,0.007746996815903406,0.19013500213623047,0
2020-04-10,0.18746399879455566,99.5199966430664,8153.580078125,-0.05443944224047825,0.05443944224047825,0.04455976032865294,-0.09914654302880765,-0.1151139333815383,-0.32509857303138,-0.433616123926029,0.190760999917984,0.16822633196910222,0.22376472105582554,0.23295185474885835,0.2354332894831896,57.58457110190655,0.0,0.0,0.18773199617862701,0
2020-04-11,0.18806299567222595,99.5199966430664,8153.580078125,0.003195263525380909,0.003195263525380909,0.034836995077333066,0.3468184923590929,-0.1278561658214984,-0.36577266300831757,-0.4237312854240799,0.19166542802538192,0.16984059860308964,0.22345838761991924,0.23234929914275806,0.2351974744349718,58.244269356596504,0.0,0.0,0.18533499538898468,0
2020-04-12,0.19013500213623047,99.5199966430664,8153.580078125,0.011017619157868808,0.011017619157868808,0.05980290426706314,0.19317609275989422,-0.10573939699975154,-0.34141434828855133,-0.4168192519322821,0.19319814230714524,0.17086669852336248,0.22320858769946628,0.23180170464846822,0.23491594441235064,70.36257477225173,0.0,0.0,0.18127000331878662,0
2020-04-13,0.18773199617862701,99.3499984741211,8192.419921875,-0.012638419704972148,0.012638419704972148,-0.03976353688888257,0.2745566107436428,-0.20007501153364238,-0.3404581688031767,-0.4290545571516865,0.19208756940705435,0.17221469829479855,0.2226868654290835,0.2312633267707295,0.23463568441569804,63.26485142918259,-0.0017081810156708288,0.004763532506929291,0.19010399281978607,0
2020-04-14,0.18533499538898468,98.88999938964844,8515.740234375,-0.012768205944827749,0.012768205944827749,-0.03518089900949828,0.20424037594977928,-0.20421222447375986,-0.3869473979121467,-0.4224758644854367,0.19112214020320348,0.17326246500015258,0.22215842091374927,0.23061343787444963,0.2343422544002533,59.1817164328866,-0.004630086477479645,0.039465788568367355,0.190201997756958,1
2020-04-15,0.18127000331878662,99.45999908447266,8393.1796875,-0.021933213755267134,0.021933213755267134,-0.09757101028257231,0.2850286555500836,-0.2069526324501163,-0.3855358139558377,-0.44602679110577115,0.18832228439194815,0.1746026982863744,0.22163282103008694,0.22998157681690323,0.2340357494354248,54.798683436253505,0.005763977129560782,-0.014392236435332606,0.194924995303154,1
2020-04-16,0.19010399281978607,100.02999877929688,8532.3603515625,0.04873387399603968,0.04873387399603968,-0.04112342295661375,0.31538015727858615,-0.20383960644998067,-0.3512296399570106,-0.43329172565406604,0.18715756918702806,0.17612203160921733,0.22109202096859615,0.2294098100728459,0.2337793294340372,58.49411743923121,0.005730944098844226,0.016582590775434225,0.19085900485515594,0
2020-04-17,0.190201997756958,99.77999877929688,8650.1396484375,0.000515533291638226,0.000515533291638226,0.01460546547608299,0.32915448245901024,-0.2181958732861683,-0.3534480618951923,-0.4357112384809052,0.1875487118959427,0.17769209841887157,0.2205021987358729,0.22883216010199653,0.2334506744891405,58.04084096364995,-0.0024992502554318508,0.01380383528380058,0.18348999321460724,0
2020-04-18,0.194924995303154,99.77999877929688,8650.1396484375,0.02483148232875587,0.02483148232875587,0.036487771591641405,0.1810987115101279,-0.17259166789902136,-0.33467929792495865,-0.41270315673745284,0.18852899755750382,0.17868836472431818,0.22005042086044949,0.22828741562035348,0.23317747443914413,59.530997997490026,0.0,0.0,0.18432800471782684,0
2020-04-19,0.19085900485515594,99.77999877929688,8650.1396484375,-0.02085925635998853,0.02085925635998853,0.0038078350161256935,0.2166854291151341,-0.18190196490470567,-0.3454923586367993,-0.41895603323804964,0.18863242651735032,0.17982139835755032,0.21957889861530727,0.2277277045779758,0.23286407448351384,58.07106673611345,0.0,0.0,0.18796999752521515,0
2020-04-20,0.18348999321460724,99.95999908447266,8560.73046875,-0.03860971425551074,0.03860971425551074,-0.022596057413588166,0.16001487676224668,-0.2263225278354576,-0.3306778350406193,-0.4309487889239456,0.18802642609391892,0.18066509813070297,0.2189824985133277,0.22722407670484648,0.23254222445189954,40.3439289974669,0.0018039718117648373,-0.010336154480887538,0.19171099364757538,1
2020-04-21,0.18432800471782684,100.26000213623047,8263.23046875,0.004567069236519394,0.004567069236519394,-0.005433354176011651,0.22710268571866754,-0.219134422669642,-0.3381186068071135,-0.4309704721162241,0.18788257028375352,0.18180223157008488,0.21840774301025603,0.22670094900661045,0.23219418942928313,43.49065682532925,0.0030012310374702977,-0.03475170735558031,0.19366499781608582,1
2020-04-22,0.18796999752521515,100.38999938964844,8495.3798828125,0.01975821749366591,0.01975821749366591,0.03696140610008003,0.19407442676735887,-0.16865693488479283,-0.36957724210593024,-0.41482839510273395,0.1888397123132433,0.18282059828440347,0.21798403180307813,0.2260887545843919,0.23186675436794757,38.16844537885189,0.0012966013429895895,0.028094268330097538,0.19505399465560913,1
2020-04-23,0.19171099364757538,100.43000030517578,8494.75,0.019902091672147737,0.019902091672147737,0.008453272358738495,0.18154133225038072,-0.14046746839329805,-0.34725349402221417,-0.36586313297698203,0.18906928386007035,0.18380246460437774,0.21763592064380646,0.22552215456962585,0.23153678432106972,44.117535994849405,0.00039845518249359557,-7.41441608484994e-05,0.19680500030517578,1
2020-04-24,0.19366499781608582,100.37999725341797,8634.51953125,0.010192447137916893,0.010192447137916893,0.018206959442943704,0.19817734053273872,-0.12140984489142748,-0.3503354535871559,-0.33076813912418757,0.18956399815423147,0.1848701978723208,0.21733856499195098,0.22494196014271842,0.23112668424844743,56.62485727985756,-0.0004978895908182013,0.016453636805085603,0.19797800481319427,1
2020-04-25,0.19505399465560913,100.37999725341797,8634.51953125,0.007172162523877423,0.007172162523877423,0.0006617896912324284,0.11447328069054863,-0.1544610435644812,-0.34104940151607677,-0.34655715592900005,0.18958242663315364,0.18553803116083145,0.2169426538878017,0.22438111007213593,0.2307096591591835,57.34487494121382,0.0,0.0,0.21548399329185486,1
2020-04-26,0.19680500030517578,100.37999725341797,8634.51953125,0.008977030450764367,0.008977030450764367,0.031153863840651885,0.11697270168431873,-0.1488483052766616,-0.3482328496691953,-0.33677855605959073,0.19043185455458506,0.18622503131628038,0.21656024273898866,0.22379693786303204,0.23028554916381835,57.05521278996896,0.0,0.0,0.2274319976568222,1
2020-04-27,0.19797800481319427,100.04000091552734,8730.16015625,0.005960237322220285,0.005960237322220285,0.07895804749222513,0.12626370130301146,-0.1698617883704988,-0.3324071538434096,-0.3343621116717903,0.19250157049724034,0.18696486502885817,0.216110131641229,0.22324928782052464,0.22991507418453694,61.12729035774439,-0.0033870925203581814,0.011076542783169163,0.21276099979877472,1
2020-04-28,0.21548399329185486,99.87000274658203,8607.73046875,0.08842390595449579,0.08842390595449579,0.16902471559718912,0.3152982369716595,-0.08588645218173718,-0.272892916460012,-0.2677809958783558,0.19695242600781576,0.18868669817845027,0.21588517593012915,0.2227999878426393,0.22963699914515018,74.65208318762932,-0.001699301953114296,-0.014023761913732113,0.2192479968070984,0
2020-04-29,0.2274319976568222,99.56999969482422,8914.7099609375,0.05544729416994221,0.05544729416994221,0.2099377594890559,0.3209657959876062,-0.06653206151381685,-0.22283199360940897,-0.2651061589086824,0.20258985459804535,0.1905287315448125,0.21570506476693682,0.2224377100666364,0.22940820410847665,83.43521506763179,-0.003003935551289194,0.03566323240510094,0.2239139974117279,0
2020-04-30,0.21276099979877472,99.0199966430664,8889.5498046875,-0.06450718460550531,0.06450718460550531,0.10980072530371321,0.21882067227357016,-0.11065363908473902,-0.2818509462437998,-0.30172695334197774,0.20559699833393097,0.19180199801921843,0.2154109314084053,0.22197381001379754,0.22908318407833575,65.13109891898971,-0.005523782800477384,-0.0028223191063138087,0.21941399574279785,1
2020-05-01,0.2192479968070984,98.80000305175781,8604.9501953125,0.030489596375552708,0.030489596375552708,0.13209923981879013,0.25053759958904376,-0.0919716157430267,-0.24724557629991806,-0.2769795259209522,0.2092517124755042,0.19326616475979488,0.2151641868882709,0.2215737378431691,0.22869680903851985,67.87270141269275,-0.002221708733253114,-0.03201507563689321,0.21896299719810486,0
2020-05-02,0.2239139974117279,98.80000305175781,8604.9501953125,0.02128183916195514,0.02128183916195514,0.14795904491509915,0.25343711428625526,-0.10696596327905661,-0.253463260327481,-0.27353011647215963,0.2133745700120926,0.1947752982378006,0.21486618684397804,0.22115138777428203,0.2283728689700365,67.85015048702523,0.0,0.0,0.21646299958229065,0
2020-05-03,0.21941399574279785,98.80000305175781,8604.9501953125,-0.020097009213120187,0.020097009213120187,0.11488018801637878,0.22258690884441545,-0.13829246345681534,-0.27166684473568625,-0.2795515912457387,0.21660442650318146,0.19610686500867208,0.21447493135929108,0.22069671559664938,0.2280467388778925,67.48942626477316,0.0,0.0,0.21521000564098358,0
2020-05-04,0.21896299719810486,99.4800033569336,8710.7099609375,-0.0020554684452384064,0.0020554684452384064,0.1059965848464397,0.20486759898548912,-0.17932372873953473,-0.2938636739338534,-0.2757771036797355,0.2196022825581687,0.19734789828459423,0.2139433201816347,0.22019047662615776,0.22762997888028622,73.73824158041616,0.006882593969349982,0.01229057266160738,0.21891699731349945,0
2020-05-05,0.21646299958229065,99.70999908447266,8809.1201171875,-0.011417443347984335,0.011417443347984335,0.004543290086098439,0.2065538330459653,-0.2198631813583285,-0.25978093334567154,-0.2841571534434909,0.21974214059965952,0.19858313153187435,0.21326548688941532,0.2197684321966436,0.22723726890981197,71.03654188583155,0.0023119794911328206,0.0112976045226294,0.21982699632644653,0
2020-05-06,0.21521000564098358,100.08999633789062,8854.3896484375,-0.005788490151781067,0.005788490151781067,-0.05373910505891388,0.10078462302287483,-0.2374226070354073,-0.22293675638257227,-0.28187686299328363,0.217996141740254,0.19923993150393168,0.212520998219649,0.21942541549603145,0.22684820890426635,68.40790158424807,0.0038110245402374066,0.005138939036791523,0.2169020026922226,0
2020-05-07,0.21891699731349945,99.88999938964844,8979.66015625,0.017224996865154774,0.017224996865154774,0.028933862505567065,0.13964068197831647,-0.21614916356639313,-0.21870052153743036,-0.2720262143028874,0.21887556995664323,0.2001340647538503,0.21185025374094646,0.21908497653073736,0.22647189892828465,68.39337575572696,-0.001998171201515686,0.014147842232649754,0.19817599654197693,0
2020-05-08,0.21982699632644653,99.7300033569336,9121.3203125,0.0041568221020495955,0.0041568221020495955,0.0026408429166062675,0.09437993366513142,-0.20709628172630168,-0.215475161575846,-0.25861610255547407,0.21895828417369298,0.20076599816481272,0.21121229827404023,0.21874954874316851,0.22610613889992237,67.94080980331246,-0.0016017222313791102,0.01577567010165759,0.19406400620937347,0
2020-05-09,0.2169020026922226,99.7300033569336,9121.3203125,-0.0133058890996276,0.0133058890996276,-0.031315571159277744,0.09404461637234429,-0.23208839838931117,-0.21151198534747417,-0.2779247895318283,0.21795657064233506,0.20138749827941257,0.21048390948110157,0.21842630439334446,0.22573261395096778,64.67333944607805,0.0,0.0,0.19763700664043427,0
2020-05-10,0.19817599654197693,99.7300033569336,9121.3203125,-0.08633394767136982,0.08633394767136982,-0.09679418639144877,0.05714162621251173,-0.27694107354251285,-0.27252970763817863,-0.3893690605275222,0.2149225707565035,0.2017445648709933,0.2096405315730307,0.21801384886105854,0.22535277888178826,50.749809463021485,0.0,0.0,0.20148000121116638,0
2020-05-11,0.19406400620937347,100.23999786376953,9192.33984375,-0.02074918458519004,0.02074918458519004,-0.11371323605971762,0.03190957644642989,-0.3072630961028394,-0.2892365695479202,-0.3741364795537101,0.2113655720438276,0.20194459855556487,0.20868412057558697,0.21757511554492845,0.22493064396083354,47.926071815914156,0.005113752027167573,0.0077861021011040865,0.20312899351119995,1
2020-05-12,0.19763700664043427,99.93000030517578,9002.5498046875,0.018411453524286747,0.018411453524286747,-0.0869709510548452,0.039456199121236324,-0.3507176219784067,-0.2690695479771661,-0.3927736317371583,0.20867614448070526,0.20219466537237168,0.2074979429443677,0.21717092676295174,0.22442800402641297,38.90512583888421,-0.003092553523545094,-0.020646542913830723,0.19891099631786346,0
2020-05-13,0.20148000121116638,100.23999786376953,8863.169921875,0.019444711474120746,0.019444711474120746,-0.06379816955500572,0.07323208250264446,-0.383298727271699,-0.22997542840825902,-0.5074585218554518,0.20671471527644567,0.20265293220678965,0.20610654304424922,0.21683662682771682,0.22396690905094147,32.05850775273257,0.003102147079426132,-0.015482267339407163,0.20003199577331543,0
2020-05-14,0.20312899351119995,100.47000122070312,8943.7197265625,0.008184396913444969,0.008184396913444969,-0.0721186750962527,0.09600992022509769,-0.39332243976329895,-0.23023961140860427,-0.5545465721202727,0.20445928616183145,0.20324606547753016,0.20464328742689555,0.21649908787674374,0.22349205404520034,41.878846250974014,0.002294526754142323,0.009088148528969997,0.20125499367713928,0
2020-05-15,0.19891099631786346,100.4000015258789,9014.5595703125,-0.0207651163943956,0.0207651163943956,-0.09514754947350723,0.09731887613006163,-0.35046501047386647,-0.25010842192284544,-0.526071768646378,0.2014712861606053,0.2038340985774994,0.20345078739855024,0.21613052114844322,0.22300657398998738,32.17083479537244,-0.0006967223447170712,0.00792062429456597,0.2051759958267212,1
2020-05-16,0.20003199577331543,100.4000015258789,9014.5595703125,0.005635683678646863,0.005635683678646863,-0.07777709154140544,0.05222406329435092,-0.3220035601086013,-0.2175644309571685,-0.48204138338063696,0.19906128517219,0.2041650320092837,0.20239520967006683,0.21582151560319796,0.22249695397913455,27.675346759841716,0.0,0.0,0.20402799546718597,0
2020-05-17,0.20125499367713928,100.4000015258789,9014.5595703125,0.0061140114065041384,0.0061140114065041384,0.015536680470332298,0.05811188131843337,-0.29771580221263816,-0.2153801591130271,-0.46006023053591427,0.1995011419057846,0.20453346520662308,0.20144724282953475,0.21551459886961513,0.22202045388519764,31.917289886039896,0.0,0.0,0.20170700550079346,0
2020-05-18,0.2051759958267212,99.66999816894531,9234.830078125,0.019482757063271405,0.019482757063271405,0.05725940546316011,0.05258946143681831,-0.31128891464063413,-0.18374945579850843,-0.5087957878051776,0.20108856899397715,0.2048751652240753,0.20041683150662315,0.2152579988870356,0.22156454391777516,37.15838697248663,-0.007270949659751058,0.024434971680470374,0.19550900161266327,0
2020-05-19,0.20402799546718597,99.37000274658203,9185.099609375,-0.0055951981853897825,0.0055951981853897825,0.03233700477147483,0.0689985291604347,-0.2650340958243015,-0.1630169928110512,-0.4873707249809338,0.20200156739779881,0.20531413157780964,0.19959934271044202,0.21503723222348425,0.22112147390842438,38.118429711564396,-0.0030098869055337207,-0.005385098407798439,0.20034299790859222,0
2020-05-20,0.20170700550079346,99.12000274658203,9375.7802734375,-0.011375840658914838,0.011375840658914838,0.001126683979861376,0.0992806853771031,-0.25950819099980715,-0.1290716570200522,-0.4926924523265761,0.20203399658203125,0.20592136532068253,0.19881390945778954,0.21487116002374226,0.2206486938893795,37.35602048217214,-0.0025158497845427785,0.020759781839260194,0.19885599613189697,0
2020-05-21,0.19550900161266327,99.37000274658203,9284.8798828125,-0.03072775718791687,0.03072775718791687,-0.03751306874917659,0.060658156160006804,-0.288897821966946,-0.17223141657562746,-0.4809086852730621,0.20094542631081172,0.20629406521717708,0.19793136517206827,0.21464516561892297,0.22016993395984172,29.058107843644365,0.0025221952489162813,-0.009695234740358605,0.19543099403381348,0
2020-05-22,0.20034299790859222,99.86000061035156,9324.58984375,0.024725185316561094,0.024725185316561094,0.007199207772507377,0.06582433657646503,-0.2738590822926772,-0.10234159287604006,-0.474446770891349,0.2011499979666301,0.20670649856328965,0.19709183192915386,0.21451827113827068,0.21967196390032767,33.71229022651961,0.00493104407996392,0.004276841643477525,0.19732700288295746,0
2020-05-23,0.19885599613189697,99.86000061035156,9324.58984375,-0.007422279751317817,0.007422279751317817,-0.0058790576821077245,0.03726965443336194,-0.29661033118927305,-0.09041177457697847,-0.48287440454993025,0.20098199801785605,0.20694466531276703,0.19616010967228148,0.21440846001108488,0.2191599689424038,34.542763064687364,0.0,0.0,0.19397500157356262,0
2020-05-24,0.19543099403381348,99.86000061035156,9324.58984375,-0.01722352941176475,0.01722352941176475,-0.028938410604950615,0.009118819805552736,-0.2778584552902381,-0.12025483939755699,-0.49506252720528454,0.2001499980688095,0.20700353185335796,0.19532459858391021,0.21426004883315827,0.2185866938531399,46.81354386562134,0.0,0.0,0.19785700738430023,0
2020-05-25,0.19732700288295746,99.86000061035156,9324.58984375,0.009701679401046936,0.009701679401046936,-0.03825492798091501,0.011653225720199112,-0.22131944646985047,-0.12330669523129201,-0.5168444533177234,0.19902871336255754,0.20707929879426956,0.19470143185721503,0.21410585997833145,0.2181111738830805,53.99319295691328,0.0,0.0,0.20059500634670258,0
2020-05-26,0.19397500157356262,98.91000366210938,9340.2197265625,-0.016987038065859883,0.016987038065859883,-0.04927262001767885,-0.014379709495311754,-0.15973937248727554,-0.13623816058749472,-0.5532259478327578,0.1975925713777542,0.2069849655032158,0.1942916986015108,0.2139358877307839,0.21769628383219242,45.49413557215071,-0.00951328802759599,0.0016762005701491667,0.1983480006456375,1
2020-05-27,0.19785700738430023,99.05999755859375,9412.3603515625,0.020012918052563666,0.020012918052563666,-0.01908708181421137,-0.0006111660182059886,-0.1655686992402554,-0.14056298282395774,-0.5569198271347968,0.19704257164682662,0.20698093225558598,0.19385548763804966,0.2137561100224654,0.21728458881378174,45.54641194320304,0.0015164684150328345,0.00772365395161323,0.20622000098228455,1
2020-05-28,0.20059500634670258,98.37999725341797,9368.990234375,0.013838271378906919,0.013838271378906919,0.026014171685637022,-0.06909555887516161,-0.15108589242882065,-0.11426916744531157,-0.5479172300194955,0.19776914375168936,0.20648463269074757,0.19345880995194117,0.2136123378243711,0.21688654385507106,46.966302558037064,-0.006864529799463837,-0.0046077833367589305,0.20290599763393402,0
2020-05-29,0.1983480006456375,98.33999633789062,9489.8701171875,-0.011201703083183467,0.011201703083183467,-0.00995790860564516,-0.12787996988475758,-0.14206746975527063,-0.11975611172236822,-0.530420566273418,0.19748414414269583,0.2055151661237081,0.1930938654475742,0.21346242113245859,0.2165028539299965,49.29259484494081,-0.0004065960219973297,0.012902124966358564,0.21024900674819946,1
2020-05-30,0.20622000098228455,98.33999633789062,9489.8701171875,0.039687822972871434,0.039687822972871434,0.03703184713375807,-0.030743410788050984,-0.09886997280498677,-0.06084767123075718,-0.5297942709145582,0.19853614483560836,0.2052971328298251,0.19284246547354592,0.21338819339871407,0.21617186397314073,56.64747675376082,0.0,0.0,0.20276400446891785,0
2020-05-31,0.20290599763393402,98.33999633789062,9489.8701171875,-0.016070232434123644,0.016070232434123644,0.038248813281005045,-0.07453659513953326,-0.15012127044995516,-0.07715469759663462,-0.5287644947718599,0.1996040024927684,0.20475239952405294,0.1924442321062088,0.21329394893513787,0.2158212139457464,51.69734064864066,0.0,0.0,0.20366300642490387,0
2020-06-01,0.21024900674819946,97.83000183105469,9552.0498046875,0.03618921668108155,0.03618921668108155,0.06548522846063065,-0.06102785364686947,-0.10296055519715985,-0.028190694468005706,-0.527301938529565,0.20145000304494584,0.20429689983526866,0.19217609879043368,0.21326006559862032,0.21552050404250622,54.872551444287204,-0.005186033412932223,0.006552216914684994,0.2049819976091385,0
2020-06-02,0.20276400446891785,97.66999816894531,9608.3798828125,-0.03560065464778095,0.03560065464778095,0.04530997718292129,-0.07588390712048065,-0.13544534667357777,-0.09045071854480269,-0.5237643222313677,0.20270557488713944,0.20374190012613932,0.19182314326365787,0.213148043387466,0.21522605411708354,48.91770528256792,-0.0016355275387369694,0.005897171735574247,0.20409199595451355,0
2020-06-03,0.20366300642490387,97.27999877929688,9682.91015625,0.004433735456846444,0.004433735456846444,0.02934441957532785,-0.06987477778886286,-0.14992359782352072,-0.09685811184068283,-0.49169010560277726,0.2035350033215114,0.2032319004336993,0.19142404331101312,0.21302669900986884,0.2149249391257763,51.71663228563379,-0.0039930316060192705,0.007756799205120846,0.20314200222492218,0
2020-06-04,0.2049819976091385,96.68000030517578,9615.8095703125,0.006476341518217632,0.006476341518217632,0.021869892687425896,-0.05303909672926588,-0.1602126996615726,-0.10270741996899813,-0.4910213488138183,0.20416171635900224,0.20284920036792756,0.19098953223890727,0.21289634903271992,0.21462358407676219,59.09238354371286,-0.006167747549856939,-0.006929795366756419,0.20344899594783783,0
2020-06-05,0.20409199595451355,96.94000244140625,9814.080078125,-0.004341852772466348,0.004341852772466348,0.02895917927167857,-0.05166121181659766,-0.13911021451560746,-0.11431858460986521,-0.5135338662053702,0.20498228711741312,0.20247860004504523,0.19062309894296858,0.21274999901652336,0.21436577908694743,53.89311862026406,0.0026893063240562842,0.02061922153956064,0.20377099514007568,0
2020-06-06,0.20314200222492218,96.94000244140625,9814.080078125,-0.0046547329068362675,0.0046547329068362675,-0.014925801293283802,-0.07205925205518293,-0.018182306606250753,-0.09895677597921138,-0.5199064128345295,0.2045425730092185,0.201952766875426,0.19058129903342988,0.2126260545518663,0.21409898906946181,54.5009700521628,0.0,0.0,0.20201300084590912,0
2020-06-07,0.20344899594783783,96.94000244140625,9814.080078125,0.0015112272181689868,0.0015112272181689868,0.0026761077554910973,-0.07450404478204808,-0.027402106255359104,-0.09296840184706323,-0.5066838813121661,0.20462014419691904,0.20140683352947236,0.1905176101459397,0.21251020456353822,0.21385941408574582,59.01020213714729,0.0,0.0,0.2029380053281784,0
2020-06-08,0.20377099514007568,96.62000274658203,9924.75,0.0015827022922265677,0.0015827022922265677,-0.030811140125299286,-0.06053889493486797,-0.03988036102325021,-0.08233174347265171,-0.47517682046692344,0.20369471396718705,0.2009691332777341,0.19042356560627619,0.2124086378349198,0.21365943908691407,57.5069792762106,-0.0033010077033744922,0.011276647530284345,0.1901800036430359,0
2020-06-09,0.20201300084590912,96.31999969482422,9953.75,-0.008627303866078129,0.008627303866078129,-0.003703831086665388,0.019361599643170857,-0.029231685361622572,-0.08117021749585618,-0.49550606236139483,0.20358742773532867,0.20109703342119853,0.19035597675376467,0.2123094933728377,0.21351150408387184,59.72511133683163,-0.0031049787127895856,0.0029219879593944675,0.19394299387931824,0
2020-06-10,0.2029380053281784,95.95999908447266,10020.349609375,0.0045789354071070765,0.0045789354071070765,-0.0035598074949992897,0.0457271767812053,0.4533462970824307,-0.08070934267149799,-0.48526989983675506,0.2034838561500822,0.20139283339182537,0.19105934351682663,0.21221051009164915,0.21334525413811206,56.62122800885471,-0.0037375478767874837,0.0066909063795053125,0.19310599565505981,0
2020-06-11,0.1901800036430359,96.7300033569336,9492.73046875,-0.06286649789678922,0.06286649789678922,-0.07221118995204234,-0.03773080317374511,0.19345849590216213,-0.12502987348450767,-0.5266328205780223,0.2013692855834961,0.2011442666252454,0.19140187684032653,0.21205953235427538,0.21318023413419723,39.23825443110049,0.008024221340218185,-0.05265476367524757,0.1916169971227646,0
2020-06-12,0.19394299387931824,97.31999969482422,9588.8095703125,0.019786466317170737,0.019786466317170737,-0.049727584992883545,-0.03740821563698915,0.3167245327807431,-0.11279915937659446,-0.5162153229192562,0.19991942814418248,0.20089303304751713,0.19192022118303512,0.21192254341310926,0.2130568391084671,45.58660665791398,0.0060994140123571405,0.010121334623245826,0.19307400286197662,0
2020-06-13,0.19310599565505981,97.31999969482422,9588.8095703125,-0.004315691985136816,0.004315691985136816,-0.049403897076638725,-0.04934301934394958,0.2547335505511712,-0.06813366915387287,-0.5242769162749334,0.19848571291991643,0.20055893311897913,0.1923558211988873,0.2118441045284271,0.2129116440564394,34.70491032883368,0.0,0.0,0.19130699336528778,0
2020-06-14,0.1916169971227646,97.31999969482422,9588.8095703125,-0.007710783537529187,0.007710783537529187,-0.058157076519103845,-0.03666966296545482,0.3583788143931208,0.04310312170892017,-0.5331185859713655,0.19679542737347738,0.20031579981247585,0.19291753222544988,0.2118880934185452,0.2127443240582943,36.24801323806073,0.0,0.0,0.19344300031661987,0
2020-06-15,0.19307400286197662,96.68000030517578,9726.01953125,0.0076037395486296955,0.0076037395486296955,-0.05249516630541928,-0.034784399787841425,0.3359304477720586,-0.01581235426959471,-0.5483818223935952,0.19526728561946324,0.2000838667154312,0.1934569767779774,0.21187086006005604,0.21258684404194356,25.575222326623802,-0.0065762370700303,0.014309384280850601,0.1909569948911667,0
2020-06-16,0.19130699336528778,96.95999908447266,9895.8701171875,-0.009151980434942475,0.009151980434942475,-0.05299662613688727,-0.04942983093284359,0.33687632493821384,0.002557387577323267,-0.5730517051134447,0.19373785597937448,0.19975226670503615,0.19399261011017693,0.21187357116076683,0.21239229403436183,30.542411467841845,0.0028961396194977507,0.017463525072283215,0.18679000437259674,0
2020-06-17,0.19344300031661987,97.16000366210938,9910.5302734375,0.011165336477028553,0.011165336477028553,-0.04678771231738388,-0.057185030163130146,0.1721189376933443,-0.009589595523456729,-0.5488325713402367,0.19238142669200897,0.19936116685469946,0.19430823226769764,0.21186316559712093,0.2122271390259266,33.343096468028165,0.002062753501704151,0.0014814418617457026,0.18850000202655792,0
2020-06-18,0.1909569948911667,97.41999816894531,9943.0498046875,-0.012851358908744115,0.012851358908744115,0.0040855570157058985,-0.06406474045921562,0.2173100946848996,-0.016101502515658228,-0.5628443968559773,0.19249242544174194,0.1989254668354988,0.1946869989236196,0.21184580441978243,0.21205525897443295,27.979272671802008,0.0026759417150714615,0.0032813109241147664,0.18560999631881714,0
2020-06-19,0.18679000437259674,97.62000274658203,9946.1201171875,-0.021821617589577458,0.021821617589577458,-0.03688191753486325,-0.07395380785690187,0.18087738795255448,-0.05172150326387004,-0.5654257693916027,0.1914705697979246,0.19842823346455893,0.19500489897198148,0.2117892044285933,0.21189130403101444,25.36872130087565,0.0020530135639078573,0.00030878981402193695,0.18927200138568878,0
2020-06-20,0.18850000202655792,97.62000274658203,9946.1201171875,0.009154652893257564,0.009154652893257564,-0.023852152352273226,-0.035850009607186095,0.2548763770261384,-0.01279439748874045,-0.5746726060428533,0.1908125707081386,0.19819460014502208,0.195430298977428,0.21177563220262527,0.21173445403575897,29.597009966777406,0.0,0.0,0.1886799931526184,0
2020-06-21,0.18560999631881714,97.62000274658203,9946.1201171875,-0.015331595101699791,0.015331595101699791,-0.031348997709732984,-0.07353888952234366,0.17908258166015245,-0.034277137666380963,-0.6090478628456873,0.1899544277361461,0.19770350009202958,0.1957435323132409,0.21173903221885362,0.21158076398074627,26.811392364362277,0.0,0.0,0.18427200615406036,0
2020-06-22,0.18927200138568878,97.04000091552734,10056.48046875,0.01972956812402238,0.01972956812402238,-0.019691938945326504,-0.048195653802922456,0.16650948607594862,-0.00758703751523071,-0.5958239736568636,0.189411284668105,0.1973840336004893,0.1960437211725447,0.21173099337352647,0.21141248397529125,32.65878615726966,-0.005941424039500931,0.011095819300612542,0.183569997549057,0
2020-06-23,0.1886799931526184,96.69000244140625,10131.3701171875,-0.0031278172615928357,0.0031278172615928357,-0.013731856668999565,-0.034544166929975306,0.1673358374342342,-0.009002416427795756,-0.5986283608190326,0.18903599892343795,0.1971590002377828,0.19634424332115386,0.21172147111760245,0.21122835896909237,33.59580880150219,-0.003606744340674206,0.007446904378745289,0.18267099559307098,0
2020-06-24,0.18427200615406036,97.1500015258789,9909.169921875,-0.023362238491245524,0.023362238491245524,-0.04740928411753742,-0.06615920040421708,0.05286860492420553,-0.03574003414365379,-0.6064489644875317,0.18772585690021515,0.1967238336801529,0.19644705454508463,0.2116835267179542,0.21100749403238298,28.847293022778288,0.004757462745452079,-0.021931899905181185,0.17685100436210632,0
2020-06-25,0.183569997549057,97.43000030517578,10017.0,-0.003809632399706109,0.003809632399706109,-0.03868408877255214,-0.05364095342233899,0.041857045261067816,-0.04995292247365968,-0.607295748379046,0.18667057156562805,0.19637700021266938,0.19652899901072185,0.211629904475477,0.21077316902577878,39.693129000508385,0.002882128408637108,0.010881847720358495,0.1776919960975647,0
2020-06-26,0.18267099559307098,97.5,9757.2197265625,-0.0048973250966338755,0.0048973250966338755,-0.022051548172296265,-0.07675245871748815,0.039184690296701685,-0.07297607077021107,-0.5531028453339096,0.18608214173998153,0.1958707998196284,0.1966055323680242,0.21155001554224226,0.21055926397442817,30.69997423094685,0.000718461404136006,-0.025933939646351156,0.17795899510383606,0
2020-06-27,0.17685100436210632,97.5,9757.2197265625,-0.03186051081655916,0.03186051081655916,-0.06179839543349375,-0.11836786177796377,0.07948535151329161,-0.09061875978330736,-0.5861343371521,0.18441799921648844,0.19507933308680853,0.1967502213186688,0.2114521100289292,0.21032200902700424,26.224980580772225,0.0,0.0,0.17587000131607056,0
2020-06-28,0.1776919960975647,97.5,9757.2197265625,0.004755368726865772,0.004755368726865772,-0.042659341513330507,-0.10414022062655526,0.03206695400806625,-0.0788101288098314,-0.5861641842272116,0.18328685632773808,0.19439079960187275,0.19681156575679778,0.21136765446927813,0.21010020397603513,29.23935554073502,0.0,0.0,0.17697599530220032,0
2020-06-29,0.17795899510383606,97.54000091552734,9874.150390625,0.0015025944450799411,0.0015025944450799411,-0.05977115579181547,-0.13704299167798117,0.019454233880863647,-0.0763390293823567,-0.551074530352041,0.1816707125731877,0.19344876607259115,0.19684929897387823,0.21128594328959782,0.20989070393145084,26.636158305044617,0.00041026580028047377,0.011984014641401863,0.17724399268627167,0
2020-06-30,0.17587000131607056,97.38999938964844,10058.76953125,-0.011738624319307944,0.011738624319307944,-0.06789268762685496,-0.13324394859258692,0.0031199942001034486,-0.06473517816128749,-0.5677404000857602,0.17984071373939514,0.19254756619532903,0.1968553768263923,0.21121831552849876,0.20966627895832063,26.37363339094199,-0.0015378462627738676,0.018697217818384404,0.17633600533008575,0
2020-07-01,0.17697599530220032,97.19999694824219,10154.6298828125,0.006288701756145931,0.006288701756145931,-0.03959370174632071,-0.15825526103839294,-0.00931481098238307,-0.08549458865475512,-0.5577855442756656,0.1787984264748437,0.19143846581379573,0.19683688796228832,0.2111263988746537,0.20946437895298003,23.976713123617685,-0.0019509440660951949,0.009530027630585192,0.17798399925231934,0
2020-07-02,0.17724399268627167,97.31999969482422,10207.6298828125,0.0015143148855512045,0.0015143148855512045,-0.03446099551804371,-0.12586066175546562,-0.012386678452511735,-0.08803994619925881,-0.5661441565140624,0.1778947114944458,0.19058779875437418,0.19681218796306185,0.21103133774465985,0.2092575938999653,26.695191672643134,0.0012345961970134933,0.005219294116244111,0.1770170032978058,0
2020-07-03,0.17633600533008575,97.31999969482422,10207.6298828125,-0.005122810327304439,0.005122810327304439,-0.03467978177059616,-0.13417753952725986,-0.02969203894971295,-0.09819622617008372,-0.5463663758520214,0.1769897128854479,0.18967689871788024,0.1967522324787246,0.2109246655470795,0.2091031489521265,30.020618556701038,0.0,0.0,0.18856699764728546,1
2020-07-04,0.17798399925231934,97.31999969482422,10207.6298828125,0.009345759643067053,0.009345759643067053,0.006406493954047132,-0.1317091191993317,-0.007926172449173041,-0.19649675041526282,-0.5303406233539337,0.17715156929833548,0.1887769654393196,0.19673643244637384,0.21068285447027948,0.20907457396388054,29.854373782142446,0.0,0.0,0.18478700518608093,1
2020-07-05,0.1770170032978058,97.31999969482422,10207.6298828125,-0.005433049929070788,0.005433049929070788,-0.003798667439068537,-0.13266072748263014,-0.09457000076065991,-0.1724968021473242,-0.5450077827449803,0.1770551417555128,0.18787446568409602,0.19653099907769098,0.21047785447703468,0.20897877894341946,32.22895947458471,0.0,0.0,0.20469200611114502,1
2020-07-06,0.18856699764728546,96.79000091552734,10433.650390625,0.06524793739756429,0.06524793739756429,0.059609251767576144,-0.07174786315977644,-0.018355703602077833,-0.09787776108595858,-0.5250763978767947,0.17857057069029128,0.18738863219817478,0.19649182127581702,0.21036419338650172,0.20896751895546914,48.90066278100344,-0.005445938974094178,0.022142310252948327,0.20291000604629517,1
2020-07-07,0.18478700518608093,96.87999725341797,10343.8896484375,-0.02004588559168241,0.02004588559168241,0.05070224485860386,-0.09172810450508018,-0.08006207673687638,-0.09815564320787717,-0.5397962267646349,0.17984442838600703,0.18676656583944956,0.19631313251124488,0.21025246009230614,0.20891487397253514,44.47849000585007,0.0009298102803942943,-0.008603004588705887,0.1986519992351532,1
2020-07-08,0.20469200611114502,96.43000030517578,10492.5,0.1077186185523149,0.1077186185523149,0.15660887094669218,0.00451983350445051,0.0324579050481173,-0.0358632680531632,-0.4806985560275102,0.18380385850157058,0.18679726620515189,0.19638463258743286,0.21021016016602517,0.20896792396903038,70.11824928922115,-0.004644890183729933,0.01436696993233566,0.20119699835777283,0
2020-07-09,0.20291000604629517,96.69999694824219,10547.75,-0.008705762861507371,0.008705762861507371,0.14480611145706512,0.004440334021226011,0.08239452562124727,-0.04220416569365859,-0.442210163568476,0.18747043183871678,0.18682716637849808,0.19655625489022996,0.21016048797302775,0.20899758398532867,68.65718028156704,0.002799923698143081,0.005265665951870391,0.20053799450397491,0
2020-07-10,0.1986519992351532,96.6500015258789,10617.4404296875,-0.020984705949742444,0.020984705949742444,0.1265538133479538,-0.021119780329436844,0.05630561996036043,-0.0787495665434722,-0.39863470562565484,0.19065843096801213,0.18668429950873058,0.1966739104853736,0.21006614905264642,0.20903612896800042,64.47844798141949,-0.0005170157594734937,0.006607137037519806,0.1985750049352646,0
2020-07-11,0.20119699835777283,96.6500015258789,10617.4404296875,0.012811344121470336,0.012811344121470336,0.13042183119250805,0.057929301207794826,0.0581796938872754,-0.05371158886174676,-0.41532556013484045,0.19397457369736262,0.18705153266588848,0.19679682155450184,0.21000270462698406,0.2090811239928007,73.44841363925227,0.0,0.0,0.19880899786949158,0
2020-07-12,0.20053799450397491,96.6500015258789,10617.4404296875,-0.0032754159315342424,0.0032754159315342424,0.13287419156338576,0.03400484076656274,0.0682142553534828,-0.14550872410676652,-0.39629540543319364,0.19733471529824392,0.18727136602004368,0.1969391104247835,0.2098129879269335,0.2091302189975977,72.0811263042343,0.0,0.0,0.19711099565029144,0
2020-07-13,0.1985750049352646,96.45999908447266,10390.83984375,-0.00978861673353082,0.00978861673353082,0.053074013018434396,0.02832128159279912,0.07143825977652796,-0.14736253063873095,-0.3519642188495373,0.1987644306250981,0.18745366632938384,0.19708622164196438,0.20962232127785682,0.20917112402617932,69.29328189265118,-0.0019658814113455714,-0.021342298780777758,0.19404800236225128,0
2020-07-14,0.19880899786949158,96.26000213623047,10488.580078125,0.0011783604603372577,0.0011783604603372577,0.07588191966902902,0.03753320871696597,0.0967561881700878,-0.130220392127667,-0.36948083789411923,0.2007675724370139,0.1876933996876081,0.19728109935919444,0.2094569601946407,0.20920965902507305,72.23936883018271,-0.0020733666819449104,0.00940638445445674,0.19428099691867828,0
2020-07-15,0.19711099565029144,96.08000183105469,10550.490234375,-0.008540872080220363,0.008540872080220363,-0.03703618233502093,0.020909043830208196,0.03685878832196776,-0.174494099033786,-0.3357137447883146,0.19968457094260625,0.18782796611388525,0.19735895494620007,0.2092254879573981,0.20922910399734973,69.29935490616103,-0.0018699387199372364,0.005902625120736804,0.19934099912643433,0
2020-07-16,0.19404800236225128,96.3499984741211,10473.830078125,-0.015539433900858768,0.015539433900858768,-0.04367455236299167,0.01432780343648865,0.020220632015693907,-0.20238729973153702,-0.3752740600260419,0.19841857041631425,0.1879193330804507,0.19740168833070332,0.2089519435332881,0.20921408899128438,65.28750372800476,0.002810123209002091,-0.00726602788562658,0.19913500547409058,1
2020-07-17,0.19428099691867828,95.94000244140625,10503.1904296875,0.0012007057717196012,0.0012007057717196012,-0.0220033140028999,0.004332007881840294,-0.0033038265999398853,-0.17532528155562843,-0.39883840694386663,0.19779414151396071,0.1879472663005193,0.19739453279309802,0.20872247682677375,0.20921312399208547,66.52851137605744,-0.004255278040559252,0.0028032106061965933,0.19506500661373138,0
2020-07-18,0.19934099912643433,95.94000244140625,10503.1904296875,0.026044761392047144,0.026044761392047144,-0.009224785888893416,0.04390519572245033,0.044441153183814475,-0.145544744807658,-0.37823492136204706,0.19752899876662663,0.18822673310836155,0.19748877717389002,0.20853383789459864,0.20924535900354385,68.50790474532656,0.0,0.0,0.19898800551891327,0
2020-07-19,0.19913500547409058,95.94000244140625,10503.1904296875,-0.0010333732310285892,0.0010333732310285892,-0.006996125763372607,0.06609026614116265,0.08526357206403712,-0.16035602293323403,-0.40237208266897806,0.19732857176235744,0.18863823314507802,0.19766261064343982,0.20832255457838375,0.20927769899368287,69.423576804257,0.0,0.0,0.203342005610466,1
2020-07-20,0.19506500661373138,95.83000183105469,10767.08984375,-0.02043838977817858,0.02043838977817858,-0.017675932188330856,0.03482761016760372,0.05824943373276881,-0.17364944496873713,-0.411229359663251,0.19682714343070984,0.18885706663131713,0.19778191066450543,0.20809482683738073,0.209312809035182,56.56948887805543,-0.0011465562596659762,0.02512564309189158,0.20757800340652466,1
2020-07-21,0.19898800551891327,95.12000274658203,10680.3603515625,0.02011123867516762,0.02011123867516762,0.0009004001395309658,0.07207590897807625,0.05861577985188893,-0.11992711279860535,-0.3822282006690547,0.1968527159520558,0.18930300027132035,0.19790433297554652,0.2079441823893123,0.20934014409780502,64.31581980158815,-0.007408943659673151,-0.00805505419255359,0.2040490061044693,1
2020-07-22,0.203342005610466,94.97000122070312,10706.1298828125,0.021880716278343204,0.021880716278343204,0.03161168122365643,0.07433748320812694,0.06066950956538286,-0.08832005124522746,-0.34390143615140545,0.19774286023208074,0.18977200041214626,0.19803356644180087,0.20783474354280365,0.20938507914543153,48.01750257448726,-0.0015769714208119234,0.002412796048237187,0.21410199999809265,1
2020-07-23,0.20757800340652466,94.69000244140625,10461.419921875,0.020831887554868533,0.020831887554868533,0.06972502102348566,0.10015905734435826,0.07184057907898955,-0.058291419375328446,-0.34299738280392955,0.19967571752411978,0.19040193408727646,0.19818815539280574,0.20776336019237837,0.2094452841579914,56.39417114425749,-0.0029482865715266815,-0.022856995349024745,0.21498200297355652,1
2020-07-24,0.2040490061044693,94.44000244140625,10363.1796875,-0.017000824962865146,0.017000824962865146,0.050277738639974645,0.1073250373899679,0.04611549465952702,-0.11546859633455686,-0.3518344365111905,0.2010711474078042,0.19106116741895676,0.19828809996445973,0.20761537692613072,0.20935797922313212,57.543415769595576,-0.002640194250229322,-0.009390717044975738,0.22367200255393982,1
2020-07-25,0.21410199999809265,94.44000244140625,10363.1796875,0.04926754648575149,0.04926754648575149,0.07404899612395344,0.16632348889625237,0.08788902551304734,-0.07404141226364869,-0.3382313615727536,0.20317986181804112,0.19207890083392462,0.1984802888499366,0.20752026579446262,0.20935890421271325,64.9084053356543,0.0,0.0,0.23027700185775757,1
2020-07-26,0.21498200297355652,94.44000244140625,10363.1796875,0.0041102043674123845,0.0041102043674123845,0.07957916520873964,0.17688088508842137,0.08588831964645105,-0.09856261229933105,-0.307688852662259,0.2054437186036791,0.19315593441327414,0.1986692221628295,0.20738967690202925,0.20938868425786494,66.60156122885543,0.0,0.0,0.24309900403022766,1
2020-07-27,0.22367200255393982,93.66999816894531,10536.26953125,0.04042198630669658,0.04042198630669658,0.14665365375787842,0.26474827417980884,0.03799822500502392,-0.05115175991159815,-0.2837636656491688,0.20953043230942317,0.1947166343530019,0.19876020004351933,0.20732268798682424,0.2094825492799282,74.98259319943669,-0.008153369891521045,0.01670238758465037,0.24452200531959534,1
2020-07-28,0.23027700185775757,93.76000213623047,10402.08984375,0.029529843826676228,0.029529843826676228,0.15724061486645913,0.2959334517876664,0.012509252129193627,-0.054855075716774615,-0.2587443554283102,0.21400028892925807,0.19646946787834169,0.1987918112013075,0.20724843798412218,0.2095724043250084,77.7986025547868,0.0009608622722807603,-0.012735028000378179,0.25890401005744934,1
2020-07-29,0.24309900403022766,93.26000213623047,10542.9404296875,0.05568077606112953,0.05568077606112953,0.19551788279261162,0.366039428849233,0.14259194241494466,0.016159985997830528,-0.2366659242678325,0.21967986013208116,0.1986408015092214,0.19912890013721254,0.20726991577280893,0.2097286443412304,83.95253206961065,-0.0053327643836176275,0.013540604633609066,0.2895289957523346,1
2020-07-30,0.24452200531959534,93.0199966430664,10587.8095703125,0.005853587492241408,0.005853587492241408,0.17797647779046621,0.39035653317671026,0.11527589250785208,0.012702166674658733,-0.23803317985582917,0.22495757469109126,0.20092920164267222,0.19940972245401806,0.2072869546711445,0.2098730893433094,88.18928655745069,-0.0025735094109634593,0.00425584692659875,0.28706198930740356,1
2020-07-31,0.25890401005744934,93.48999786376953,10745.26953125,0.05881681167736397,0.05881681167736397,0.268832497644685,0.46293292271276987,0.1562654101582699,0.03258436675443699,-0.1855956906972852,0.23279400382723128,0.2036601354678472,0.19979850037230384,0.20733234360814096,0.21010452441871166,90.27209437731052,0.0050526901490504095,0.014871816487803668,0.30994001030921936,1
2020-08-01,0.2895289957523346,93.48999786376953,10745.26953125,0.11828702725805496,0.11828702725805496,0.3522946808292957,0.633505267875631,0.3195557319494202,0.13707111910957392,-0.07319282024971274,0.24356928893498012,0.2074029689033826,0.2005775559279654,0.20752624364362823,0.21037873439490795,92.62274186047232,0.0,0.0,0.3004930019378662,1
2020-08-02,0.28706198930740356,93.48999786376953,10745.26953125,-0.008520757786350752,0.008520757786350752,0.3352838160258145,0.6279261218946655,0.31100685038434484,0.07591221357035072,-0.0937469569137086,0.2538664298398154,0.21109383503595988,0.20133421139584648,0.20763876578874058,0.21064956933259965,90.68471517638032,0.0,0.0,0.30331099033355713,1
2020-08-03,0.30994001030921936,93.5,10902.7998046875,0.07969714505572045,0.07969714505572045,0.38568979027437966,0.7413925499551921,0.4318382860226071,0.11702976526702047,-0.030959036320606592,0.2661904309477125,0.21549236873785654,0.2023728448483679,0.2078191658688916,0.21105639941990376,95.2737881260306,0.00010698616385718118,0.014660430152948933,0.3035840094089508,0
2020-08-04,0.3004930019378662,93.37999725341797,10941.169921875,-0.030480118916973997,0.030480118916973997,0.30491972499920417,0.6975375039669478,0.39627802639972476,0.0647700572256491,-0.07130271457895487,0.27622128810201374,0.21960823535919188,0.20332043369611105,0.20792071595788003,0.21136498443782328,88.33530246850425,-0.001283451835101923,0.0035192902625804656,0.2946639955043793,0
2020-08-05,0.30331099033355713,92.83000183105469,10998.400390625,0.009377883603005177,0.009377883603005177,0.24768503903801475,0.6085051685496965,0.3855068087710043,0.08603067093960903,-0.025744739774124392,0.2848230004310608,0.22343303511540094,0.20425814472966725,0.20805419923530685,0.21166510939598082,88.19837907535714,-0.005889863338405132,0.005230744898274242,0.29402199387550354,0
2020-08-06,0.3035840094089508,92.79000091552734,11108.0703125,0.0009001291878458773,0.0009001291878458773,0.2415406499392978,0.6428861385747391,0.38101331720933773,0.09501059420077818,-0.026877677878070272,0.293260429586683,0.22739293525616328,0.20518877820836173,0.20820053824120097,0.21200510442256928,87.82980137583112,-0.00043090503865483853,0.00997144293532748,0.2886529862880707,0
2020-08-07,0.2946639955043793,93.44000244140625,11010.98046875,-0.029382357529100234,0.029382357529100234,0.13812063180865763,0.43954813430467166,0.3585121015341597,0.043217203696599205,-0.04224455338798594,0.2983689989362444,0.2303920015692711,0.20605280035071902,0.2082683549159103,0.2123119443655014,84.25041664953508,0.007005081576307415,-0.008740477960491821,0.29465898871421814,0
2020-08-08,0.29402199387550354,93.44000244140625,11010.98046875,-0.002178758310043327,0.002178758310043327,0.015518301065128082,0.4490265887056384,0.48364079911779245,0.07275972345863946,-0.01116889299826851,0.29901085581098286,0.2334290678302447,0.2071177558766471,0.2083791437248389,0.21259622432291508,82.52163160802755,0.0,0.0,0.2844490110874176,0
2020-08-09,0.2886529862880707,93.44000244140625,11010.98046875,-0.018260564513096433,0.018260564513096433,0.0055423463918218285,0.4530585516352106,0.48741125119640283,0.030384664975597886,-0.033703689551652705,0.29923814109393526,0.23642910073200862,0.20816874454418818,0.20842643255988758,0.21285920925438404,78.92209902450622,0.0,0.0,0.2849299907684326,0
2020-08-10,0.29465898871421814,93.58000183105469,10968.3603515625,0.020806999100828838,0.020806999100828838,-0.04930315895568216,0.46452974507228584,0.4909099956684646,-0.03197841259621603,-0.024033259280361485,0.2970551380089351,0.2395445004105568,0.20924676656723024,0.208372354755799,0.213201984167099,78.46834253303719,0.001498281100069887,-0.0038706922883442463,0.2978070080280304,0
2020-08-11,0.2844490110874176,93.62999725341797,10782.8203125,-0.03465014819793233,0.03465014819793233,-0.053392227928709235,0.41842951900957326,0.4117977435849496,-0.12934253469621804,-0.052853221957751106,0.2947631393160139,0.24234153429667155,0.21016864445474412,0.20813759374949667,0.21350902423262597,71.11441674869454,0.0005342532740439943,-0.01691593210976783,0.300370991230011,1
2020-08-12,0.2849299907684326,93.44000244140625,11012.240234375,0.0016909170440644328,0.0016909170440644328,-0.060601165638312526,0.4348733913481193,0.40270468456154873,-0.1490105442376083,-0.03947223669779021,0.2921372822352818,0.24522003382444382,0.21107754442426893,0.20786041592558224,0.21383153915405273,68.03977035396696,-0.0020292087748062793,0.021276430027220572,0.2996610105037689,1
2020-08-13,0.2978070080280304,93.33999633789062,11042.5,0.045193618351194065,0.045193618351194065,-0.01902933356789005,0.49795538038739173,0.49718725229312755,-0.027524493763122715,0.1308711483563585,0.29131199632372173,0.2485199674963951,0.21217638899882635,0.20781358819868828,0.21416714422404767,70.91329665836037,-0.0010702707716465643,0.0027478301400056804,0.30349200963974,0
2020-08-14,0.300370991230011,93.0999984741211,11019.2998046875,0.008609546225786913,0.008609546225786913,0.01936780812281791,0.5238672517433802,0.5016147295275895,0.018089440708191296,0.13398038808658685,0.2921272814273834,0.2519619673490524,0.21329126672612297,0.2078432381980949,0.21451288916170597,67.93911278167958,-0.002571222125408501,-0.002100991198777491,0.3147670030593872,1
2020-08-15,0.2996610105037689,93.0999984741211,11019.2998046875,-0.0023636794063724986,0.0023636794063724986,0.01917889391177008,0.5442622797237455,0.4889618638953934,0.0456743881217514,0.1438709402922862,0.2929328552314213,0.2554824009537697,0.21438466691308553,0.20791595487131012,0.214818754196167,55.913948941322175,0.0,0.0,0.3033069968223572,0
2020-08-16,0.30349200963974,93.0999984741211,11019.2998046875,0.012784443092982434,0.012784443092982434,0.05140782897309171,0.5621291554663734,0.4791789283969181,0.0187269252169453,0.14214539804715431,0.29505271571023123,0.25912276804447176,0.2154770670665635,0.20794694928659332,0.2151575642079115,59.439719352845856,0.0,0.0,0.29024600982666016,0
2020-08-17,0.3147670030593872,92.8499984741211,11129.73046875,0.03715087403134998,0.03715087403134998,0.06824164581882575,0.5790379522465552,0.5427637875803739,0.13387878206853476,0.11364393138525775,0.2979252891881125,0.2629703015089035,0.21670750048425463,0.20815342159734831,0.21551318921148777,53.19994863233594,-0.0026852846841828315,0.010021568159487293,0.2925730049610138,0
2020-08-18,0.3033069968223572,92.2699966430664,11210.83984375,-0.03640790211694411,0.03640790211694411,0.06629654173465949,0.5231224470065381,0.5037008559485261,0.11347816701646263,0.07051544613339145,0.3006192871502468,0.2664427012205124,0.21783638927671645,0.208325149367253,0.2158335591852665,51.81698174204871,-0.006246654179712707,0.007287631558350771,0.2806819975376129,0
2020-08-19,0.29024600982666016,92.88999938964844,11146.4599609375,-0.04306193768205968,0.04306193768205968,0.018657281544461668,0.4879450438868651,0.48456596592768175,0.055678091804919116,0.05235563963704637,0.30137871844427927,0.26961540132761,0.2188890227013164,0.20841019393669236,0.21607751421630383,42.54953572683784,0.006719440437181534,-0.005742645841862681,0.286545991897583,0
2020-08-20,0.2925730049610138,92.79000091552734,11264.9501953125,0.008017319982257076,0.008017319982257076,-0.017575150771884984,0.4703047261469513,0.46036052178126097,0.060427529469789576,0.09882030217017967,0.30063100372041973,0.27273490130901334,0.21991380055745444,0.20850281624330413,0.21628670923411847,43.864569778587274,-0.0010765257269690354,0.010630301888693516,0.28538599610328674,0
2020-08-21,0.2806819975376129,93.25,11311.7998046875,-0.040642872793357654,0.040642872793357654,-0.06554891872804425,0.380344394140107,0.41148370176095916,-0.007176946486620039,0.035940999884285896,0.29781829033579144,0.2753129010399183,0.22082297835085127,0.2084915440115664,0.2164169842749834,42.45878967205336,0.004957420842051974,0.0041588829566681085,0.28921499848365784,1
2020-08-22,0.286545991897583,93.25,11311.7998046875,0.020891950361669576,0.020891950361669576,-0.04376618294164425,0.380425609626883,0.46622593470514095,0.058822661381485064,0.036164111340175165,0.29594471624919344,0.27794516732295355,0.22183536721600428,0.20857998289995724,0.21651567421853543,46.182828243172466,0.0,0.0,0.2779270112514496,0
2020-08-23,0.28538599610328674,93.25,11311.7998046875,-0.004048201081489511,0.004048201081489511,-0.059658946401738855,0.39861497760579345,0.446259214064892,0.12617392535612915,0.04708441799071683,0.293358142886843,0.2806564003229141,0.22281380047400792,0.20875761616561148,0.2165552642196417,48.25699019721951,0.0,0.0,0.2774910032749176,0
2020-08-24,0.28921499848365784,93.30000305175781,11379.7197265625,0.013416924560605725,0.013416924560605725,-0.08117751964906073,0.3508281028959763,0.49099108718901907,0.2528211065373245,0.07081770462477355,0.28970785651888165,0.2831601669390996,0.22387202266189787,0.20908186063170434,0.21659026928246022,47.026439247681154,0.0005362257561158934,0.0060043426375751,0.26451098918914795,0
2020-08-25,0.2779270112514496,93.0199966430664,11466.4697265625,-0.03902974358657296,0.03902974358657296,-0.08367754729302312,0.29279198913052973,0.40468621721154574,0.17211414738711528,0.026363786242295628,0.28608214429446627,0.2852583338816961,0.22476168937153287,0.20930858850479125,0.21658348433673383,46.47908352752577,-0.0030011404022792787,0.007623210596084284,0.2720459997653961,0
2020-08-26,0.2774910032749176,93.01000213623047,11665.0595703125,-0.0015687859001854987,0.0015687859001854987,-0.043945501815374044,0.24061572349896143,0.3833395373527406,0.17433644881972987,0.02920056740009458,0.2842600005013602,0.28705230057239534,0.22561608933740193,0.20953744964467155,0.21658472441136836,45.98209471086039,-0.00010744471292867264,0.017319179179443367,0.27449700236320496,0
2020-08-27,0.26451098918914795,93.01000213623047,11625.33984375,-0.04677634205282688,0.04677634205282688,-0.09591457617767984,0.14866437835827284,0.3335702317550213,0.1441132831886356,0.027426585522242197,0.28025114110537935,0.2881934334834417,0.22635123365455204,0.20972254955106312,0.2164949943870306,32.03632260332142,0.0,-0.003405017035968405,0.28303399682044983,1
2020-08-28,0.2720459997653961,92.37000274658203,11695.6298828125,0.0284865691189109,0.0284865691189109,-0.030767907624925317,0.11907492525789665,0.31920278571216953,0.18877324216454472,0.05835942705616537,0.2790174271379198,0.2891583333412806,0.22708263364103104,0.2099625495572885,0.2164848243445158,35.49622782191547,-0.006880973819472058,0.006046278217000989,0.28176599740982056,1
2020-08-29,0.27449700236320496,92.37000274658203,11695.6298828125,0.00900951530227423,0.00900951530227423,-0.04204905974983797,0.12258609201422055,0.3528284307220402,0.1497401080012284,0.07134165824439886,0.27729614291872295,0.29015749990940093,0.22787808924913405,0.21016116067767143,0.21645660437643527,37.34052033819224,0.0,0.0,0.2956959903240204,1
2020-08-30,0.28303399682044983,92.37000274658203,11695.6298828125,0.031100501585620277,0.031100501585620277,-0.008241467047968576,0.09320051380295791,0.34618470354735065,0.20758077907219152,0.09193529638538589,0.27696014302117483,0.29096183280150095,0.22868681136104796,0.21043145507574082,0.2163498093932867,40.17329861444136,0.0,0.0,0.27646100521087646,0
2020-08-31,0.28176599740982056,92.13999938964844,11775.4599609375,-0.004480025102545082,0.004480025102545082,-0.025755929370510078,-0.0268125074048009,0.3896253338842157,0.2014070487898818,0.09188778423937105,0.27589600001062664,0.29070306619008385,0.22956461128261355,0.2106938772731357,0.21612510941922664,32.46250597079033,-0.002490022194376329,0.0068256330719147496,0.24658000469207764,0
2020-09-01,0.2956959903240204,92.33999633789062,11939.669921875,0.049438161603080344,0.049438161603080344,0.0639339767392908,0.03007713085751318,0.45188856589452153,0.23421620845678293,0.13371669648765194,0.2784344255924225,0.290990866223971,0.23058719999260371,0.21100562165180842,0.2159294793754816,46.05880092533291,0.0021705768348925236,0.013945099510527026,0.25588300824165344,0
2020-09-02,0.27646100521087646,92.8499984741211,12056.4404296875,-0.06504986791355016,0.06504986791355016,-0.003711825074994235,-0.1080176936980215,0.34870870825463807,0.13262844504809013,0.05062721700485184,0.2782872830118452,0.2898748993873596,0.2313814111881786,0.21118547171354293,0.21578060440719127,43.29072722420135,0.005523090280015408,0.009780044890400408,0.2376919984817505,0
2020-09-03,0.24658000469207764,92.73999786376953,11458.099609375,-0.10808396104906903,0.10808396104906903,-0.06778918544003532,-0.17941515076260017,0.2081806713626999,0.04011039899582425,-0.051268752941904916,0.275725713797978,0.2880777994791667,0.23185350017415152,0.21123829955856005,0.21553833447396756,32.349080058989315,-0.0011847131088776885,-0.04962831474198304,0.24073100090026855,0
2020-09-04,0.25588300824165344,92.72000122070312,11313.1298828125,0.03772813436836908,0.03772813436836908,-0.059412715267569194,-0.15636750267356347,0.2596262980530022,0.2367233864925058,-0.001806071096073003,0.2734167150088719,0.28649686674276986,0.2324395113521152,0.21151040519277256,0.2153848894685507,40.289908513816286,-0.0002156204822840735,-0.012652161484430269,0.24217399954795837,0
2020-09-05,0.2376919984817505,92.72000122070312,11313.1298828125,-0.07109112044955923,0.07109112044955923,-0.13408162407819435,-0.21704704096729532,0.1683124675763561,0.13629824520036804,-0.0580486292572745,0.2681588573115213,0.28430046637852985,0.23281998915804758,0.21166879965199364,0.21508378438651563,32.555136549985036,0.0,0.0,0.23675300180912018,0
2020-09-06,0.24073100090026855,92.72000122070312,11313.1298828125,0.01278546370062772,0.01278546370062772,-0.14946259599696532,-0.18303218386689246,0.18138011121153896,0.1342662458707351,-0.07655154721440127,0.2621155721800668,0.28250269989172616,0.2332306558887164,0.2118271107474963,0.21489942945539953,34.26566347612872,0.0,0.0,0.2396090030670166,0
2020-09-07,0.24217399954795837,92.72000122070312,11313.1298828125,0.005994236896342375,0.005994236896342375,-0.1405137533478774,-0.1763405303261053,0.19880403010637493,0.16376096788806027,-0.07948030015743746,0.25645957248551504,0.2807744334141413,0.23367688920762802,0.21201643298069636,0.21474831946194173,33.141482466622264,0.0,0.0,0.2435300052165985,0
2020-09-08,0.23675300180912018,93.4800033569336,10847.6904296875,-0.022384722344087393,0.022384722344087393,-0.19933644839184705,-0.17980061507887957,0.16662722404439867,0.6955133561404823,-0.08787490147202093,0.24803914555481502,0.27904443393150963,0.23405261139074962,0.21255597745378813,0.21455739453434944,34.59633245294039,0.008196744243147869,-0.04114152829024975,0.24329200387001038,1
2020-09-09,0.2396090030670166,93.26000213623047,11141.5595703125,0.012063210333438823,0.012063210333438823,-0.1332990962531957,-0.18682608627491437,0.259906396451427,0.5036459928864332,-0.07369200136688991,0.24277457381997788,0.2772094344099363,0.23460182249546052,0.2130018496678935,0.21437593460083007,36.07996010295785,-0.0023534575610048014,0.02709047999938785,0.24781399965286255,1
2020-09-10,0.2435300052165985,93.33999633789062,10919.58984375,0.016364168705652604,0.016364168705652604,-0.012369208441243562,-0.14385357050246084,0.25567828125895575,0.6533823982136251,-0.048547364381359315,0.24233885960919516,0.2758454675475756,0.23515278928809696,0.21353650523556603,0.21418002963066102,41.74048555275704,0.0008577546625325727,-0.01992268004866704,0.24180099368095398,0
2020-09-11,0.24329200387001038,93.33000183105469,10853.5498046875,-0.000977297833901214,0.000977297833901214,-0.04920609796705311,-0.14613409696230306,0.25988839986406487,0.5808242452596719,-0.045205997914863016,0.24054014469896043,0.27445753465096157,0.23571041160159642,0.21403311640024186,0.21404335469007493,37.99054502997932,-0.00010707635770368373,-0.006047849782590431,0.2463269978761673,0
2020-09-12,0.24781399965286255,93.33000183105469,10853.5498046875,0.018586701210567824,0.018586701210567824,0.042584526344033424,-0.16787049004052434,0.29327775392541944,0.7567611020582095,-0.03027579779935996,0.24198614486626216,0.27279110103845594,0.2363348227408197,0.2146261774831348,0.21401536464691162,39.04503593115353,0.0,0.0,0.2438499927520752,0
2020-09-13,0.24180099368095398,93.33000183105469,10853.5498046875,-0.024264189998674746,0.024264189998674746,0.00444476522211068,-0.19499219052150962,0.25237468585457856,0.6730854748520982,-0.07415177598418865,0.24213900097778865,0.27083876778682076,0.23687623374991948,0.21516660526394843,0.21407011464238168,32.71312318281946,0.0,0.0,0.24784700572490692,1
2020-09-14,0.2463269978761673,93.06999969482422,11056.650390625,0.018717889146415922,0.018717889146415922,0.017148820005289167,-0.17798115456508756,0.2876005918185256,0.7213627471786197,-0.058483816485185414,0.24273228645324707,0.2690609673659007,0.23748756713337368,0.21574008862177532,0.2141161696612835,35.537345579498975,-0.0027858366134089207,0.01871282571991184,0.25219398736953735,1
2020-09-15,0.2438499927520752,93.05000305175781,11190.3203125,-0.010055759804848297,0.010055759804848297,0.02997635041044555,-0.19651923277473704,0.26057801188438523,0.4775473601695137,-0.0655369699007412,0.24374614230224065,0.26707290013631185,0.23804764482710097,0.2161779385473993,0.21415393963456153,26.659827834226917,-0.00021485594855463752,0.012089549470456262,0.2507070004940033,1
2020-09-16,0.24784700572490692,93.20999908447266,11050.4697265625,0.016391277800428483,0.016391277800428483,0.03438102305190194,-0.2126016916768575,0.29792053894733694,0.5799717741594586,-0.13040101954849137,0.2449229998247964,0.26484223355849584,0.23867975605858696,0.21668337749110328,0.21423720963299275,35.07013236538337,0.0017194629496770641,-0.012497460486567302,0.2517159879207611,0
2020-09-17,0.25219398736953735,92.97000122070312,10910.2802734375,0.01753897180204511,0.01753897180204511,0.03557665161314727,-0.16851905820938262,0.3501471249311443,0.5943582102403409,-0.19626103247590487,0.24616071156093053,0.2631384665767352,0.2394064669807752,0.21720568297637832,0.2143539495766163,53.99321483747662,-0.002574808133535389,-0.012686289053217337,0.24674299359321594,0
2020-09-18,0.2507070004940033,92.93000030517578,10793.2802734375,-0.005896202724909538,0.005896202724909538,0.03047776542608749,-0.13622584977574792,0.33001059840137814,0.6689988811282876,-0.1710548513061777,0.24721999679292953,0.26182049959897996,0.2400976558526357,0.21776397741503187,0.21441374957561493,45.8577361150994,-0.0004302561579232478,-0.010723830833645143,0.232137992978096,0
2020-09-19,0.2517159879207611,92.93000030517578,10793.2802734375,0.004024568220152069,0.004024568220152069,0.015745632907602003,-0.13964725503536113,0.3561553413771721,0.5990191410432015,-0.14518973918439992,0.2477774236883436,0.2604585990309715,0.24083216687043507,0.218287849591838,0.21450042448937892,65.48038958313184,0.0,0.0,0.23341700434684753,0
2020-09-20,0.24674299359321594,92.93000030517578,10793.2802734375,-0.019756370537379775,0.019756370537379775,0.020438294471124996,-0.12091621209104786,0.30364233371430216,0.5207111487279208,-0.14752471016809454,0.24848342367580958,0.25932729889949163,0.24147073345051873,0.21875722731153172,0.2145614894479513,56.364594343045546,0.0,0.0,0.22122099995613098,0
2020-09-21,0.232137992978096,93.54000091552734,10778.7998046875,-0.05919114623046984,0.05919114623046984,-0.05760231326817189,-0.18987527467818655,0.23032648612789353,0.4362041990016232,-0.16775833546933872,0.2464564229760851,0.25751369893550874,0.24195360011524625,0.21914892171820005,0.21452426940202712,41.69094389929819,0.0065640870369994,-0.0013416188946410168,0.23290500044822693,0
2020-09-22,0.23341700434684753,93.98999786376953,10963.6396484375,0.00550970288121766,0.00550970288121766,-0.04278445239010109,-0.1821007073438552,0.26669812316310026,0.33366668579484293,-0.13122916236145543,0.2449659960610526,0.2557813992102941,0.24249965565072165,0.21947335509790314,0.21447091445326805,47.03466845109756,0.0048107434663011706,0.01714846245401236,0.24192200601100922,1
2020-09-23,0.22122099995613098,94.38999938964844,10632.990234375,-0.0522498539677676,0.0522498539677676,-0.10742920089310648,-0.23509845230716442,0.20510433572900255,0.25554644245392044,-0.05953850783143022,0.24116228095122746,0.25351493259270985,0.24291800012191136,0.2197234995663166,0.21439166449010372,35.9826156890453,0.004255788221834811,-0.030158726906864608,0.24216000735759735,1
2020-09-24,0.23290500044822693,94.3499984741211,10672.26953125,0.05281596455315252,0.05281596455315252,-0.07648472163234588,-0.16199221011479803,0.2749971591935716,0.32495752800574595,-0.05492594919839766,0.23840671139104025,0.2520141988992691,0.2434761557314131,0.22004084404971863,0.21452166952192783,42.7576201043506,-0.0004237834069922286,0.003694096957600479,0.2427549958229065,1
2020-09-25,0.24192200601100922,94.58000183105469,10913.5595703125,0.038715379856289145,0.038715379856289145,-0.03504088224773849,-0.12818072241668044,0.3679425055210237,0.47667389642233515,-0.007637866030744234,0.23715171217918396,0.25082856565713885,0.24419916686084536,0.22047469408975706,0.21468537457287312,49.16597799079609,0.002437767468503882,0.022609065331040012,0.2418619990348816,0
2020-09-26,0.24216000735759735,94.58000183105469,10913.5595703125,0.0009837937048906564,0.0009837937048906564,-0.037963343695800233,-0.0844992561559238,0.3628076259812818,0.40650871544546563,-0.007626356469099926,0.235786572098732,0.2500835329294205,0.24491547809706793,0.22086352192693287,0.21483499959111213,46.36856943841758,0.0,0.0,0.24317699670791626,0
2020-09-27,0.2427549958229065,94.58000183105469,10913.5595703125,0.0024570054808039643,0.0024570054808039643,-0.01616255729183591,-0.10766930580765477,0.36410635315884465,0.3906439971915687,0.0007585389071240733,0.23521685813154494,0.2491071661313375,0.24563543366061316,0.2212423663172457,0.21500829458236695,50.658568508941315,0.0,0.0,0.241784006357193,0
2020-09-28,0.2418619990348816,94.26000213623047,11117.5302734375,-0.0036785928338890495,0.0036785928338890495,0.04188890380258914,-0.11889019933682865,0.3752316894580068,0.3795224043529142,0.0019636682483425982,0.23660600185394287,0.24801933268706003,0.24636867807971108,0.22161202745305167,0.21551942959427833,46.754945485995215,-0.003383375857782589,0.018689658659109654,0.2382490038871765,0
2020-09-29,0.24317699670791626,93.88999938964844,11085.25,0.00543697512747765,0.00543697512747765,0.04181354476885413,-0.14082053944147888,0.3740676880651106,0.361268507273784,-0.049841132989725034,0.23800028647695268,0.24669076601664225,0.2471042447619968,0.22197056636214257,0.2159385545551777,49.50247923177964,-0.0039253420135433315,-0.0029035471587268713,0.23411700129508972,0
2020-09-30,0.241784006357193,93.88999938964844,11167.509765625,-0.0057282981925975696,0.0057282981925975696,0.09295232552578536,-0.14189785644885644,0.36413089489108663,0.34723384412893377,-0.031178245266426652,0.24093785881996155,0.24535803298155467,0.24782135602500704,0.22231677199403446,0.21641101457178594,45.338373792119576,0.0,0.007420650470219448,0.2329380065202713,0
2020-10-01,0.2382490038871765,93.70999908447266,11326.509765625,-0.014620497539420074,0.014620497539420074,0.0229449922872631,-0.194277191158034,0.35110809299096335,0.3109909388686032,-0.060306273734604066,0.24170128788266862,0.24344313343365986,0.24850927823119692,0.22263075535496077,0.21683274962008,39.14262881868694,-0.001917140338118073,0.014237731001536469,0.2476850003004074,1
2020-10-02,0.23411700129508972,93.83999633789062,11075.01953125,-0.01734321035836739,0.01734321035836739,-0.03226248345330074,-0.15316447208707773,0.31538229435553555,0.30495634745388456,-0.05544661610596335,0.24058628720896585,0.24203166663646697,0.24913297825389438,0.2229347053501341,0.21729801960289477,37.59421871176596,0.0013872292678265286,-0.02220368318034316,0.2508159875869751,1
2020-10-03,0.2329380065202713,93.83999633789062,11075.01953125,-0.005035921220143957,0.005035921220143957,-0.03808226196371034,-0.05532483539710409,0.3159075240268667,0.1914621484786878,-0.08268652197104798,0.23926885851791926,0.24157693336407343,0.249754322734144,0.22314266090591747,0.21774008966982364,35.993686889737305,0.0,0.0,0.2453410029411316,1
2020-10-04,0.2476850003004074,93.83999633789062,11075.01953125,0.06330866310926697,0.06330866310926697,0.020308560327621183,-0.03203810990647693,0.3135119262157535,0.28940149062034304,-0.02277313023084193,0.23997314487184798,0.24130366643269857,0.2504111894302898,0.22345150535305341,0.21826301470398904,50.61322181388407,0.0,0.0,0.248539000749588,0
2020-10-05,0.2508159875869751,93.51000213623047,11332.490234375,0.012641004835860947,0.012641004835860947,0.03702106402751659,0.05521426547403219,0.3573248147747339,0.24865457129737267,-0.026732175764370814,0.2412522860935756,0.24174113273620607,0.25114484479029975,0.22372898865077231,0.21869190961122512,64.29424272703159,-0.003516562388514388,0.023247878019402535,0.2514539957046509,0
2020-10-06,0.2453410029411316,93.83000183105469,11154.599609375,-0.02182869082037664,0.02182869082037664,0.008898893655696183,0.019150014014077454,0.19858614707168742,0.23748974242532883,-0.11006767884041146,0.24156142984117782,0.24189479947090148,0.2515965003106329,0.2239905664490329,0.21913427464663982,58.57472102897595,0.0034220905519606326,-0.01569739936421055,0.25349101424217224,1
2020-10-07,0.248539000749588,93.62999725341797,11364.599609375,0.013034909656840954,0.013034909656840954,0.027938135752518356,0.02628276038513855,0.22487306364222537,0.32579589866727043,-0.10744853071653615,0.2425264290400914,0.24210696617762248,0.2521034891406695,0.22432987201544974,0.21958607465028762,72.56494585486297,-0.00213156318590757,0.01882631446703864,0.25429001450538635,1
2020-10-08,0.2514539957046509,93.61000061035156,11420.98046875,0.011728521263348224,0.011728521263348224,0.05542517115298251,0.062094223867046106,0.2658014853754058,0.337073222756213,-0.10713817830027494,0.24441285644258773,0.2425969993074735,0.2526901779903306,0.2246820442378521,0.22009227462112904,67.91725488751068,-0.00021357090305451631,0.004961095094673684,0.25571900606155396,0
2020-10-09,0.25349101424217224,93.05999755859375,11579.9404296875,0.008100959111081218,0.008100959111081218,0.08275354989133321,0.0579361000524381,0.25991449331370764,0.3332159328588411,-0.06829779647955936,0.24718057257788523,0.24305973301331202,0.2532712226112684,0.22503402208288512,0.22057263471186161,62.91675498189386,-0.005875473220507521,0.013918241202884873,0.2564460039138794,0
2020-10-10,0.25429001450538635,93.05999755859375,11579.9404296875,0.0031519865333402564,0.0031519865333402564,0.09166390793877133,0.04418350535170301,0.268039082241575,0.3545374239957977,-0.06200313018979786,0.25023085943290163,0.24341839998960496,0.2538684672779507,0.2254037888513671,0.2210328097641468,63.37555180265667,0.0,0.0,0.2563230097293854,0
2020-10-11,0.25571900606155396,93.05999755859375,11579.9404296875,0.005619534683448446,0.005619534683448446,0.03243638392071557,0.05107854756370567,0.2877703623621628,0.3797664360411046,-0.06395524966321287,0.25137857454163687,0.24383263339598973,0.2545034006237984,0.22579481113288138,0.2215032397955656,64.0370125365043,0.0,0.0,0.2494480013847351,0
2020-10-12,0.2564460039138794,93.06999969482422,11876.259765625,0.002842955881622755,0.002842955881622755,0.022446800066730166,0.0348325932881457,0.2899114560308971,0.41471837159337444,-0.07675193586607731,0.2521828625883375,0.24412036687135696,0.25514381180206935,0.22621245558063188,0.22191037483513354,65.84806059958352,0.0001074805124958722,0.02558902074986724,0.24593999981880188,0
2020-10-13,0.2563230097293854,93.52999877929688,11863.900390625,-0.0004796104545085056,0.0004796104545085056,0.04476221527018409,0.06005771865268916,0.300399345474091,0.3483304896829458,-0.13557125212607746,0.25375172070094515,0.24460443407297133,0.25580172306961485,0.22658033900790744,0.22231101490557192,64.66535851927114,0.004942506564746818,-0.0010406790726970039,0.24044300615787506,0
2020-10-14,0.2494480013847351,93.37999725341797,11768.73046875,-0.02682165893693511,0.02682165893693511,0.0036573762363474316,0.012670164194250377,0.2854963635186638,0.3114899124428874,-0.13596721953185387,0.25388157793453764,0.24470846752325695,0.2564172786143091,0.2269094834725062,0.2226793399453163,57.61798710078004,-0.0016037798336003828,-0.008021807225404909,0.24093100428581238,0
2020-10-15,0.24593999981880188,93.86000061035156,11713.8701171875,-0.0140630574166144,0.0140630574166144,-0.02192844806620431,0.008570871965748239,0.2658983828549475,0.26171607410485054,-0.13596125782043933,0.25309386423655916,0.24477813442548116,0.25699126753542156,0.2271929001642598,0.22308989495038986,57.64893168017034,0.005140323099720678,-0.004661535218957846,0.24222500622272491,0
2020-10-16,0.24044300615787506,93.68000030517578,11671.5595703125,-0.022350954155390568,0.022350954155390568,-0.05147325684622406,-0.02987326615214303,0.20618943023041303,0.2597938794679806,-0.20466067258622034,0.25122986308165957,0.24453133443991343,0.25744795650243757,0.2274683668381638,0.22343125499784947,56.12510636996288,-0.0019177530791101294,-0.003612004098706767,0.24596400558948517,1
2020-10-17,0.24093100428581238,93.68000030517578,11671.5595703125,0.002029579216028088,0.002029579216028088,-0.052534545037320024,-0.04465999844485369,0.20988775284494054,0.31304710444903106,-0.18329855612717805,0.2493214330502919,0.24415590167045592,0.2579123564892345,0.22778748356633716,0.22376309499144553,57.84412219844422,0.0,0.0,0.24357299506664276,0
2020-10-18,0.24222500622272491,93.68000030517578,11671.5595703125,0.005370840256729625,0.005370840256729625,-0.052768857687413795,-0.03383229927590814,0.24176555512275955,0.31409769553751743,-0.17335558202869816,0.24739371878760202,0.24387316852808,0.25843635648489,0.2281091335746977,0.22409760504961013,42.71922559682583,0.0,0.0,0.2516149878501892,1
2020-10-19,0.24596400558948517,93.43000030517578,11478.8798828125,0.0154360585022435,0.0154360585022435,-0.04087409499238803,-0.02285108061187846,0.23607453096516884,0.30852800355275023,-0.16389677083669962,0.2458962904555457,0.24368143578370413,0.25895831204122965,0.2284313225083881,0.2244342251121998,43.63323511066183,-0.0026686592568914147,-0.016508478266271776,0.25680699944496155,1
2020-10-20,0.24357299506664276,93.06999969482422,11516.490234375,-0.009720977332077663,0.009720977332077663,-0.04974198249389905,-0.012847369971523026,0.19784888683180202,0.2705217913293274,-0.16863326926222466,0.2440748597894396,0.24357576916615167,0.2594053230351872,0.22871944473849404,0.22475475512444973,47.47571753839006,-0.0038531586126048234,0.0032764827183890954,0.2548789978027344,1
2020-10-21,0.2516149878501892,92.61000061035156,11484.6904296875,0.03301676682731647,0.03301676682731647,0.008687126990092997,0.08390265902717187,0.21214668086686284,0.2992280003490133,-0.13714350363276084,0.2443844292845045,0.2442250023285548,0.259894622862339,0.22904138912757238,0.22510417006909847,53.858101066525926,-0.004942506564746818,-0.0027612409718876796,0.2564310133457184,0
2020-10-22,0.25680699944496155,92.94999694824219,11506.009765625,0.020634746916839752,0.020634746916839752,0.04418557222967401,0.10020690293564694,0.2585555026594011,0.31659441222100915,-0.06323710719097331,0.2459368578025273,0.24500466883182526,0.2604808227883445,0.22938446137640212,0.22549117505550384,56.351298215439975,0.00367127022621605,0.0018563265651803107,0.25321298837661743,0
2020-10-23,0.2548789978027344,92.7699966430664,11548.2802734375,-0.007507589927043146,0.007507589927043146,0.06003914139794375,0.15214648633392813,0.19045594064980698,0.2950839531897367,-0.08478548108015671,0.24799914232322148,0.2461266020933787,0.2609339005417294,0.229707094695833,0.2257880400121212,51.651103264414765,-0.0019365283602538197,0.0036737764588716804,0.2486879974603653,0
2020-10-24,0.2564310133457184,92.7699966430664,11548.2802734375,0.006089224912070534,0.006089224912070534,0.06433380836913205,0.10101119706410566,0.19280223367004456,0.29525001319049804,-0.1399694165485479,0.2502134293317795,0.2469108025232951,0.26139444510142007,0.2300318336321248,0.2261097300797701,52.50204266149912,0.0,0.0,0.2528989911079407,0
2020-10-25,0.25321298837661743,92.7699966430664,11548.2802734375,-0.012549281489452446,0.012549281489452446,0.04536270769579054,0.046671993804046075,0.1320727917905311,0.1750895484550532,-0.13784864244731787,0.25178314106804983,0.2472871686021487,0.2617226782772276,0.23024143916037348,0.2263714500516653,47.18892767526244,0.0,0.0,0.24586500227451324,0
2020-10-26,0.2486879974603653,93.05000305175781,11358.9404296875,-0.017870295458627394,0.017870295458627394,0.011074758131181417,0.02695734185838572,0.07995151688652014,0.09346090269855867,-0.16575645113818682,0.25217228276388987,0.24750476827224097,0.2619272448950344,0.23035952804817095,0.226623605042696,41.98089885598299,0.003018286286769367,-0.01639550125792366,0.24229499697685242,0
2020-10-27,0.2528989911079407,92.94000244140625,11431.349609375,0.01693283829770076,0.01693283829770076,0.038288300551324594,0.04178696817607164,0.04031274055114786,0.1886529549453504,-0.1456317424270417,0.2535045679126467,0.24784290144840876,0.2620361336403423,0.23058251688877743,0.22695078000426291,46.73654621713638,-0.001182166649584926,0.006374642083539106,0.23918400704860687,0
2020-10-28,0.24586500227451324,93.41000366210938,11004.8701171875,-0.027813431768200392,0.027813431768200392,-0.022852317442629833,0.01655077381153358,0.0054923357640659365,0.12140136217907327,-0.18575883920606884,0.25268314140183584,0.2479763348897298,0.2620510558287303,0.23073038914137417,0.22723979003727435,46.59533875565919,0.005057039039776612,-0.037307886361706455,0.23974399268627167,0
2020-10-29,0.24229499697685242,93.95999908447266,11185.58984375,-0.014520184917066192,0.014520184917066192,-0.05650937279542223,-0.003626986692837675,-0.06415123920603427,0.08208955124554351,-0.18296779082148207,0.250609998192106,0.24794693489869435,0.26186651123894583,0.23083250580562487,0.22750059001147746,46.54049766869833,0.005887971317855456,0.01642179549945344,0.23979699611663818,0
2020-10-30,0.23918400704860687,94.04000091552734,10911.58984375,-0.012839678767872953,0.012839678767872953,-0.061578203341315585,-0.010753396586311359,-0.17388582643651074,0.09010369297036047,-0.19292202108501466,0.24836785665580205,0.24786026825507482,0.2613071224755711,0.23094233920176824,0.22775785006582738,48.74838604165272,0.0008514456346766508,-0.024495802530529853,0.23542100191116333,0
2020-10-31,0.23974399268627167,94.04000091552734,10911.58984375,0.0023412336158035174,0.0023412336158035174,-0.06507411268912855,0.006274900522996951,-0.16483546545224026,0.09490642599016574,-0.18076012716005274,0.24598399656159536,0.24791010121504467,0.26078136695755855,0.2310577891767025,0.2280298950523138,48.821637875868355,0.0,0.0,0.23950999975204468,0
2020-11-01,0.23979699611663818,94.04000091552734,10911.58984375,0.0002210834556171104,0.0002210834556171104,-0.052983033556023296,0.02426135133342666,-0.2263115824336498,0.1077966977237459,-0.19059420656221848,0.2440674262387412,0.24809943437576293,0.2600020001331965,0.2311874224907822,0.22832253001630307,47.528793908986046,0.0,0.0,0.2377929985523224,0
2020-11-02,0.23542100191116333,94.05000305175781,10957.6103515625,-0.01824874488146777,0.01824874488146777,-0.053347952795013365,0.010659468705790376,-0.21655080020851203,0.09391290246930262,-0.1917180398393672,0.24217214116028377,0.24818220088879267,0.2592789779106776,0.23129970580339432,0.22854911506175996,39.40678638578559,0.00010636044378031784,0.0042175804325030875,0.2457759976387024,1
2020-11-03,0.23950999975204468,93.55000305175781,11160.5703125,0.017368874517084576,0.017368874517084576,-0.05294205127999663,-0.03300563432766457,-0.21034842987835434,0.09406762696025406,-0.20146566806594768,0.24025942810944148,0.24790970087051392,0.25857007801532744,0.23141411137249734,0.22879565507173538,46.052354589807585,-0.005316320933289487,0.018522283091455094,0.25844499468803406,1
2020-11-04,0.2377929985523224,93.41000366210938,11590.7802734375,-0.007168807989227366,0.007168807989227366,-0.0328310399915247,-0.05192248372977715,-0.21671434864015815,0.08172791570693194,-0.210658716874216,0.2391062847205571,0.2474756012360255,0.25783906678358715,0.23151392249597444,0.22900999508798123,34.68851043206628,-0.001496519348812675,0.03854730976029597,0.24958199262619019,1
2020-11-05,0.2457759976387024,92.52999877929688,11890.9296875,0.033571211663002254,0.033571211663002254,0.014366787202719333,0.0017730207847694857,-0.16591099900751294,0.13312000160483128,-0.20739411577008982,0.2396035705293928,0.24749010105927785,0.2572958668073018,0.23167433357901043,0.22928458005189895,38.49186929434392,-0.009420884790838135,0.02589553136041678,0.2539390027523041,1
2020-11-06,0.25844499468803406,92.2300033569336,11895.23046875,0.051546925538088706,0.051546925538088706,0.08052790768537044,0.039856899354104636,-0.12100114933080042,0.30411855723047254,-0.11621887750505588,0.2423551401921681,0.24782030085722606,0.25690056681632994,0.23200916134648852,0.2296593550592661,53.03913346280118,-0.0032421422924562293,0.0003616858700730141,0.25074800848960876,0
2020-11-07,0.24958199262619019,92.2300033569336,11895.23046875,-0.03429357211015949,0.03429357211015949,0.04103543880155747,-0.00744471398521529,-0.13535627732216948,0.28608080138734726,-0.09882910805669776,0.2437605687550136,0.2477579007546107,0.2564664446645313,0.23231759460435975,0.2299856249988079,44.80969444239928,0.0,0.0,0.25391098856925964,0
2020-11-08,0.2539390027523041,92.2300033569336,11895.23046875,0.017457229507096494,0.017457229507096494,0.05897491154888024,0.001767275701946014,-0.13819359843594414,0.28487577842292144,-0.093709429389082,0.2457808554172516,0.24777283370494843,0.2560140003760656,0.2326303834716479,0.23031547002494335,50.540849560744284,0.0,0.0,0.2562589943408966,0
2020-11-09,0.25074800848960876,92.7300033569336,11713.7802734375,-0.012565987217835417,0.012565987217835417,0.06510466973642859,-0.01392900158768351,-0.1184781851375527,0.24453050914371288,-0.1051233736853715,0.24797042778560094,0.24765476683775584,0.25563954479164547,0.2329040946231948,0.23061065509915352,51.565739541670794,0.005421229337539746,-0.01525402940188414,0.25490298867225647,0
2020-11-10,0.25391098856925964,92.75,11553.8603515625,0.01261417826886535,0.01261417826886535,0.060126879178838966,-0.007070328952628158,-0.1088653465909899,0.2499987529119505,-0.0769759209668448,0.2500277119023459,0.2475944995880127,0.25529488921165466,0.2331862168179618,0.23091188505291937,50.78163483839722,0.00021564372201554605,-0.013652289708527277,0.265190988779068,1
2020-11-11,0.2562589943408966,93.04000091552734,11786.4296875,0.009247357843264359,0.009247357843264359,0.07765575900465826,-0.0007292356680496104,-0.13951321683881657,0.2883098425156445,-0.0593169264369946,0.2526657113007137,0.24758826593557995,0.25483324461513096,0.23350481680697865,0.23121791005134582,58.65445291863167,0.0031266945070334007,0.020129145485651367,0.268341988325119,1
2020-11-12,0.25490298867225647,92.95999908447266,11709.58984375,-0.005291543706115842,0.005291543706115842,0.03713540427560802,-0.005539967163416537,-0.15137281523613277,0.27431108051895414,-0.0664125398621721,0.25396956716264996,0.2475409319003423,0.25432804458671143,0.2338096556564172,0.23150839999318124,60.899784763169926,-0.0008598648996932523,-0.006519348588783558,0.2696419954299927,1
2020-11-13,0.265190988779068,92.76000213623047,11829.2900390625,0.040360453050785505,0.040360453050785505,0.026102243145304183,0.06311129897590062,-0.11503005234732533,0.3176865027483353,-0.01923140511170951,0.25493328060422626,0.24806569814682006,0.2539450443453259,0.2341648556292057,0.23184446491301058,70.00137750928444,-0.0021514301873051256,0.010222407181613713,0.2855199873447418,1
2020-11-14,0.268341988325119,92.76000213623047,11829.2900390625,0.01188200081970403,0.01188200081970403,0.07516566199960795,0.09108721038798873,-0.11581860542669897,0.30786248773342795,0.025560469317060575,0.2576132799897875,0.24881243109703063,0.2535544885529412,0.23451577780975236,0.23210875488817692,71.15111508549919,0.0,0.0,0.30240800976753235,1
2020-11-15,0.2696419954299927,92.76000213623047,11829.2900390625,0.004844590714214281,0.004844590714214281,0.06183765592324364,0.12143829732749856,-0.14336003199446157,0.32159312163295484,0.021812413850739842,0.25985656465802875,0.24978573073943455,0.2530530995792813,0.23488030003176796,0.23231980487704276,71.67361539154103,0.0,0.0,0.29422199726104736,1
2020-11-16,0.2855199873447418,92.56999969482422,11924.1298828125,0.05888545621177754,0.05888545621177754,0.13867300109214642,0.1850695106306628,-0.05864358443413342,0.4155184478390299,0.0764062211038723,0.264823990208762,0.2512720301747322,0.2528554661406411,0.23534592770867876,0.2326835998147726,81.17431243020266,-0.0020483229520327217,0.008017374114323017,0.30376601219177246,1
2020-11-17,0.30240800976753235,92.41999816894531,11899.33984375,0.059148301944969006,0.059148301944969006,0.1910000881472056,0.2484590855556399,0.04190238462928586,0.5467728200395308,0.18288467947753229,0.27175213609422955,0.2532781302928925,0.2529905994733175,0.23593981108731693,0.2330993998795748,83.76094927700139,-0.0016204118653280197,-0.0020789809660017866,0.32806798815727234,1
2020-11-18,0.29422199726104736,92.31999969482422,11801.599609375,-0.02706943018069441,0.02706943018069441,0.1481431042753929,0.19619940550205928,0.00563617378251724,0.4685913674671476,0.14706429121829578,0.27717542222567965,0.25488673001527784,0.2530089216099845,0.23646136108371946,0.23345093987882137,78.32183124736181,-0.0010820003906328868,-0.008213920743371017,0.4583440124988556,1
2020-11-19,0.30376601219177246,92.29000091552734,11904.7099609375,0.032438142013757165,0.032438142013757165,0.19169262696382905,0.24712516717487754,0.08224259074922036,0.5275677781940802,0.20847066813241422,0.2841558541570391,0.25689316391944883,0.2532654106616974,0.23704419450627434,0.23387269996106624,78.65627759486745,-0.00032494345099698396,0.00873698100049003,0.44369998574256897,1
2020-11-20,0.32806798815727234,92.38999938964844,11854.9697265625,0.08000228791283481,0.08000228791283481,0.23710081427611218,0.3038491504830507,0.14490517206232667,0.6786896560558353,0.3458316377688688,0.2931382826396397,0.2594415972630183,0.25372676617569395,0.2377810666958491,0.2344182249158621,80.85714648004303,0.0010835244677549483,-0.00417819791815266,0.6139799952507019,1
2020-11-21,0.4583440124988556,92.38999938964844,11854.9697265625,0.3971006896263536,0.3971006896263536,0.7080592394788885,0.7847800624183809,0.6060494164295713,1.3227637667548104,0.9790328567385258,0.32028142895017353,0.2661594976981481,0.25564852191342247,0.2392311611937152,0.2356276299804449,94.56383950457217,0.0,0.0,0.6921030282974243,1
2020-11-22,0.44369998574256897,92.38999938964844,11854.9697265625,-0.031949859400253855,0.031949859400253855,0.6455151395649981,0.7408259980917458,0.5341527516514339,1.287408079098797,0.8785882268029113,0.3451468561376844,0.2724535306294759,0.25736502177185483,0.24061852221687635,0.23677007988095283,88.80353666568998,0.0,0.0,0.6354830265045166,1
2020-11-23,0.6139799952507019,92.51000213623047,11880.6298828125,0.3837728532335991,0.3837728532335991,1.150392345420539,1.3943281557092262,1.2091411427988707,2.103150115164537,1.751003580340675,0.3920697144099644,0.28437183002630867,0.26109894381629095,0.2429303165939119,0.23874539487063884,94.12395398758147,0.0012988716027144687,0.0021645062654613856,0.5330190062522888,0
2020-11-24,0.6921030282974243,92.2300033569336,12036.7900390625,0.12724035579501747,0.12724035579501747,1.2886398704500555,1.7332840733589143,1.4941458286189544,2.450250536652012,2.1657519892002672,0.4477404313428061,0.29900149802366893,0.2657057440943188,0.24566091671586038,0.24110677503049374,95.02921743291212,-0.003026686550980151,0.01314409739132727,0.5592679977416992,0
2020-11-25,0.6354830265045166,91.98999786376953,12094.400390625,-0.08180863177581099,0.08180863177581099,1.1598759862291557,1.5553425697828334,1.40248251481942,2.2038791640751207,1.8606676232512709,0.496492006949016,0.31189466565847396,0.2698276556200451,0.2480894446372986,0.2431996801495552,85.05905155044105,-0.0026022496414234153,0.004786188956984239,0.6256219744682312,0
2020-11-26,0.5330190062522888,91.98999786376953,12094.400390625,-0.16123801262770554,0.16123801262770554,0.7547025831046075,1.1076359534577547,0.9592973493892487,1.584710521352767,1.3681208717948379,0.529242434671947,0.3212319994966189,0.2727273556921217,0.2499049946665764,0.24487389519810676,71.66201077053088,0.0,0.0,0.6062459945678711,1
2020-11-27,0.5592679977416992,91.79000091552734,12205.849609375,0.049245882757483095,0.049245882757483095,0.7047320004705611,1.2746954327288322,1.03742843428831,1.7562911114667177,1.490394899008257,0.5622710074697223,0.33167876601219176,0.2758914778629939,0.251884783556064,0.2466999151557684,72.349499559084,-0.0021741162396630154,0.009214943705385448,0.6643369793891907,1
2020-11-28,0.6256219744682312,91.79000091552734,12205.849609375,0.1186443297211115,0.1186443297211115,0.3649615952380163,1.5820672414791948,1.2104128178817728,1.9756239239574382,1.7175316695881016,0.586167859179633,0.34445633192857106,0.2796980109479692,0.2541924111545086,0.24883983999490739,74.77298353765666,0.0,0.0,0.6129230260848999,0
2020-11-29,0.6062459945678711,91.79000091552734,12205.849609375,-0.03097074701832425,0.03097074701832425,0.366342154718053,1.534642688065135,1.1515938762692635,1.9899093586939092,1.6768900147666734,0.6093887175832476,0.3566917315125465,0.28330334424972536,0.25643397776616944,0.2508636699616909,72.76861796252713,0.0,0.0,0.6298930048942566,1
2020-11-30,0.6643369793891907,91.87000274658203,12198.740234375,0.09582081422694855,0.09582081422694855,0.0820173043552126,1.7710265935986986,1.2466891710679526,2.2619423185926006,1.9482453261976946,0.6165825724601746,0.3708448310693105,0.28739935523933835,0.258993277615971,0.25316970989108084,74.23972423404331,0.0008715745751906034,-0.000582456381777785,0.6314830183982849,0
2020-12-01,0.6129230260848999,91.30999755859375,12355.1103515625,-0.07739137651431383,0.07739137651431383,-0.11440493535667295,1.5560079400943447,1.2170324730512352,1.9901310028875172,1.79133005800623,0.6052711435726711,0.3832823654015859,0.2911378221379386,0.2612596166630586,0.25523977003991605,69.02845086387956,-0.006095626115665054,0.012818546356685445,0.5572620034217834,0
2020-12-02,0.6298930048942566,91.12000274658203,12349.3701171875,0.027686965715342682,0.027686965715342682,-0.008796492395726108,1.675602430457535,1.5545177747922008,2.086319000156392,1.8648428699092783,0.6044725690569196,0.396431432167689,0.29539685547351835,0.26362517782383493,0.2573890750855207,70.35092579389254,-0.0020807668063926865,-0.0004646040554606712,0.5844209790229797,0
2020-12-03,0.6314830183982849,90.70999908447266,12377.1796875,0.0025242596626315894,0.0025242596626315894,0.18472889520076707,1.6365622272641414,1.4678583495544903,2.108579276968514,1.918829834472644,0.6185388565063477,0.409497199455897,0.29957018891970316,0.2660048501359092,0.25954021520912646,70.06218637434384,-0.004499601072770587,0.0022519019228190995,0.6198509931564331,0
2020-12-04,0.5572620034217834,90.69999694824219,12464.23046875,-0.11753445906551563,0.11753445906551563,-0.0035868212163325808,1.3434752360850828,1.344471025450059,1.7390747289048285,1.4997398138892257,0.6182522858892169,0.42014616628487905,0.3031209667523702,0.2679704779552089,0.2613006452471018,63.2226501389049,-0.00011026497995170192,0.007033167769060933,0.6089339852333069,1
2020-12-05,0.5844209790229797,90.69999694824219,12464.23046875,0.048736456881019574,0.048736456881019574,-0.06585605545628681,1.3778602655988195,1.4276930550589828,1.868028291373062,1.5916099135527122,0.612366429397038,0.43143433233102163,0.306939744287067,0.27008520008789166,0.2632026101648808,58.25591955052823,0.0,0.0,0.5588359832763672,0
2020-12-06,0.6198509931564331,90.69999694824219,12464.23046875,0.06062413124300292,0.06062413124300292,0.022441383053193764,1.3983865267139262,1.5595274237261063,2.068371790730643,1.7133489934304302,0.6143100006239754,0.4434811989466349,0.31113615532716116,0.2724065222673946,0.265293330103159,61.229236972328756,0.0,0.0,0.5835899710655212,0
2020-12-07,0.6089339852333069,90.79000091552734,12519.9501953125,-0.01761231012559028,0.01761231012559028,-0.08339592085754854,1.4398153842185795,1.572022236593452,2.0005911620574848,1.6425412294992232,0.606395287173135,0.45545959870020547,0.3152714995874299,0.27466205548908973,0.26736045502126216,49.5963049538453,0.0009923260233020148,0.00447037036920972,0.572953999042511,0
2020-12-08,0.5588359832763672,90.97000122070312,12582.76953125,-0.0822716471273075,0.0822716471273075,-0.08824442957220657,1.2006701499945018,1.3322829114232637,1.9384581584365268,1.4787359116045469,0.5986685667719159,0.4656228313843409,0.31881846603420044,0.2767101442648305,0.26915291994810103,38.837725586927405,0.0019826005436793803,0.005017538804668709,0.5464829802513123,0
2020-12-09,0.5835899710655212,91.08999633789062,12338.9501953125,0.04429562256178521,0.04429562256178521,-0.07350936344579428,1.3273962356901658,1.3963780994726678,2.0090799331924427,1.6018046520971851,0.5920538476535252,0.47671756347020466,0.3225969100991885,0.27887484969364273,0.27107658982276917,45.408400430986056,0.001319062499475887,-0.019377239274069313,0.506401002407074,0
2020-12-10,0.572953999042511,90.79000091552734,12405.8095703125,-0.018225076766811177,0.018225076766811177,-0.0926850250133866,1.2565151759323152,1.3550054663886004,1.96704406871946,1.5802577889472529,0.583692559174129,0.4873523304859797,0.3262598211566607,0.28098511637912854,0.27296420484781264,54.21914904925285,-0.0032933959207822605,0.005418562676863692,0.51146399974823,0
2020-12-11,0.5464829802513123,90.9800033569336,12377.8701171875,-0.0462009495272494,0.0462009495272494,-0.019342828156745373,1.1325416563694777,1.2052143180644546,1.8519546201905732,1.4856065490039372,0.5821526987212045,0.4970264633496602,0.32957836538553237,0.282956594063176,0.2747099847346544,48.64989083789891,0.0020927683609457404,-0.002252126551407052,0.49771198630332947,0
2020-12-12,0.506401002407074,90.9800033569336,12377.8701171875,-0.07334533607214211,0.07334533607214211,-0.13349961657149545,0.9866420752648886,1.094288343063008,1.6228337057324405,1.2939503599721816,0.5710069877760751,0.5054097304741542,0.33251836548248925,0.2846972996162044,0.27627211473882196,36.67054959935598,0.0,0.0,0.46970999240875244,0
2020-12-13,0.51146399974823,90.9800033569336,12377.8701171875,0.009998000235169613,0.009998000235169613,-0.17485975598146586,0.9286628180806451,1.0763619260498256,1.673524844811209,1.3531165842640673,0.5555231315749032,0.5136188308397929,0.33546433216995664,0.2864759496516652,0.27784014970064164,39.05256493787234,0.0,0.0,0.5686280131340027,1
2020-12-14,0.49771198630332947,90.70999908447266,12440.0400390625,-0.026887549175836356,0.026887549175836356,-0.18265033916174644,0.8547674533152423,1.0410580319736091,1.5729128760859483,1.27680559015928,0.5396342745849064,0.5212644974390666,0.33828502098719276,0.2881663329071469,0.27932573460042476,28.55848380022806,-0.0029677320564789333,0.0050226671702324754,0.5766770243644714,1
2020-12-15,0.46970999240875244,90.47000122070312,12595.0595703125,-0.05626144168750491,0.05626144168750491,-0.15948506097456916,0.7419763997062674,0.8951610532269174,1.4597684555962833,1.266666685842167,0.5269019901752472,0.5279334306716919,0.34075016528367996,0.28971496067113345,0.28068254455924035,30.389564938045567,-0.0026457707660876295,0.012461337002391382,0.5842800140380859,1
2020-12-16,0.5686280131340027,90.44999694824219,12658.1904296875,0.21059381815145528,0.21059381815145528,-0.025637791383222308,0.9915523898067118,1.2547247024600856,2.0442100745377143,2.0954334140369055,0.5247645676136017,0.5373703648646673,0.34426609890328513,0.2918362829420302,0.28249458461999893,43.1485182728221,-0.00022111497945198622,0.005012350995449388,0.5791630148887634,0
2020-12-17,0.5766770243644714,89.81999969482422,12764.75,0.014155143687182292,0.014155143687182292,0.006497948051993996,0.9069502319325988,1.3002031184935543,2.0592945260723283,1.9395899734974513,0.5252964283738818,0.5465126653512319,0.34788798805740145,0.2939928219550186,0.28436343975365164,43.95813565959728,-0.006965143998605927,0.008418230939438498,0.5560579895973206,0
2020-12-18,0.5842800140380859,90.0199966430664,12755.6396484375,0.0131841383519542,0.0131841383519542,0.06916415543150478,0.9858474875339986,1.3211875370507427,2.147890876709487,2.061959388850824,0.5306960046291351,0.5561812659104665,0.3515831439031495,0.2962076553867923,0.2862335947901011,53.49129461964747,0.002226641604561319,-0.0007137117109617952,0.5169439911842346,0
2020-12-19,0.5791630148887634,90.0199966430664,12755.6396484375,-0.00875778569586494,0.00875778569586494,0.14368457435082083,0.9066090070772248,1.3472318563321797,2.0599508149574364,1.965261471828775,0.541090577840805,0.5653611660003662,0.3552766996953223,0.2983737165729205,0.28811558984220026,49.279517768421165,0.0,0.0,0.4484480023384094,0
2020-12-20,0.5560579895973206,90.0199966430664,12755.6396484375,-0.03989382038816913,0.03989382038816913,0.08718891235950554,0.6949474184319142,1.3953769155305347,1.9470956634365546,1.8650671885090264,0.5474611478192466,0.5729608327150345,0.3588758107688692,0.30041470544205773,0.28987756475806237,40.95306701010448,0.0,0.0,0.25860199332237244,0
2020-12-21,0.5169439911842346,90.04000091552734,12742.51953125,-0.07034158153434866,0.07034158153434866,0.03864083126417661,0.12785152000982092,1.214680085672243,1.8053311079277243,1.62437421372467,0.5502085770879473,0.5749141653378804,0.3620261106226179,0.30226288313666977,0.29143737472593784,37.9203401292391,0.00022222032000573932,-0.0010285738347199924,0.33781901001930237,0
2020-12-22,0.4484480023384094,90.6500015258789,12807.919921875,-0.13250176037236072,0.13250176037236072,-0.045266207689787286,0.010700961794926078,1.027149332239428,1.4429264494518868,1.348596156943735,0.5471711499350411,0.5750724325577418,0.36455085509353213,0.30373442760772174,0.2926591547578573,36.17253364914459,0.006774773480109575,0.00513245363011694,0.3180910050868988,0
2020-12-23,0.25860199332237244,90.41000366210938,12771.1103515625,-0.42334007070183066,0.42334007070183066,-0.5452176337618626,-0.5788103923210407,0.11033250821017804,0.4156707937282498,0.3454978834625544,0.5028817185333797,0.5632264991601308,0.3648363772365782,0.30415626648399563,0.29293645471334456,21.201979187589984,-0.002647521894426186,-0.002873969429620815,0.29471299052238464,1
2020-12-24,0.33781901001930237,90.33000183105469,12804.73046875,0.30632794310358724,0.30632794310358724,-0.4141972096224975,-0.5118949112961719,0.39639636587640203,0.9101899434374177,0.7712919082720555,0.46875914505549837,0.5514170318841934,0.365901899503337,0.3050505331820912,0.2936083047837019,31.42209528576268,-0.0008848780866516082,0.0026325132476352486,0.28303900361061096,0
2020-12-25,0.3180910050868988,90.33000183105469,12804.73046875,-0.05839814914878927,0.05839814914878927,-0.4555846555686496,-0.49945003749893546,0.3135571333922791,0.79012567854911,0.670698690041774,0.4307321437767574,0.5408372978369395,0.3667455772558848,0.3058305276764764,0.29417990483343603,31.76051137836278,0.0,0.0,0.2479580044746399,0
2020-12-26,0.29471299052238464,90.33000183105469,12804.73046875,-0.07349473638252535,0.07349473638252535,-0.49113982946754897,-0.44708727631582623,0.21403470821824944,0.6560724584358582,0.5421763951543896,0.39009642601013184,0.532893763979276,0.3673228883081012,0.3064791609843572,0.2946434047818184,32.631100138494986,0.0,0.0,0.22096200287342072,0
2020-12-27,0.28303900361061096,90.33000183105469,12804.73046875,-0.03961137543031712,0.03961137543031712,-0.49099013249395307,-0.4939116760595803,0.17024999685788078,0.6093648802670906,0.46483838206931205,0.3510937137263162,0.5236861308415731,0.3677804105811649,0.30707454433043796,0.29504390977323053,31.458982145624333,0.0,0.0,0.21182799339294434,0
2020-12-28,0.2479580044746399,90.33999633789062,12899.419921875,-0.12394404547944748,0.12394404547944748,-0.5203387432618988,-0.6036616126129517,0.019660608657266154,0.40108269514875317,0.2583442863809373,0.3126671441963741,0.5110973318417867,0.36783353288968407,0.30746888882584045,0.2953327997773886,30.406167710247573,0.00011064437765240243,0.0073948806151047375,0.2198459953069687,0
2020-12-29,0.22096200287342072,90.01000213623047,12850.2197265625,-0.10887328141883079,0.10887328141883079,-0.507273972185793,-0.6355241851438189,-0.08611820027918415,0.24665439727783345,0.1362033308126953,0.28016914427280426,0.49825453211863835,0.3676021772954199,0.3077117666602135,0.2954678948223591,30.454238289616768,-0.003652802911635167,-0.0038141401404465647,0.23744399845600128,1
2020-12-30,0.21182799339294434,89.62999725341797,12870.0,-0.04133746690243778,0.04133746690243778,-0.1808725421196571,-0.6811437569112821,-0.11089662522469101,0.2012747651644975,0.09815752106795439,0.27348714428288595,0.48317089925209683,0.36730861051215064,0.3079089443716738,0.2955615048110485,17.358172362012866,-0.004221807285787693,0.0015392945691514726,0.2216549962759018,1
2020-12-31,0.2198459953069687,89.94000244140625,12888.2802734375,0.037851474612002,0.037851474612002,-0.3492195856757526,-0.641315489954335,-0.06095672637688254,0.23520089575750913,0.14106716152871424,0.2566338564668383,0.4700683315594991,0.36715004377894933,0.30814151101642184,0.29570264980196953,17.353483188094103,0.0034587213822150353,0.0014203786664723772,0.2258480042219162,1
2021-01-01,0.23744399845600128,89.94000244140625,12888.2802734375,0.08004695798284023,0.08004695798284023,-0.25353438274328344,-0.6230407440453125,0.019344168017243923,0.34136266026679785,0.2627111915096749,0.2451128555195672,0.4569866980115573,0.36720011035601297,0.3084772165450785,0.2959244997799397,18.837849751920018,0.0,0.0,0.23667700588703156,0
2021-01-02,0.2216549962759018,89.94000244140625,12888.2802734375,-0.06649568859507393,0.06649568859507393,-0.2478953985604303,-0.6489929422993589,-0.1050931788074968,0.17547078248818182,0.14537959342953943,0.2346759991986411,0.44332576394081114,0.366910888089074,0.3086610387596819,0.2960762397944927,18.483394915093,0.0,0.0,0.22675000131130219,1
2021-01-03,0.2258480042219162,89.94000244140625,12888.2802734375,0.018916821260348327,0.018916821260348327,-0.20206048869284077,-0.5947184576821486,-0.09954701693966295,0.22220717844572868,0.16203858285664507,0.22650585642882756,0.4322786306341489,0.3666334660516845,0.3088891554209921,0.2962382648140192,19.88575184851196,0.0,0.0,0.2508949935436249,1
2021-01-04,0.23667700588703156,89.87999725341797,12698.4501953125,0.047948184011734174,0.047948184011734174,-0.045495601610078706,-0.5950230837320347,-0.03531410139453506,0.1562591543439127,0.2103949881826812,0.22489428520202637,0.42068716486295066,0.36653719941775004,0.3090668498641915,0.29646686486899854,23.05006188696747,-0.0006671690722642731,-0.01472889121725851,0.32600200176239014,1
2021-01-05,0.22675000131130219,89.44000244140625,12818.9599609375,-0.041943257387951016,0.041943257387951016,0.02619454187875525,-0.6341862740968831,-0.08766833121792028,0.11749048619892988,0.023655854809097487,0.22572114212172373,0.40758379846811293,0.3662950994239913,0.3091992942823304,0.29666666485369203,25.975929070678873,-0.004895358538687389,0.009490116019786887,0.32322999835014343,1
2021-01-06,0.2508949935436249,89.52999877929688,12740.7900390625,0.10648287582223359,0.10648287582223359,0.18442793855961526,-0.5879766943086664,-0.0022230792533620702,0.2629875083543929,0.1728613953163083,0.2313021421432495,0.39564916541179024,0.3662888882888688,0.3094895331395997,0.29697863981127737,48.69685219589607,0.0010062202083411798,-0.006097992513683037,0.32691600918769836,1
2021-01-07,0.32600200176239014,89.83000183105469,13067.48046875,0.2993563448913774,0.2993563448913774,0.48286531809322675,-0.4166409975050428,0.2860495380358714,0.620312452090793,0.5596242152110245,0.24646728592259542,0.38788803269465766,0.36709456592798234,0.31018289426962536,0.29768059983849526,47.973743437622424,0.0033508662554253554,0.025641300789502663,0.31833600997924805,0
2021-01-08,0.32322999835014343,90.0999984741211,13201.98046875,-0.008503025739906689,0.008503025739906689,0.3612894006669889,-0.44613510448099614,0.27110771132264344,0.6118142556957535,0.5775089252864924,0.25872242876461576,0.37920936693747836,0.36786056574847964,0.31086451651321517,0.2983503898233175,50.935583647589084,0.00300563995951153,0.010292726308001487,0.28890499472618103,0
2021-01-09,0.32691600918769836,90.0999984741211,13201.98046875,0.011403678050828647,0.011403678050828647,0.4748867143999518,-0.4294201458860183,0.2784188951094493,0.6463099638057312,0.5398341083636882,0.2737597163234438,0.37100810060898465,0.36865164356099234,0.31157752209239536,0.29904156990349295,56.31557967753286,0.0,0.0,0.2921229898929596,0
2021-01-10,0.31833600997924805,90.0999984741211,13201.98046875,-0.026245270856478986,0.026245270856478986,0.4095143814795634,-0.4174822977417262,0.2413373775407035,0.6012153040891044,0.5026410486541539,0.28697228857449125,0.36340320159991585,0.369339310295052,0.31224156104856066,0.2997118899226189,57.007405051300736,0.0,0.0,0.3055799901485443,0
2021-01-11,0.28890499472618103,90.54000091552734,13036.4296875,-0.0924526736858503,0.0924526736858503,0.22067200251839614,-0.4294936357690249,0.12711299321584235,0.4656969986532249,0.3397995119303683,0.29443342983722687,0.3561533346772194,0.36970133235057195,0.3127515277100934,0.3002385649085045,58.31562722007303,0.0048834899984224744,-0.012539844430301206,0.2954379916191101,1
2021-01-12,0.2921229898929596,90.05000305175781,13072.4296875,0.011138593051423396,0.011138593051423396,0.28830424786594677,-0.4288493617600492,0.1710776926306372,0.5054161152745118,0.3739399803132568,0.30377242820603506,0.34884196768204373,0.3701754988895522,0.31329638875193067,0.30078582488000394,65.9964773491379,-0.005411948959738733,0.002761492284541589,0.28040599822998047,0
2021-01-13,0.3055799901485443,90.31999969482422,13128.9501953125,0.04606621430417257,0.04606621430417257,0.21795969633571421,-0.38603047835317905,0.24249813114451757,0.5728763749161392,0.3020746333647797,0.3115845705781664,0.34243756781021756,0.3708381654487716,0.31391471649209657,0.30142946980893615,70.67298296148672,0.0029982968785822184,0.004323642135673156,0.2801879942417145,0
2021-01-14,0.2954379916191101,90.23999786376953,13112.6396484375,-0.03318934111001215,0.03318934111001215,-0.09375405665624381,-0.371020424530349,0.22872358127616033,0.4820733964101642,0.26854586562600713,0.3072182834148407,0.3366285011172295,0.3714492208427853,0.31444858867261144,0.3020181997865439,66.51388585692078,-0.0008857598685230172,-0.001242334431341141,0.2773840129375458,0
2021-01-15,0.28040599822998047,90.77999877929688,12998.5,-0.05088036683010444,0.05088036683010444,-0.13248770330337123,-0.5068726975223782,0.1638435620238381,0.4081200719200726,0.2267624795615404,0.30110056911196026,0.3270211006204287,0.3718878318866094,0.314900094187922,0.30253043480217456,59.49192992159554,0.005984052840322107,-0.008704551600417165,0.2847689986228943,0
2021-01-16,0.2801879942417145,90.77999877929688,12998.5,-0.0007774583626674048,0.0007774583626674048,-0.14293584172304963,-0.5141335922815783,0.1567261308441572,0.4363826659926966,0.1734345000051798,0.29442513840539114,0.31713813294967014,0.37230964286459817,0.3153729996747441,0.30305202476680276,63.88768662687169,0.0,0.0,0.2943139970302582,1
2021-01-17,0.2773840129375458,90.77999877929688,12998.5,-0.010007499827953903,0.010007499827953903,-0.12864393520661355,-0.52525500398262,0.12774229819830119,0.3939735322950466,0.1401560896122762,0.2885748531137194,0.30690826624631884,0.3726587540573544,0.315808533049292,0.3035540648549795,62.30869335680909,0.0,0.0,0.2965179979801178,1
2021-01-18,0.2847689986228943,90.77999877929688,12998.5,0.026623688968733905,0.026623688968733905,-0.014316111451125213,-0.5083094201421197,0.16913206468139097,0.40044354223797063,0.20877387642457146,0.2879839965275356,0.2970951323707898,0.37311648743020165,0.3162609052326944,0.3040916898846626,61.678256515440786,0.0,0.0,0.26894599199295044,0
2021-01-19,0.2943139970302582,90.5,13197.1796875,0.033518390181242586,0.033518390181242586,0.007500289991217102,-0.47071348216147213,0.16969978436058764,0.4178477112233714,0.2615475117573005,0.28829699754714966,0.28837033261855444,0.37359092086553575,0.3167427718639374,0.30468157984316346,66.43716983048643,-0.00308436641398957,0.015284816517290523,0.27279898524284363,0
2021-01-20,0.2965179979801178,90.47000122070312,13457.25,0.007488603913163638,0.007488603913163638,-0.029655057466365542,-0.42640208023147097,0.15463363000612862,0.4531705085998121,0.25025507445648354,0.28700242723737446,0.2810227995117505,0.374032154182593,0.3172564884854688,0.30527424983680246,62.425851743096864,-0.0003314782242748171,0.0197065068945248,0.271820992231369,0
2021-01-21,0.26894599199295044,90.12999725341797,13530.91015625,-0.09298594410790584,0.09298594410790584,-0.08967025358171998,-0.4002738542918127,0.05519087218438967,0.256158242311358,0.1393313112120418,0.28321785586220877,0.2750393991669019,0.37418845411803986,0.31756117732988465,0.3057338947802782,29.030617229645216,-0.0037581956747818612,0.005473641067082813,0.2735089957714081,0
2021-01-22,0.27279898524284363,90.23999786376953,13543.0595703125,0.01432627131321662,0.01432627131321662,-0.027128567274434023,0.054899004211360625,0.06382992323575953,0.26893870868064607,0.20651991029409467,0.28213113972118925,0.2755126322309176,0.3743703204724524,0.31788238278693626,0.306155054718256,31.611564590071595,0.0012204661456083343,0.0008979007267215788,0.269089013338089,0
2021-01-23,0.271820992231369,90.23999786376953,13543.0595703125,-0.0035850317060527326,0.0035850317060527326,-0.029862100383670764,-0.1953650204118541,0.07348755675627072,0.2152660553294674,0.2187041606282405,0.2809358537197113,0.27331269830465316,0.3745770760708385,0.31814987717403304,0.30659022465348246,29.50623365981191,0.0,0.0,0.26882699131965637,0
2021-01-24,0.2735089957714081,90.23999786376953,13543.0595703125,0.006209982261422553,0.006209982261422553,-0.013969864827826917,-0.1401548883889736,0.09980778551646274,0.18773908625210867,0.24081436360841346,0.2803822798388345,0.27182663132747015,0.3748528649409612,0.31839005491799777,0.30693430960178375,32.424496301203874,0.0,0.0,0.2519429922103882,0
2021-01-25,0.269089013338089,90.38999938964844,13635.990234375,-0.016160281751804617,0.016160281751804617,-0.05506212179216019,-0.08694553008632788,0.06401774146753403,0.1069112126211329,0.16647312928850222,0.27814228194100515,0.2709724987546603,0.3750327540768517,0.318534443858597,0.3072652046382427,40.335170227660164,0.0016622509910224625,0.006861866299858299,0.26412200927734375,0
2021-01-26,0.26882699131965637,90.16999816894531,13626.0595703125,-0.000973737333911151,0.000973737333911151,-0.08659800746065605,-0.050212204359320944,0.0933926700942398,0.09939794976036587,0.16263585221053023,0.2745012811252049,0.27049876501162845,0.37528788728846446,0.3186694715585974,0.3076160795986652,38.30051863723471,-0.0024339110763210714,-0.0007282686399603389,0.2821879982948303,1
2021-01-27,0.2519429922103882,90.6500015258789,13270.599609375,-0.06280619005697907,0.06280619005697907,-0.15032816245008662,0.01607122038343345,0.03981920945093842,-0.026886481385578143,0.05641788431731043,0.2681334231581007,0.27063159793615343,0.37539508723550374,0.3186307992372248,0.3078698095679283,23.95932596553662,0.005323315589230049,-0.026086775791876904,0.44024398922920227,1
2021-01-28,0.26412200927734375,90.45999908447266,13337.16015625,0.04834036843059053,0.04834036843059053,-0.01793662244177685,0.195327729847957,0.10426283319046914,-0.08775282216197855,0.12044288426748317,0.26744428277015686,0.27207026481628416,0.3756721761491564,0.31848964931236373,0.30818772964179514,35.091032400497156,-0.0020960004214892747,0.005015639747580014,0.49231401085853577,1
2021-01-29,0.2821879982948303,90.58000183105469,13070.6904296875,0.06840016501054325,0.06840016501054325,0.03441733129479441,0.3321563112358197,0.1770388702256276,-0.016978879803392855,0.1582075158627807,0.2687855703490121,0.2744155983130137,0.37614377621147366,0.3184625715845161,0.308605794608593,50.82455739715993,0.0013265835484916888,-0.019979495142946724,0.37150898575782776,1
2021-01-30,0.44024398922920227,90.58000183105469,13070.6904296875,0.5601088348528376,0.5601088348528376,0.61960997057385,1.002510842257982,0.8359028526573615,0.42041677287802215,0.8402310108812678,0.29284599849155973,0.2817621981104215,0.3783709650238355,0.319186482578516,0.30981296956539156,80.09748499997983,0.0,0.0,0.369269996881485,0
2021-01-31,0.49231401085853577,90.58000183105469,13070.6904296875,0.11827537207378991,0.11827537207378991,0.7999920239186553,1.0733899953666857,1.09120684587143,0.6383543299964534,1.0389472302465887,0.3241038577897208,0.290257865190506,0.3812253317899174,0.3202521548502975,0.3112889846414328,84.09833606963993,0.0,0.0,0.3934899866580963,0
2021-02-01,0.37150898575782776,91.0199966430664,13403.3896484375,-0.24538205786595169,0.24538205786595169,0.38061744383096086,0.6760686291744915,0.5511209809295499,0.22484511803964624,0.48168570551382306,0.33873528242111206,0.29525299817323686,0.38269198718998165,0.3206310326026546,0.31217628955841065,60.119414551054675,0.004857527082328561,0.025453836623223758,0.44644901156425476,1
2021-02-02,0.369269996881485,91.19999694824219,13612.7802734375,-0.0060267421843795965,0.0060267421843795965,0.3736343775182678,0.6350376801144704,0.5529052542740585,0.21636840359417664,0.45023902534029103,0.353084283215659,0.30003373126188915,0.38415284272697237,0.32099595475527976,0.3130512345582247,58.8963047969825,0.0019775907692201056,0.015622214267598356,0.45004698634147644,1
2021-02-03,0.3934899866580963,91.12000274658203,13610.5400390625,0.06558883738497867,0.06558883738497867,0.5618215184548874,0.6625611143902728,0.6010106374851854,0.335385363198363,0.4748057852748997,0.37330528242247446,0.30526083062092463,0.3857941092716323,0.3215449880394671,0.314021979495883,60.937709672153765,-0.0008771294335191415,-0.0001645684665440017,0.43909600377082825,1
2021-02-04,0.44644901156425476,91.52999877929688,13777.740234375,0.13458798623044643,0.13458798623044643,0.6903135516262746,0.9689041189963683,0.7274430565125014,0.518420461270978,0.6090108343668681,0.3993519970348903,0.3125841309626897,0.3878830427924792,0.3223918048044046,0.3152585495263338,68.93652202981013,0.004499517343684811,0.012284611399153267,0.41795799136161804,0
2021-02-05,0.45004698634147644,91.04000091552734,13856.2998046875,0.008059094508049647,0.008059094508049647,0.594848076675702,0.7937663083070792,0.8032029538907135,0.559128114795727,0.5947012153718294,0.42333185247012545,0.3192225307226181,0.3901104316115379,0.3232884381380346,0.3165334594249725,68.9196105130381,-0.005353412764169785,0.005701919834175451,0.44770199060440063,0
2021-02-06,0.43909600377082825,91.04000091552734,13856.2998046875,-0.02433297611805152,0.02433297611805152,-0.00260761188445513,0.3469119864204633,0.729139671384506,0.4901836379975353,0.5722204034140286,0.4231678545475006,0.322992330789566,0.39216773162285484,0.32409086599946024,0.3177339994162321,67.48286542647364,0.0,0.0,0.47199100255966187,1
2021-02-07,0.41795799136161804,91.04000091552734,13856.2998046875,-0.048139842375433006,0.048139842375433006,-0.15103372615223742,0.29306683629302,0.6668447094722934,0.4693599733878846,0.5075511696511488,0.41254556604794096,0.3261499305566152,0.39402562032143273,0.32483258255653913,0.31880707934498786,64.5073676858162,0.0,0.0,0.503445029258728,1
2021-02-08,0.44770199060440063,90.93000030517578,13987.6396484375,0.07116504495076881,0.07116504495076881,0.20509061090716152,0.36947098955729984,0.7632241642124928,0.5712701544578913,0.5850271015577224,0.42343028102602276,0.33017612993717194,0.39617885367737876,0.3257368714445167,0.3200076992809773,67.07022794513175,-0.0012082667975105155,0.009478709727799739,0.5247870087623596,1
2021-02-09,0.47199100255966187,90.44000244140625,14007.7001953125,0.05425263336995867,0.05425263336995867,0.27817317016184395,0.4826817820278342,0.8418514588088213,0.5848888368511356,0.7220920472883507,0.4381047104086195,0.3352979630231857,0.3985758759909206,0.32670456030302575,0.3213474092632532,68.56402993771717,-0.005388737073848238,0.0014341624018918697,0.6085919737815857,1
2021-02-10,0.503445029258728,90.37000274658203,13972.5302734375,0.06664115741293242,0.06664115741293242,0.2794354274030655,0.7425971805571732,0.9750456119839239,0.6760773974781467,0.7971130126770591,0.45381257363728117,0.34244929750760394,0.40133745421965916,0.3278327494031853,0.3227941244095564,72.38486460976154,-0.0007739904128106767,-0.00251075632577924,0.6289960145950317,1
2021-02-11,0.5247870087623596,90.41999816894531,14025.76953125,0.0423918764975304,0.0423918764975304,0.17546907971332826,0.7964591179716918,0.9789021157108866,0.7512689017504306,0.7240443113165078,0.46500371609415325,0.35020476480325063,0.4042218544416957,0.3290834493935108,0.3243431494385004,72.82806429685739,0.0005532302848709758,0.003810280369455299,0.5941929817199707,1
2021-02-12,0.6085919737815857,90.4800033569336,14095.4697265625,0.15969329198310178,0.15969329198310178,0.35228541075000575,0.9915962870662618,1.267971470212947,1.0052981773853435,0.8628124009686171,0.4876530000141689,0.36030516425768533,0.4080024098356565,0.33077844919429883,0.32626774929463864,75.63368612233243,0.0006636273966313944,0.004969438229909917,0.5489150285720825,0
2021-02-13,0.6289960145950317,90.4800033569336,14095.4697265625,0.03352663474455997,0.03352663474455997,0.43247947873220816,1.1290288738692662,1.332707906244294,0.9982908261713788,0.8785982293171855,0.5147815729890551,0.3714237650235494,0.4119952322708236,0.3325241659250524,0.328261344358325,68.91234474462215,0.0,0.0,0.5208460092544556,0
2021-02-14,0.5941929817199707,90.4800033569336,14095.4697265625,-0.055331086473526137,0.055331086473526137,0.4216571856521194,1.119045189727474,1.081090669853987,0.9590480534413175,0.9403106882096621,0.5399580001831055,0.38188333113988243,0.4154249322083261,0.3341401991744836,0.3300168142467737,60.57381918570026,0.0,0.0,0.5355370044708252,0
2021-02-15,0.5489150285720825,90.4800033569336,14095.4697265625,-0.07620075386421621,0.07620075386421621,0.22607234296868683,0.9590954639496108,0.8151471219100497,0.8912061147710657,0.8605145328675683,0.55441700560706,0.3908408989508947,0.41816389908393226,0.33557724927862487,0.33153877936303616,71.83598832481147,0.0,0.0,0.5324329733848572,0
2021-02-16,0.5208460092544556,90.51000213623047,14047.5,-0.05113545422621091,0.05113545422621091,0.1035083432307975,0.8777073838488534,0.7702483638309916,0.7802257912477599,0.8175048235911853,0.5613962922777448,0.398956298828125,0.4206819436616368,0.3368454326358106,0.33284848935902117,67.54132675630481,0.00033155148302244086,-0.0034032017018987837,0.567018985748291,1
2021-02-17,0.5355370044708252,90.94999694824219,13965.490234375,0.028206024343737424,0.028206024343737424,0.06374474539822028,0.8806014947575482,0.7629918522047552,0.9079848695998407,0.7976287631166006,0.5659808601651873,0.4073152323563894,0.4232571769091818,0.3382612937854396,0.3340785294026136,66.80930259853105,0.004861283854014964,-0.005838032790532077,0.5175120234489441,0
2021-02-18,0.5324329733848572,90.58999633789062,13865.3603515625,-0.0057961094379186395,0.0057961094379186395,0.014569653011284656,0.8090643963838329,0.6229348568127118,0.8581065114851052,0.9179724860831344,0.567073140825544,0.41525253156820935,0.42552789896726606,0.33962733257148003,0.3353053843230009,61.53620577683759,-0.003958225645201874,-0.007169807943156803,0.5485600233078003,1
2021-02-19,0.567018985748291,90.36000061035156,13874.4599609375,0.06495843438012261,0.06495843438012261,-0.0683101155195559,0.9122582427064374,0.23710350803307767,0.9868493671394998,1.0815980756432126,0.5611341425350734,0.42426923116048176,0.42673539867003757,0.34119196029173005,0.33659077920019626,64.48899580546136,-0.0025388645196673387,0.0006562836554027118,0.571740984916687,0
2021-02-20,0.5175120234489441,90.36000061035156,13874.4599609375,-0.08731094292021446,0.08731094292021446,-0.17724117253408145,0.9242228508930856,0.16635573603376286,0.7893678618406308,0.882286360205121,0.5452078580856323,0.43255476554234823,0.42755553242233063,0.34246027709709276,0.33767587430775164,58.86629688788584,0.0,0.0,0.47356298565864563,0
2021-02-21,0.5485600233078003,90.36000061035156,13874.4599609375,0.05999474109207692,0.05999474109207692,-0.0767982117191619,1.0108580052798812,-0.10655065710437217,0.9737557023973471,0.9882495664960447,0.5386888640267509,0.44174680014451345,0.4268286438451873,0.3439637938307391,0.3389021194726229,64.44316420431007,0.0,0.0,0.4718320071697235,0
2021-02-22,0.571740984916687,90.01000213623047,13533.0498046875,0.0422578398424045,0.0422578398424045,0.04158377008547687,1.1033731803540459,-0.17390769648390114,1.060394672868901,1.0223513992473494,0.5419497149331229,0.45174413323402407,0.4254912878076235,0.3455985159509712,0.3402429043501616,63.919418060049445,-0.0038733783948314837,-0.024607095138204582,0.4345239996910095,0
2021-02-23,0.47356298565864563,90.16999816894531,13465.2001953125,-0.1717176166273049,0.1717176166273049,-0.09078119589222033,0.7314347717266223,-0.2547983724073867,0.7903338803062268,0.7498734408613399,0.5351949972765786,0.45841259956359864,0.4236921762426694,0.3467599159313573,0.3411373993009329,50.151312268970315,0.0017775361506233711,-0.0050136229714826674,0.4278999865055084,0
2021-02-24,0.4718320071697235,90.18000030517578,13597.9697265625,-0.0036552233627690223,0.0036552233627690223,-0.11895536026319953,0.7534421094216286,-0.1147932782224359,0.7343831836403276,0.861916530167365,0.5260942833764213,0.46517069935798644,0.4230123206973076,0.3478698381947147,0.342026449367404,46.77238272013117,0.00011092532365064578,0.009860197347546285,0.4378089904785156,0
2021-02-25,0.4345239996910095,90.12999725341797,13119.4296875,-0.07907053127341968,0.07907053127341968,-0.183889763760135,0.6163704305060886,-0.22304869678651518,0.5829826772245126,0.882270424992067,0.512107287134443,0.4706939329703649,0.42162627627452215,0.348758877068758,0.34275580443441866,41.07531482345841,-0.0005544805010933018,-0.03519202121238085,0.41495299339294434,0
2021-02-26,0.4278999865055084,90.93000030517578,13192.349609375,-0.01524429764572599,0.01524429764572599,-0.2453515715336907,0.6984000338782399,-0.3160406699761199,0.5118324699946142,0.8046019549934846,0.49223314438547405,0.47655916611353555,0.4194293652971586,0.3495636881225639,0.34342200942337514,28.916344895220817,0.00887610203191791,0.005558162482053319,0.44724398851394653,1
2021-02-27,0.4378089904785156,90.93000030517578,13192.349609375,0.023157289753454213,0.023157289753454213,-0.1540119443781226,0.6576013171957595,-0.2778360691841213,0.5538034912059846,0.8527990063538164,0.48084699681827,0.4823487321535746,0.41755784302949905,0.3504305936396122,0.34418880932033064,27.131667161213045,0.0,0.0,0.43683698773384094,0
2021-02-28,0.41495299339294434,90.93000030517578,13192.349609375,-0.05220540825484232,0.05220540825484232,-0.24355954542441793,0.47048420166828286,-0.3753877832083602,0.4033095035825256,0.7948336781586971,0.46176027825900484,0.48677423199017844,0.414786909851763,0.3510931325455507,0.3448389243334532,27.929911431890005,0.0,0.0,0.45027899742126465,1
2021-03-01,0.44724398851394653,91.04000091552734,13588.830078125,0.07781844120937298,0.07781844120937298,-0.21775069426041227,0.01590027224903201,-0.27030969717232345,0.6177470966395486,0.9543448046390075,0.4439749930586134,0.4870075652996699,0.41294603165653015,0.3520419268972344,0.34558610923588273,37.06748368951596,0.001209728472257643,0.030053817590480314,0.4866049885749817,1
2021-03-02,0.43683698773384094,90.79000091552734,13358.7900390625,-0.023269179793080852,0.023269179793080852,-0.07755250945916958,-0.11268625694391599,-0.3064901747763098,0.7715831755269493,0.8297067040152191,0.4387284219264984,0.4851583311955134,0.4108009647991922,0.3530989101363553,0.3462684392184019,38.81135698815523,-0.002746045666585206,-0.016928612525136666,0.4581190049648285,1
2021-03-03,0.45027899742126465,90.94999694824219,12997.75,0.03077122602908733,0.03077122602908733,-0.045679414327451484,0.21202720441002731,-0.28694995066792506,0.7597065178944025,0.9211411654224608,0.4356494205338614,0.4877839982509613,0.40878758678833643,0.3541788878540198,0.3470215291529894,38.607109381919486,0.0017622649091468823,-0.027026402691170515,0.4651060104370117,1
2021-03-04,0.4866049885749817,91.62999725341797,12723.4697265625,0.08067440711593243,0.08067440711593243,0.11985756579845308,0.31774851107428215,-0.1267931680483202,1.047208116735752,1.074809127518689,0.4430895618030003,0.49169516464074453,0.4080025088455942,0.3555617377989822,0.3479370940476656,44.37547037748414,0.007476639120315154,-0.02110213486468815,0.46686699986457825,0
2021-03-05,0.4581190049648285,91.9800033569336,12920.150390625,-0.05854026218180408,0.05854026218180408,0.07062168593672302,0.16424564918570184,-0.21611471626035683,0.903032859297672,0.9121595146085888,0.44740656444004606,0.49384946525096896,0.4065991535782814,0.3567694489326742,0.3486538540571928,36.4313935734582,0.0038197764270102574,0.0154580997392475,0.47359699010849,1
2021-03-06,0.4651060104370117,91.9800033569336,12920.150390625,0.01525150757000282,0.01525150757000282,0.062349153517064604,0.04178976409285151,-0.24964868077636215,0.920544778981963,0.9054849959109836,0.4513061387198312,0.4944713652133942,0.40487976488139893,0.35800796010428004,0.3494628491252661,42.69651357283691,0.0,0.0,0.48598799109458923,1
2021-03-07,0.46686699986457825,91.9800033569336,12920.150390625,0.0037862108595669852,0.0037862108595669852,0.1251081623659318,0.03737390546670505,-0.23330441199516416,0.9719581010465297,0.969313051613919,0.45872242535863605,0.4950320323308309,0.4033012428217464,0.3592863712045882,0.35034595407545566,37.60299507577372,0.0,0.0,0.4631659984588623,0
2021-03-08,0.47359699010849,92.30999755859375,12609.16015625,0.014415219421942238,0.014415219421942238,0.058923098512975836,0.07857276322575779,-0.15252953589018092,0.9765408813792733,1.2889697814029608,0.46248713987214224,0.49618206520875296,0.40235414289765886,0.36058630446592965,0.35125107400119304,34.32384681119417,0.0035876732943747047,-0.02407017139681733,0.4529600143432617,0
2021-03-09,0.48598799109458923,91.95999908447266,13073.8203125,0.02616359741488372,0.02616359741488372,0.11251566314410932,0.16276755353174122,-0.1672441008414347,0.9955979989502552,1.3232894039200596,0.4695087117808206,0.49844973186651864,0.4012696764535374,0.3619332932763629,0.35227760396897795,52.733787003898904,-0.003791555447706818,0.03685099962979543,0.44113099575042725,0
2021-03-10,0.4631659984588623,91.79000091552734,13068.830078125,-0.046959992950288854,0.046959992950288854,0.028620035825346335,0.03454085123361894,-0.1916174784836484,0.9037452571040083,1.1823261496119106,0.4713497119290488,0.49896519879500073,0.40004980978038573,0.36315481546852324,0.35316070400178434,48.2552127366836,-0.0018486099460391925,-0.00038169672335397475,0.45992401242256165,0
2021-03-11,0.4529600143432617,91.41999816894531,13398.669921875,-0.02203526197855621,0.02203526197855621,-0.06914227149674113,-0.04032065889644698,-0.17113609991118472,0.8278225402026012,1.1766877769316997,0.4665432870388031,0.4983308325211207,0.39901066571474075,0.3642945155501366,0.3539985740929842,54.16655777843215,-0.004030970071811413,0.025238666489519668,0.442111998796463,0
2021-03-12,0.44113099575042725,91.68000030517578,13319.8603515625,-0.02611492895236045,0.02611492895236045,-0.037082087907934436,-0.12377524831271436,-0.12888996338158698,0.8243555952151322,2.15917217263172,0.46411642857960295,0.496253698070844,0.39828544341855576,0.3654019044505225,0.35475815407931804,52.921488280394016,0.002844040050733465,-0.005881895051674801,0.4375549852848053,0
2021-03-13,0.45992401242256165,91.68000030517578,13319.8603515625,0.04260189570257866,0.04260189570257866,-0.011141541709127956,-0.12359870815546425,-0.10076953089765672,0.8671279087880295,1.886214163321779,0.4633761431489672,0.49409159819285076,0.397712776892715,0.3665885545313358,0.3556681390851736,54.69878599534995,0.0,0.0,0.4625999927520752,0
2021-03-14,0.442111998796463,91.68000030517578,13319.8603515625,-0.03872816627311382,0.03872816627311382,-0.05302366857219676,-0.27354940938618066,-0.11171116838038364,0.8130490544896709,2.001602189426197,0.45983971442495075,0.48854226569334663,0.39709499925374986,0.3676900101204713,0.3564912440627813,55.89687608992605,0.0,0.0,0.4724169969558716,1
2021-03-15,0.4375549852848053,91.83000183105469,13459.7099609375,-0.010307373525403118,0.010307373525403118,-0.07610268978995904,-0.30435968570243244,-0.06845714939776093,0.7654237298733444,1.8430754746137463,0.4546908565929958,0.48216089804967244,0.3967377213968171,0.3687439433402485,0.3573564640432596,47.60823239657014,0.0016361422925348368,0.010499329999251517,0.4729189872741699,1
2021-03-16,0.4625999927520752,91.87000274658203,13471.5703125,0.05723853757709563,0.05723853757709563,-0.048124642524267625,-0.2214650677747524,-0.18646288598683747,0.8343022273335645,2.2793856449500547,0.4513497139726366,0.47777446508407595,0.39555963228146235,0.36991286559237374,0.35830923400819303,55.93106469946774,0.0004355974597598511,0.0008811743787140447,0.47117099165916443,0
2021-03-17,0.4724169969558716,91.4000015258789,13525.2001953125,0.02122136696413146,0.02122136696413146,0.019973397286914496,-0.13936224667633668,-0.1807944880819553,0.884339073200995,2.2687790221532653,0.4526712851864951,0.4752245306968689,0.3944011875324779,0.3711445877949397,0.35929883398115636,55.183037787582165,-0.00511593781051245,0.003980967442432259,0.5269910097122192,1
2021-03-18,0.4729189872741699,91.8499984741211,13116.169921875,0.001062600036690009,0.001062600036690009,0.04406343230946419,-0.09201764269805746,-0.1905953037727165,0.8787800933131127,2.3048148767535417,0.4555225670337677,0.473626963297526,0.39316384279065664,0.37237349334690306,0.36024825893342494,46.14995092136049,0.004923380095511076,-0.030242086440928184,0.5198349952697754,1
2021-03-19,0.47117099165916443,91.91999816894531,13215.240234375,-0.0036961840442919502,0.0036961840442919502,0.0680976766496193,-0.12018966434497291,-0.18646222298974047,0.9095617865281465,1.8549414624025071,0.45981399502073017,0.47148142953713734,0.39196393142143887,0.37362031555838054,0.36119528390467165,54.32184924369217,0.0007621088294731404,0.0075532959004116496,0.5499420166015625,1
2021-03-20,0.5269910097122192,91.91999816894531,13215.240234375,0.11847082914950313,0.11847082914950313,0.14582190857223365,-0.01022093661487855,-0.052273288809591034,1.2701626862171795,2.359455233868197,0.4693949946335384,0.47130003074804944,0.39164096497827106,0.37525838787357013,0.36235175900161265,65.48417636001696,0.0,0.0,0.5565950274467468,1
2021-03-21,0.5198349952697754,91.91999816894531,13215.240234375,-0.01357900668239409,0.01357900668239409,0.1757993374640212,-0.08321412803532013,0.005592489969596048,1.227065661837229,2.286371738372089,0.48049827984401156,0.46972723106543224,0.3916730872458882,0.37684959893425307,0.36356862895190717,62.90466695448405,0.0,0.0,0.48883700370788574,0
2021-03-22,0.5499420166015625,91.80000305175781,13377.5400390625,0.05791649582222269,0.05791649582222269,0.2568523616377134,0.06266519748949917,0.22632281498393936,1.4859394755046682,2.6610569652417677,0.49655357003211975,0.4708082308371862,0.3928007985154788,0.37867582680450546,0.36508543901145457,66.69801533468723,-0.0013054299344844589,0.012281260257784199,0.5174980163574219,0
2021-03-23,0.5565950274467468,92.33999633789062,13227.7001953125,0.01209765874282076,0.01209765874282076,0.20318857796663892,0.01464744749443403,1.1523230362454986,1.3897942353130106,2.5357551582181723,0.5099814321313586,0.4710760643084844,0.3961118322279718,0.380474104732275,0.36658899910748005,65.84061440626121,0.005882279609820573,-0.011200851824211822,0.5670549869537354,0
2021-03-24,0.48883700370788574,92.52999877929688,12961.8896484375,-0.12173666741092826,0.12173666741092826,0.03475744280544579,-0.1450026907217118,0.44703817490896824,1.0206388487273048,2.012769970177474,0.5123271473816463,0.468312598268191,0.39778980993562274,0.3818458547194799,0.36784472413361075,54.79288741063581,0.002057639689642121,-0.02009499330572939,0.5504429936408997,1
2021-03-25,0.5174980163574219,92.87999725341797,12977.6796875,0.058631021040017384,0.058631021040017384,0.0942635637029472,0.09277547449716761,0.6268866710520387,1.1370085919812238,2.2016854050154113,0.5186955801078251,0.46977709929148354,0.4000054433941841,0.3833755103250345,0.3692285592108965,61.27269206463562,0.003782540567799142,0.0012181895920093666,0.5507559776306152,1
2021-03-26,0.5670549869537354,92.7699966430664,13138.73046875,0.09576262909206168,0.09576262909206168,0.2035014824595387,0.20181543078267472,0.9240922700713636,1.335914797681077,2.239962517856039,0.5323932937213353,0.4729511986176173,0.4030314655767547,0.385177176942428,0.3708529641479254,69.43354763102775,-0.001184330465163863,0.012409828654125432,0.5678709745407104,0
2021-03-27,0.5504429936408997,92.7699966430664,13138.73046875,-0.029295207158086423,0.029295207158086423,0.04450167744130429,0.26677236247553715,0.9447602154442571,1.2758556360129738,2.12405577488831,0.5357435771397182,0.4768151650826136,0.40600262102153567,0.3868915158013503,0.3724214141070843,64.06425568024855,0.0,0.0,0.5668590068817139,1
2021-03-28,0.5507559776306152,92.7699966430664,13138.73046875,0.0005686038215244604,0.0005686038215244604,0.059482302350177374,0.2871137999522355,1.2211663575754588,1.264835840094435,2.1331584862990574,0.5401608603341239,0.48091036478678384,0.4093670429454909,0.3886002879175875,0.37397714897990225,67.85110339358741,0.0,0.0,0.573868989944458,1
2021-03-29,0.5678709745407104,92.94000244140625,13059.650390625,0.031075462827884204,0.031075462827884204,0.03260154234066759,0.2970747218325507,1.5699937869680625,1.3486705473056881,2.4662421102858207,0.5427221400397164,0.4852457642555237,0.4132215870751275,0.3904118821852737,0.3755988538265228,70.56339176687256,0.0018325515197972209,-0.0060188523018330775,0.5792919993400574,1
2021-03-30,0.5668590068817139,93.30000305175781,13045.3896484375,-0.0017820380057548268,0.0017820380057548268,0.018440659597788178,0.3660800522167109,1.676034445693782,1.3792712566813146,2.292418687576812,0.5441884228161403,0.49030929803848267,0.4171663761138916,0.39223749331302116,0.3772166888415813,67.80190840867766,0.003873473218149792,-0.0010919696746045648,0.6165689826011658,1
2021-03-31,0.573868989944458,93.2300033569336,13246.8701171875,0.012366360907460905,0.012366360907460905,0.1739475235949708,0.2831228695800858,1.6103226904050296,1.4512059644106423,2.287460525108357,0.5563358494213649,0.4945301314194997,0.421099964943197,0.3941250043610732,0.37884696379303934,67.49027651185469,-0.000750264657391142,0.015444572694241598,0.5909150242805481,1
2021-04-01,0.5792919993400574,92.93000030517578,13480.1103515625,0.00944990841223925,0.00944990841223925,0.11940912047855279,0.32610565406840597,1.4396994790643278,1.4868934356989305,2.304141597030086,0.5651635612760272,0.4992786318063736,0.424898276064131,0.396049193210072,0.3805344188213348,68.03268600723149,-0.00321788094986164,0.017607195685596322,0.6467289924621582,1
2021-04-02,0.6165689826011658,92.93000030517578,13480.1103515625,0.064349211284767,0.064349211284767,0.08731780301135084,0.3693043338291131,1.781660657148917,1.489327096325387,2.451461075427789,0.57223698922566,0.5048216313123703,0.4292862092455228,0.39809854866729844,0.38238562874495985,71.99840164013149,0.0,0.0,0.9204729795455933,1
2021-04-03,0.5909150242805481,92.93000030517578,13480.1103515625,-0.04160760441173894,0.04160760441173894,0.07352628902031544,0.21436285725519877,1.6164279215853523,1.355970326953888,2.2926111685771615,0.578018707888467,0.5082986325025558,0.43334250946839653,0.3999879877600405,0.3841209539026022,60.6430780351668,0.0,0.0,1.0962660312652588,1
2021-04-04,0.6467289924621582,92.93000030517578,13480.1103515625,0.09445345927625515,0.09445345927625515,0.17425687369645004,0.4117052238682175,1.732538338645575,1.636041202690191,2.5586963017189155,0.5917291385786874,0.5145856320858002,0.43789864265256456,0.4022179210351573,0.38611536383628847,68.18143309723715,0.0,0.0,0.917576014995575,1
2021-04-05,0.9204729795455933,92.5999984741211,13705.58984375,0.4232746486921297,0.4232746486921297,0.6209192242834114,0.979060598852981,3.059417747397883,2.7035353677671012,4.130669924324733,0.642100853579385,0.5297645310560862,0.4456066757440567,0.405950887584024,0.38945675879716873,81.26300890766314,-0.003551079629516618,0.016726828364677537,1.0527559518814087,1
2021-04-06,1.0962660312652588,92.33999633789062,13698.3798828125,0.1909812190320337,0.1909812190320337,0.9339306916825898,1.3481334760932926,3.3694217081882236,3.3597081374395605,4.607326603449067,0.71773042849132,0.5507444987694422,0.45499968727429707,0.41064428778158296,0.39368455395102503,85.42343558354216,-0.0028077984936806244,-0.0005260598791950732,1.0208369493484497,0
2021-04-07,0.917576014995575,92.45999908447266,13688.83984375,-0.1629987714418627,0.1629987714418627,0.5989294265305791,0.9374616692250932,1.814633069843416,2.6197575592126126,3.7767280217122714,0.7668314320700509,0.5655437995990117,0.4615727318657769,0.4143336488968796,0.39701385408639905,74.56464715145185,0.001299574954962246,-0.0006964355744338846,1.3744159936904907,1
2021-04-08,1.0527559518814087,92.05999755859375,13829.3095703125,0.1473228753548943,0.1473228753548943,0.8173148482643162,1.166218036602694,2.256987152352722,3.1399814850343217,4.2410077380789,0.8344691395759583,0.5844360649585724,0.4696785757939021,0.41876957077119087,0.40104391887784,77.3315625512459,-0.0043262116573618,0.010261623933502051,1.3605300188064575,1
2021-04-09,1.0208369493484497,92.16000366210938,13900.1904296875,-0.030319470030937046,0.030319470030937046,0.6556735388176167,1.2040412136149472,2.1226275883061376,2.992026111280617,4.149058813502072,0.8922217062541417,0.603025096654892,0.4773888084623549,0.4230202260116736,0.4049874136596918,73.5962356103279,0.0010863144271970882,0.005125408395453057,1.4677350521087646,1
2021-04-10,1.3744159936904907,92.16000366210938,13900.1904296875,0.346361918588187,0.346361918588187,1.3259114038670319,2.034298724321684,3.3175008500611893,4.359475182744715,6.331626352410907,1.0041504161698478,0.6337402959664663,0.4891230305035909,0.42923117039932146,0.41069240860641004,81.72731904227192,0.0,0.0,1.7940009832382202,1
2021-04-11,1.3605300188064575,92.16000366210938,13900.1904296875,-0.01010318196803539,0.01010318196803539,1.103709644478426,2.084185949101129,3.7092644420908796,4.307873141169986,6.234437662461351,1.1061219913618905,0.6643869300683339,0.501029975215594,0.43536565378308295,0.41638895370066165,80.85803610868984,0.0,0.0,1.8392360210418701,1
2021-04-12,1.4677350521087646,92.13999938964844,13850.0,0.07879652181166441,0.07879652181166441,0.5945444187110591,2.1912555388829373,4.024373647026465,4.883931897473933,6.719436377406945,1.1843022874423437,0.6979806313912074,0.5140923314624363,0.44213391517599426,0.42256310395896435,82.08790170839458,-0.00021706023943179886,-0.0036107728121699267,1.7660670280456543,1
2021-04-13,1.7940009832382202,91.8499984741211,13996.099609375,0.22229211645568725,0.22229211645568725,0.6364649930525244,3.0577975447893966,4.8708064699070945,6.294466067170707,8.556181257089644,1.2839787091527666,0.743043597539266,0.530630342496766,0.4507342539727688,0.4303234988451004,85.51909361073939,-0.003147394372133294,0.010548708258122819,1.55752694606781,0
2021-04-14,1.8392360210418701,91.69000244140625,13857.83984375,0.025214611489230876,0.025214611489230876,1.0044508476507419,3.203439757050667,5.22545533484767,6.6493637741088065,8.923846369012209,1.4156444243022375,0.7897662987311681,0.5477836539347967,0.459616437388791,0.43830887891352177,85.83259218480055,-0.0017419274400959361,-0.009878449674107004,1.5600550174713135,0
2021-04-15,1.7660670280456543,91.66999816894531,14038.759765625,-0.03978227490062303,0.03978227490062303,0.6775654650913805,2.817697915512412,5.298249820594707,6.330177505716943,8.74274284609461,1.5175460066114153,0.8332151999076207,0.5642909987105263,0.4680894152985679,0.4459254390746355,82.36522201850217,-0.00021817288611936103,0.013055420174782562,1.4059979915618896,0
2021-04-16,1.55752694606781,91.55999755859375,14052.33984375,-0.11808163487917933,0.11808163487917933,0.5257352773740247,2.296932489948702,4.558863970181935,5.430083212117539,7.1930259484045,1.5942160061427526,0.8693855315446853,0.5784836537308163,0.4753966482977072,0.4525037638098002,73.46910159172064,-0.001199963047330166,0.0009673274813244426,1.3150440454483032,0
2021-04-17,1.5600550174713135,91.55999755859375,14052.33984375,0.0016231317280808177,0.0016231317280808177,0.135067566612316,2.2987785634559175,4.624170625228379,5.342615106354428,7.202095855295733,1.62073586668287,0.9056233992179235,0.5927355537811915,0.4826971539192729,0.4590881539136171,74.45411187010227,0.0,0.0,1.3832989931106567,0
2021-04-18,1.4059979915618896,91.55999755859375,14052.33984375,-0.09875102107561196,0.09875102107561196,0.033419308745072485,1.984050411530768,3.937328144429739,4.7723886475066815,6.213020522972099,1.6272312913622176,0.936784299214681,0.6051936537027359,0.4891550705664688,0.4649092238396406,68.25349110509107,0.0,0.0,1.2964979410171509,0
2021-04-19,1.3150440454483032,91.06999969482422,13914.76953125,-0.06468995450878834,0.06468995450878834,-0.10403172319219534,1.4953823143328884,3.46816685144983,4.226413802627992,5.890133616940411,1.605418290410723,0.9630527337392171,0.6165350986851587,0.4950630097753472,0.47029319904744626,60.39986366034887,-0.005351658768404377,-0.009789850945085554,1.159682035446167,0
2021-04-20,1.3832989931106567,91.23999786376953,13786.26953125,0.05190316468760181,0.05190316468760181,-0.22893074974030136,1.6610347623725774,3.665143439972268,4.3865315045944575,6.538825245324252,1.5467465775353568,0.9918348670005799,0.628610443075498,0.5013212986290455,0.4760391090065241,58.020086330758886,0.0018666758484131574,-0.009234791831184364,1.169659972190857,0
2021-04-21,1.2964979410171509,91.16000366210938,13950.2197265625,-0.06274930620625574,0.06274930620625574,-0.29508887049595456,1.3575175234455203,3.8206628082084766,4.086719393100352,6.033646043105914,1.469212566103254,1.0167200644810994,0.6400276869535446,0.5071080705357922,0.4813569086790085,61.160688970834045,-0.0008767448874735795,0.01189228129776998,1.0487060546875,0
2021-04-22,1.159682035446167,91.33000183105469,13818.41015625,-0.10552728333964545,0.10552728333964545,-0.34335332859394263,1.083529277589749,3.251049667262606,3.5223938411953792,5.169506041998016,1.3825861385890417,1.0368229647477467,0.6498819430669148,0.5121261317696836,0.4859168938547373,53.146346848293256,0.0018648328446257967,-0.00944856589330434,1.032256007194519,0
2021-04-23,1.169659972190857,90.86000061035156,14016.8095703125,0.008604028035021694,0.008604028035021694,-0.24902745654332104,1.392740245355506,3.303052397054249,3.61927320430798,5.10116274469401,1.327176570892334,1.0595170636971791,0.6598579317331315,0.517217503901985,0.4905111137777567,54.43646858212451,-0.00514618648067644,0.014357615081555863,1.3685059547424316,1
2021-04-24,1.0487060546875,90.86000061035156,14016.8095703125,-0.10340946974256249,0.10340946974256249,-0.3277762367718652,1.0264928976330356,2.8342653108345366,3.216954840591524,4.415052108091339,1.254126719066075,1.0772239983081817,0.6684712323877546,0.521662048664358,0.4945279390364885,38.72698146832901,0.0,0.0,1.4009549617767334,1
2021-04-25,1.032256007194519,90.86000061035156,14016.8095703125,-0.015686042260796174,0.015686042260796174,-0.26581971426018147,0.8203807936508605,2.836113538747757,3.0816928635114182,4.292155174863703,1.2007350070135934,1.0927306989828744,0.6769508656528261,0.525991809864839,0.4984465240687132,38.658367421577815,0.0,0.0,1.3586009740829468,1
2021-04-26,1.3685059547424316,90.80999755859375,14138.7802734375,0.3257427859022859,0.3257427859022859,0.040654082636375266,1.4861901605658794,4.090656812489378,4.566086844741193,5.953613742640467,1.2083724226270403,1.1199994643529256,0.689169520801968,0.5322287040452163,0.5040317838639021,47.04015125633044,-0.0005503307442429328,0.008701745037853259,1.399359941482544,1
2021-04-27,1.4009549617767334,90.91000366210938,14090.2197265625,0.023711264771521634,0.023711264771521634,0.012763667691518599,1.5436945193109377,4.560603013743872,4.782021829821659,6.0763161953199285,1.2108947038650513,1.1483394304911296,0.7019363204638164,0.5386657038496601,0.5097691036015749,35.784295084305356,0.0011012675498762725,-0.0034345640809080313,1.5916739702224731,1
2021-04-28,1.3586009740829468,90.61000061035156,14051.0302734375,-0.030232226480765623,0.030232226480765623,0.04790060292504106,1.3924465855677384,4.143838553251105,4.680149734287428,5.304881180862639,1.2197665657315935,1.1746970971425374,0.7140971978505453,0.5448846869998508,0.5152906583994628,32.58006773790899,-0.0033000004363969992,-0.002781323065609853,1.6510250568389893,1
2021-04-29,1.399359941482544,90.61000061035156,14082.5498046875,0.030000690546471365,0.030000690546471365,0.20667553580250564,1.46862081133792,3.9589633504557877,4.836892619510773,5.15287187335035,1.254006266593933,1.2024471282958984,0.7265102194415198,0.5513269978264967,0.5210088630765677,36.38947071279844,0.0,0.0022432185139893424,1.5626410245895386,1
2021-04-30,1.5916739702224731,91.27999877929688,13962.6796875,0.1374299942702255,0.1374299942702255,0.36080058142124316,1.7735842119235672,2.6154360063137783,5.637589277591604,6.481041975398912,1.3142939805984497,1.2363739609718323,0.7393038858970006,0.558837425460418,0.5276850029081106,51.28283650509702,0.0073943070790440935,-0.008511961175354799,1.555994987487793,0
2021-05-01,1.6510250568389893,91.27999877929688,13962.6796875,0.03728846970351629,0.03728846970351629,0.5743449267401932,1.8500739846569165,2.3536016047152555,6.013074634105956,6.5303997340126925,1.4003395523343767,1.2720983962217967,0.7521784530745612,0.5667018924322393,0.5346585131436586,53.27762841392425,0.0,0.0,1.3923759460449219,0
2021-05-02,1.5626410245895386,91.27999877929688,13962.6796875,-0.05353282306851748,0.05353282306851748,0.5138115096433373,1.5344139401841264,3.2061998080664553,5.524324772273724,5.978755426871283,1.4761088405336653,1.3036341309547423,0.7654132535060246,0.5740526203480032,0.5412244782596827,55.924163394067094,0.0,0.0,1.6145119667053223,1
2021-05-03,1.555994987487793,90.94999694824219,13895.1201171875,-0.004253079880256805,0.004253079880256805,0.13700271606099723,1.6331958463609055,3.213705420500708,5.543485287458631,6.091594053607073,1.502892988068717,1.3358034630616507,0.7785990867349837,0.581375964730978,0.5477747531980276,59.73333952288388,-0.003615269888999295,-0.00483858197885767,1.6005810499191284,1
2021-05-04,1.3923759460449219,91.29000091552734,13633.5,-0.10515396434987212,0.10515396434987212,-0.006123691314766755,1.1529511778094492,2.5385295515912536,4.6652234531532795,5.358955457598079,1.5016674143927438,1.3606583615144094,0.7896978196170595,0.5877459644443459,0.5535344178974628,50.34043892983524,0.0037383615029547013,-0.018828201194453165,1.5817550420761108,1
2021-05-05,1.6145119667053223,91.30999755859375,13582.419921875,0.1595373873639394,0.1595373873639394,0.1883636163260629,0.7540025645319353,2.6163412279678777,5.247023544233003,6.458604795373118,1.5382261276245117,1.3837929944197336,0.8026762968964047,0.5952796698444419,0.5604023227095604,60.82814763521207,0.00021904527183558287,-0.0037466591942640903,1.5625979900360107,0
2021-05-06,1.6005810499191284,90.94999694824219,13632.83984375,-0.008628562112563465,0.008628562112563465,0.14379510408408702,0.46002977769165465,2.5564754314445644,5.413047003420589,6.437298489686584,1.5669720002583094,1.4006034950415294,0.8154600087139342,0.6027852201627361,0.5671941029280424,66.38329422960848,-0.003942619866138419,0.0037121457122524237,1.5352929830551147,0
2021-05-07,1.5817550420761108,90.2300033569336,13752.240234375,-0.011761983464672943,0.011761983464672943,-0.006231758721904512,0.7238408766425077,2.6022988788157044,5.228877899544162,6.2253642315903095,1.5655550105231149,1.4227427959442138,0.8281562202506595,0.6101619759367571,0.5738730581104755,65.2129377548689,-0.00791636740480961,0.008758291888812941,1.3890060186386108,0
2021-05-08,1.5625979900360107,90.2300033569336,13752.240234375,-0.012111263457681654,0.012111263457681654,-0.05355888842309808,0.4842927149862697,2.738648434368726,5.231746363404383,6.108307970125417,1.5529225724084037,1.4397375305493674,0.8408744424581528,0.6174500313897927,0.5804681830853223,70.51258161801863,0.0,0.0,1.4776819944381714,0
2021-05-09,1.5352929830551147,90.2300033569336,13752.240234375,-0.01747410860311338,0.01747410860311338,-0.01750116700129989,0.5039551458585205,2.429274417525951,5.046579518697477,6.078279425725954,1.5490157093320573,1.456886065006256,0.8529587868187163,0.6245688202480475,0.5868865730613471,69.90678609599836,0.0,0.0,1.247864007949829,0
2021-05-10,1.3890060186386108,90.20999908447266,13401.8603515625,-0.09528276754408405,0.09528276754408405,-0.10731973444129894,0.010615435948867269,1.942865459523318,4.420321039701115,6.0089518552989665,1.5251601423536028,1.4573723991711935,0.8631478425529268,0.6308618592719237,0.5925475681573152,50.95480750662691,-0.00022170311112368335,-0.02547802225972562,1.3589099645614624,0
2021-05-11,1.4776819944381714,90.13999938964844,13389.4296875,0.06384131861895992,0.06384131861895992,0.06126653411067862,0.08610760072349377,1.9351406977121393,4.797036755571794,6.614405284635405,1.5373467206954956,1.461277465025584,0.8739726977215873,0.6376550759706232,0.5986615831404924,53.39576736872861,-0.0007759638125999224,-0.0009275327257869392,1.4029170274734497,0
2021-05-12,1.247864007949829,90.70999908447266,13031.6796875,-0.15552601124825993,0.15552601124825993,-0.22709522525478631,-0.14980295240822683,1.3778485120901722,3.7055294514152255,5.3139187805049986,1.4849684408732824,1.453948430220286,0.8820068866014481,0.6431143705215719,0.603618748113513,45.796530555856975,0.006323493440024031,-0.026718837795905892,1.4858800172805786,1
2021-05-13,1.3589099645614624,90.75,13124.990234375,0.08898882883406145,0.08898882883406145,-0.15098959554086733,-0.24252551851527238,1.2328752647157883,4.064097396919591,5.744639450032667,1.4504440001079015,1.439445396264394,0.8903437531656689,0.6491730815006627,0.6091472329944372,48.542339091279864,0.0004409758122705387,0.007160285482193274,1.452605962753296,1
2021-05-14,1.4029170274734497,90.31999969482422,13429.98046875,0.032384090233813945,0.032384090233813945,-0.11306302799447998,-0.2372283864477922,1.2304068625565039,4.2028877224270875,5.906532658008256,1.4248957123075212,1.4249014298121134,0.8989428755309846,0.6554690539009042,0.6149183781445027,42.38385265633562,-0.004738295373837853,0.023237368480184983,1.4962999820709229,1
2021-05-15,1.4858800172805786,90.31999969482422,13429.98046875,0.05913606306179009,0.05913606306179009,-0.04909642354887722,-0.15865026995896814,1.5006690805729495,4.204119091972714,6.470074781115242,1.413936001913888,1.415561862786611,0.9088505092594359,0.662137720733881,0.6210832832753659,43.46116162124876,0.0,0.0,1.5907340049743652,1
2021-05-16,1.452605962753296,90.31999969482422,13429.98046875,-0.022393500242489317,0.022393500242489317,-0.053857485974617036,-0.06736383186140149,1.646322084735092,3.8034639157539045,6.261868068343673,1.4021235704421997,1.412064496676127,0.9188915196392271,0.6685277093615797,0.6271169880777597,45.444403612057314,0.0,0.0,1.0703129768371582,0
2021-05-17,1.4962999820709229,90.22000122070312,13379.0498046875,0.030079746633290938,0.030079746633290938,0.07724513932450261,-0.04086717114870142,1.8728260474007326,4.085615609982201,6.434846483716785,1.4174512795039587,1.4099393288294475,0.9297298971149657,0.6752059203883012,0.6333870130032301,47.602107640685915,-0.0011071576002986694,-0.0037923111043243196,1.1855369806289673,0
2021-05-18,1.5907340049743652,89.75,13303.6396484375,0.06311169152908969,0.06311169152908969,0.07650631933102581,0.13139137788330468,1.9703531066843856,4.236708325255654,6.7530219778623595,1.4336015667234148,1.4160971959431967,0.9414543082316716,0.6823557425704267,0.6401447629928589,58.436790341844684,-0.0052095013782295085,-0.005636435871819501,1.0069760084152222,0
2021-05-19,1.0703129768371582,90.19000244140625,13299.740234375,-0.3271577941439642,0.3271577941439642,-0.14228395881405165,-0.18610104312339992,1.0102304521690595,2.262473071051545,4.245912328777928,1.408237133707319,1.4079394936561584,0.947430752714475,0.6864793258408706,0.6442976079136133,31.538045423861192,0.004902534166086436,-0.0002931088157486217,0.9063169956207275,0
2021-05-20,1.1855369806289673,89.80999755859375,13535.740234375,0.10765449572731822,0.10765449572731822,-0.12758239210383948,-0.14296403992673878,1.0908241353936718,1.5865658725757377,4.877520107373285,1.3834695645741053,1.4013474265734354,0.9543031748798159,0.6905192867749267,0.649026307836175,36.825103082788786,-0.004213381445015263,0.017744707478573485,0.7970150113105774,0
2021-05-21,1.0069760084152222,90.0199966430664,13470.990234375,-0.15061611331517677,0.15061611331517677,-0.2822269680276731,-0.22331075387191746,0.9458021510384615,1.2694975000505435,4.150535270034337,1.3269065618515015,1.3916966954867045,0.9597416636016634,0.693648598011997,0.6528840828686953,33.43449377178227,0.002338259549953259,-0.004783631990481263,0.9928349852561951,0
2021-05-22,0.9063169956207275,90.0199966430664,13470.990234375,-0.09996167927864708,0.09996167927864708,-0.39004698557058004,-0.21847802421804507,0.652174706708782,0.4761344060577377,3.5238266626829677,1.2441118444715227,1.3832511941591898,0.963716741071807,0.6952726924584971,0.6562181178480386,31.934260771678694,0.0,0.0,0.976186990737915,1
2021-05-23,0.7970150113105774,90.0199966430664,13470.990234375,-0.12060017062274142,0.12060017062274142,-0.4513205702392268,-0.3185925565891503,0.3940141293643955,0.15158434326062253,3.0080008992131884,1.15045599426542,1.3708296954631805,0.966219785809517,0.6958555368085703,0.65901422791183,30.55490989330157,0.0,0.0,1.0337250232696533,1
2021-05-24,0.9928349852561951,89.83000183105469,13661.169921875,0.24569170111817562,0.24569170111817562,-0.336473302711611,-0.053276196110027985,1.096521508908325,0.5623312407214052,4.0802330007307575,1.0785324232918876,1.3689673264821371,0.9719894746939342,0.6978408254683017,0.6627495228499174,39.83081195372518,-0.002110584526736403,0.014117721428874797,0.9702349901199341,0
2021-05-25,0.976186990737915,89.63999938964844,13657.169921875,-0.01676813847769887,0.01676813847769887,-0.38632921174420587,-0.05431696794769858,1.0689291440687896,0.8314299852111948,3.947052235506413,0.9907399926866803,1.3670983592669168,0.9775934189558029,0.7003028698265552,0.6663382328301668,36.63300975784933,-0.002115133446881079,-0.00029280069151282895,0.9001479744911194,0
2021-05-26,1.0337250232696533,90.04000091552734,13738.0,0.058941609627725544,0.058941609627725544,-0.034184350147397624,-0.244632425830977,1.3789825740459358,0.8483536112271608,4.329166206386785,0.9855131421770368,1.3559389948844909,0.9842512081066768,0.7029387421905995,0.6702589479833841,43.7150709570479,0.004462310671602854,0.005918508635931463,0.8317880034446716,0
2021-05-27,0.9702349901199341,89.97000122070312,13736.2802734375,-0.06141868651771765,0.06141868651771765,-0.18160714851324866,-0.30744740795274905,1.2674340283192418,0.550832658882576,3.903718109085892,0.9547557149614606,1.341581662495931,0.9902771525912815,0.70485325894422,0.6738404279202223,38.26489382608339,-0.0007774288550917996,-0.00012518027096375395,0.9066089987754822,0
2021-05-28,0.9001479744911194,90.02999877929688,13748.740234375,-0.07223715526910757,0.07223715526910757,-0.10608796339867976,-0.3374449218993696,1.0560289853967535,0.4847899739655024,3.4873897455619103,0.9394945672580174,1.32629989584287,0.9954142524136438,0.7064860477215714,0.6770874277502298,35.0554506718688,0.0006668618181584485,0.0009070840642058098,1.0465840101242065,1
2021-05-29,0.8317880034446716,90.02999877929688,13748.740234375,-0.0759430371268609,0.0759430371268609,-0.08223280875916017,-0.4055939585040297,1.0045354936312045,0.2520573583145107,3.1935789659443996,0.9288475683757237,1.3073808312416078,1.0000457525253297,0.7074163311885463,0.6799768128246069,30.38718860105824,0.0,0.0,1.0110009908676147,1
2021-05-30,0.9066089987754822,90.02999877929688,13748.740234375,0.08995200101583034,0.08995200101583034,0.1375055499703739,-0.4304053369367078,1.0271015867376185,0.4791563706890365,3.396319437770563,0.9445038522992816,1.2845453321933746,1.0051498081949022,0.7090479199257161,0.6832285628467798,34.02638689094677,0.0,0.0,1.024399995803833,1
2021-05-31,1.0465840101242065,90.02999877929688,13748.740234375,0.15439402381598089,0.15439402381598089,0.05413691667416609,-0.36610046843990984,1.3958227886185233,0.6615266434017664,4.1579747386884325,0.9521822844232831,1.2643972973028819,1.0119247751103506,0.7113628699547715,0.6871869679540396,37.54484033256098,0.0,0.0,1.045320987701416,0
2021-06-01,1.0110009908676147,89.83000183105469,13736.48046875,-0.033999200171583865,0.033999200171583865,0.03566324941841659,-0.3530177597038475,1.2452768098392095,0.6009947400200122,3.808588665907088,0.9571557130132403,1.2460092961788178,1.0181550194819768,0.7134713031351566,0.6909160179644823,33.402901530666426,-0.0022214478613119537,-0.0008917010152208471,0.970196008682251,0
2021-06-02,1.024399995803833,89.9000015258789,13756.330078125,0.013253206532191086,0.013253206532191086,-0.009020800750595526,-0.3416431260760282,1.1051983022282181,0.8382735401187575,4.05217875572617,0.9558235662324088,1.2282894631226857,1.0241305195622974,0.7160665142039458,0.6946963080018759,48.14787404123895,0.0007792462807232337,0.0014450287626555092,0.9232860207557678,0
2021-06-03,1.045320987701416,90.5,13614.509765625,0.020422678624834045,0.020422678624834045,0.07738949671584239,-0.2492537732566582,1.281767349472151,0.7886438461688308,4.132601182958843,0.9665501373154777,1.2167209645112356,1.0306549860371483,0.7186270698077148,0.698574702963233,43.87790782163265,0.006674065227333381,-0.010309458387126047,0.945285975933075,0
2021-06-04,0.970196008682251,90.13999938964844,13814.490234375,-0.0718678567665223,0.0718678567665223,0.07781835451080354,-0.3990778460056287,1.0859674717397412,0.5652084442775114,3.7330790996203937,0.9765569993427822,1.1952437659104664,1.0362670971287622,0.7205734310050805,0.7019980830699205,48.234663989212066,-0.003977907296702332,0.014688774858050868,0.8611549735069275,0
2021-06-05,0.9232860207557678,90.13999938964844,13814.490234375,-0.04835104196130191,0.04835104196130191,0.11000160729918784,-0.42315572160346515,0.9776210805723702,0.5162333572201923,3.5238717786930884,0.9896281446729388,1.1726672649383545,1.0413384195831088,0.7223198312024276,0.7051024731248617,50.858774590530615,0.0,0.0,0.8757879734039307,0
2021-06-06,0.945285975933075,90.13999938964844,13814.490234375,0.023827887223180078,0.023827887223180078,0.04266114412037836,-0.4023815630185361,0.9959712491342736,0.6915266808536782,3.6533260752566505,0.9951534271240234,1.1514516294002533,1.046579408314493,0.724466775606076,0.7083577930182219,58.23108452124341,0.0,0.0,0.9200339913368225,0
2021-06-07,0.8611549735069275,89.94999694824219,13881.7197265625,-0.08900058243549336,0.08900058243549336,-0.17717549171735647,-0.4488953787230445,0.7719675985559866,0.4756164708153343,3.232780650968258,0.9686635647501264,1.1280701955159504,1.0507479303412968,0.726008803397417,0.7111447378247976,41.65513209844329,-0.0021078593598046202,0.004866592327830599,0.8691819906234741,0
2021-06-08,0.8757879734039307,90.08000183105469,13924.91015625,0.01699229563456206,0.01699229563456206,-0.1337417259578032,-0.42956296741408917,0.8908727676859398,0.5285484958085624,3.2979030101997537,0.9493474193981716,1.1060866951942443,1.0553326189517975,0.7276912143660916,0.713883337751031,43.62119047359371,0.0014453016923092754,0.0031113169361038917,0.8484500050544739,0
2021-06-09,0.9200339913368225,90.12000274658203,13911.75,0.05052138106089821,0.05052138106089821,-0.10188012972912586,-0.33763138604787046,1.0311594008375389,0.6835547026802637,3.5543305999330377,0.9344379901885986,1.0904542942841848,1.0605223298072814,0.7297664977610111,0.7161917876452207,42.652589753342255,0.00044405988803553065,-0.0009450801550839882,0.8326830267906189,0
2021-06-10,0.8691819906234741,90.08000183105469,14020.330078125,-0.055271871683196916,0.055271871683196916,-0.16850230613398343,-0.41179361060432673,0.9703489416899183,0.7163907387465558,3.2829926765954385,0.9092752763203212,1.070170960823695,1.0652784519725376,0.7317819476955467,0.7183191976696253,43.36088724299199,-0.0004438627863763145,0.007804918728772536,0.8831599950790405,0
2021-06-11,0.8484500050544739,90.55999755859375,14069.419921875,-0.023852295368118392,0.023852295368118392,-0.1254859868915933,-0.3200781498230485,0.8447612695528246,0.6588655418018208,3.4612997623398822,0.8918829900877816,1.056857160727183,1.0695954074462255,0.7336540921694703,0.7194915477186441,46.36793264267711,0.005328549264900007,0.003501332955533787,0.8928970098495483,1
2021-06-12,0.8326830267906189,90.55999755859375,14069.419921875,-0.01858327322756359,0.01858327322756359,-0.09813101458092544,-0.3872419450104361,0.883421008833476,0.6730218473845275,3.2934421611989713,0.8789397052356175,1.0393162628014883,1.0739350855350493,0.7355150423943997,0.7201944477111101,50.067897908603335,0.0,0.0,0.8898000121116638,1
2021-06-13,0.8831599950790405,90.55999755859375,14069.419921875,0.06061966758584392,0.06061966758584392,-0.06572188992088979,-0.37048308789184303,1.0183977437811391,0.8802239878910099,3.5734467854463006,0.8700645651136126,1.0219910283883413,1.078886252310541,0.737811986853679,0.7214328325539827,48.15289717600684,0.0,0.0,0.8319079875946045,0
2021-06-14,0.8928970098495483,90.5199966430664,14174.1396484375,0.011025199085966664,0.011025199085966664,0.03685984209480453,-0.3990786608169705,0.930170825419977,0.5702656028645718,3.6598006609898484,0.874599141733987,1.0022249281406403,1.0836673302782907,0.7396134812798765,0.7232322225719691,34.76877415580361,-0.00044170623460393355,0.007443073498693664,0.8414379954338074,0
2021-06-15,0.8898000121116638,90.54000091552734,14072.8603515625,-0.003468482595105127,0.003468482595105127,0.015999350451539662,-0.38744571141294193,0.8835055001096412,0.5429780874177716,3.608595662398722,0.8766008615493774,0.9834647297859191,1.0883049193355772,0.7413530534340276,0.7248848826438189,37.16164452476021,0.00022099285464860507,-0.0071453576292487275,0.797648012638092,0
2021-06-16,0.8319079875946045,91.12999725341797,14039.6796875,-0.06506183831091505,0.06506183831091505,-0.09578559550193322,-0.4440232589970231,0.7590919586240135,0.4238172924059269,3.348549799254502,0.8640114324433463,0.961318329970042,1.0922936860058043,0.7427287643982304,0.7259163127094507,31.366448159343335,0.00651641630135491,-0.0023577768295566237,0.7616729736328125,0
2021-06-17,0.8414379954338074,91.88999938964844,14161.349609375,0.011455603241361079,0.011455603241361079,-0.03191966180726513,-0.47103790275271873,0.7858442271048949,0.4528517426055212,3.3497981010249784,0.8600480045591082,0.93634179631869,1.0964077638255225,0.7441858476234807,0.7270922727137804,29.818717146900468,0.008339758138223408,0.008666146563395483,0.7763770222663879,0
2021-06-18,0.797648012638092,92.2300033569336,14030.3798828125,-0.052041841506264785,0.052041841506264785,-0.05987623562229827,-0.25475255378553685,0.5135894122248383,0.4344691157404703,3.1771081132309424,0.8527905770710537,0.9272529641787212,1.0994150638580322,0.7455280144181516,0.7277588278800249,31.79081797416336,0.003700119376901956,-0.009248392997500465,0.6103879809379578,0
2021-06-19,0.7616729736328125,92.2300033569336,14030.3798828125,-0.04510139614878239,0.04510139614878239,-0.08527861247694446,-0.3575291314584558,0.46522065763874165,0.47341488946983135,3.077696642232932,0.8426462837627956,0.913124163945516,1.1021021525065104,0.7468876198761993,0.7285025776177645,32.5418695677089,0.0,0.0,0.5450670123100281,0
2021-06-20,0.7763770222663879,92.2300033569336,14030.3798828125,0.019304936820121466,0.019304936820121466,-0.1209101107473689,-0.22900146996724446,0.4117434180863462,0.7312531625026966,3.118710949175499,0.8273915733609881,0.9054375310738881,1.1046180970138975,0.7487094477646881,0.7292349977046251,31.46151813143392,0.0,0.0,0.6265349984169006,0
2021-06-21,0.6103879809379578,91.86000061035156,14141.48046875,-0.21379952853818052,0.21379952853818052,-0.31639598497389176,-0.32651822277711007,0.09664648593425973,1.3603374942939825,2.2885512259237983,0.7870331406593323,0.8955732305844625,1.105215796497133,0.7506638143625525,0.7291295225173235,26.66941350401433,-0.004011739489481636,0.007918572901479237,0.671999990940094,1
2021-06-22,0.5450670123100281,91.7300033569336,14253.26953125,-0.10701548960311058,0.10701548960311058,-0.38742750630393796,-0.3161144964964422,0.1150281344817008,0.6134882766925518,1.8798079394707643,0.7377855692590986,0.8871749639511108,1.1058405743704902,0.7518151921530565,0.7290685475617648,21.88268515338204,-0.0014151671299175161,0.00790504662839453,0.6133229732513428,1
2021-06-23,0.6265349984169006,91.80000305175781,14271.73046875,0.14946416544565078,0.14946416544565078,-0.24686983685722674,-0.3689434722576511,0.21070028988124645,0.969672164246639,2.320622329629366,0.708446570805141,0.874964964389801,1.1070520963933732,0.7535287698937787,0.7292791176587343,26.532510608299404,0.000763105769786554,0.0012952072125995695,0.615435004234314,0
2021-06-24,0.671999990940094,91.81999969482422,14369.7099609375,0.07256576669790538,0.07256576669790538,-0.201367189755151,-0.31160730749738974,0.18507024257053373,1.2801844932215598,2.646782845454395,0.6842411415917533,0.8648253977298737,1.1082181519932217,0.7556248087849882,0.7295398626476526,34.09679033663801,0.00021782834860184508,0.006865284655006576,0.6469230055809021,0
2021-06-25,0.6133229732513428,91.80999755859375,14360.3896484375,-0.0873169917854687,0.0873169917854687,-0.23108568750409586,-0.40668653709144675,0.1142352256943524,1.1669203375769293,2.341085043526457,0.6579089931079319,0.8508119960625966,1.1089168184333378,0.7574597197274368,0.7295618075877428,32.1301916086971,-0.00010893200025829941,-0.0006486082548177174,0.643746018409729,1
2021-06-26,0.615435004234314,91.80999755859375,14360.3896484375,0.003443586943718824,0.003443586943718824,-0.1919957441853477,-0.36568459136045184,0.11743681272775608,1.48201305514724,2.3690898888255605,0.6370178546224322,0.8389853298664093,1.10963547428449,0.7595012586149904,0.7298448026925325,33.139047162614816,0.0,0.0,0.7017250061035156,1
2021-06-27,0.6469230055809021,91.80999755859375,14360.3896484375,0.05116381279898685,0.05116381279898685,-0.16674117467771732,-0.28131482388034357,0.13920773306670298,1.9277567960473978,2.6580114877737024,0.6185244236673627,0.8305444975694021,1.1105138301849364,0.7618677086300321,0.7301614678651095,31.108450979339793,0.0,0.0,0.7063739895820618,1
2021-06-28,0.643746018409729,91.87999725341797,14500.509765625,-0.004910920068950553,0.004910920068950553,0.05465054770657729,-0.22606960458218572,0.1356369231053942,2.0390035240317355,2.6228194434614247,0.6232898575919015,0.8242764314015706,1.1113681303130256,0.7642672532134586,0.7305154279619456,29.864475413528595,0.000762440874475967,0.009757403567579814,0.6611800193786621,1
2021-06-29,0.7017250061035156,92.05000305175781,14528.330078125,0.09006500395453232,0.09006500395453232,0.2874105206432529,-0.22598936581116502,0.22279652394431038,2.19189351220023,2.94318368506223,0.6456695709909711,0.8174469649791718,1.1127887527147928,0.7669443588289949,0.7312916380912066,36.03888154069247,0.0018503026058103167,0.0019185747914842732,0.6567630171775818,0
2021-06-30,0.7063739895820618,92.44000244140625,14503.9501953125,0.006625078824482378,0.006625078824482378,0.12742941953265907,-0.32506709184460914,0.21937466836548603,1.9749077431955135,3.0164552470354424,0.6570751411574227,0.8061066309611002,1.114200774828593,0.769549525446362,0.7322915030270815,39.88157940124976,0.004236821039855343,-0.0016780925737093222,0.6728879809379578,0
2021-07-01,0.6611800193786621,92.5999984741211,14522.3798828125,-0.06398022983567031,0.06398022983567031,-0.016101148373968366,-0.34601446947024783,0.07235368310175505,1.98292405083289,2.7359870091401133,0.655529430934361,0.7944459319114685,1.1146964530150096,0.7719913311302662,0.7330400831252336,36.260574452056595,0.001730809481709672,0.0012706667667650162,0.6949449777603149,1
2021-07-02,0.6567630171775818,92.2300033569336,14639.330078125,-0.00668048348652639,0.00668048348652639,0.07082735495126657,-0.35888030079282784,0.11143394598437406,1.9079868092713026,2.705417640529438,0.6617351514952523,0.7821913659572601,1.1154280973805322,0.7743853034244643,0.7338353382796049,38.57593616446227,-0.003995627681256386,0.008053101231080717,0.6542999744415283,0
2021-07-03,0.6728879809379578,92.2300033569336,14639.330078125,0.024552179916695893,0.024552179916695893,0.0933534431879175,-0.35628578316638515,0.040448145638577016,1.8430644473301068,2.815942068543345,0.6699427195957729,0.7697769323984782,1.115718752808041,0.7768086977303028,0.7348512282222509,42.56114254266482,0.0,0.0,0.6654019951820374,0
2021-07-04,0.6949449777603149,92.2300033569336,14639.330078125,0.03277959697186339,0.03277959697186339,0.07423135638265288,-0.28370662057844387,-0.24501316909553816,2.0648069404252563,2.904536254268143,0.676803001335689,0.7606018980344137,1.113212886121538,0.7794097809327973,0.7354828130453825,43.26025263686733,0.0,0.0,0.6515750288963318,0
2021-07-05,0.6542999744415283,92.2300033569336,14639.330078125,-0.058486649475154584,0.058486649475154584,0.016394596207167433,-0.29133555611949746,-0.4031558437632461,1.6078638126661566,2.696254948688529,0.6783107093402317,0.7516356964906057,1.10830215215683,0.7816509197155634,0.7358709277957678,54.58588012463876,0.0,0.0,0.623058021068573,0
2021-07-06,0.6654019951820374,92.55000305175781,14663.6396484375,0.016967784157388976,0.016967784157388976,-0.051762457665816775,-0.2960839236769266,-0.2748262985217129,1.0410978815615444,2.528729859859527,0.6731217077800206,0.7423062304655711,1.105500218603346,0.7835364752345615,0.7362765377014875,64.17189748485508,0.0034695834671696346,0.0016605657624200187,0.6368039846420288,0
2021-07-07,0.6515750288963318,92.63999938964844,14665.0595703125,-0.020779868990207673,0.020779868990207673,-0.0775778291583934,-0.24337076491251286,-0.38107685097207533,1.0158247446776398,2.526086849235931,0.6652932848249163,0.7353202323118846,1.1010426527924009,0.7853606142931514,0.7366385977715254,53.50785284356002,0.0009724077247226237,9.683284021178018e-05,0.6254630088806152,0
2021-07-08,0.623058021068573,92.36000061035156,14559.7802734375,-0.04376626875351908,0.04376626875351908,-0.05765751715533374,-0.28857435818976884,-0.38965961070840893,0.9058657378594301,2.043880574067269,0.6598472850663322,0.7268959005673726,1.0966228869226244,0.7870058476924896,0.7369735979288816,42.801930402150745,-0.0030224393473836653,-0.007178920506270892,0.6359350085258484,1
2021-07-09,0.6368039846420288,92.12999725341797,14701.919921875,0.022062092307038927,0.022062092307038927,-0.030390006765798505,-0.3078473288614657,-0.5366730396289081,1.0004145452584559,2.138356737798027,0.6569959947041103,0.7174549003442129,1.088427197933197,0.788775114218394,0.7375728978961706,53.97936185721466,-0.0024902918515985473,0.009762485818334499,0.6301779747009277,0
2021-07-10,0.6254630088806152,92.12999725341797,14701.919921875,-0.017809209795991987,0.017809209795991987,-0.0704797431382791,-0.2804004044861036,-0.5402798907522006,1.1649435637947962,2.148536190366888,0.6502209986959185,0.7093309342861176,1.0802597867117987,0.7906448809636963,0.7384579729288816,51.64791270789664,0.0,0.0,0.6195229887962341,0
2021-07-11,0.6359350085258484,92.12999725341797,14701.919921875,0.01674279613110108,0.01674279613110108,-0.08491315301629387,-0.25047438890047646,-0.5667235666190773,1.1769426937567262,2.160757932357495,0.6417910030909947,0.7022471010684967,1.0710175640053219,0.7925549477338791,0.740344638004899,48.06035634697008,0.0,0.0,0.6203240156173706,0
2021-07-12,0.6301779747009277,92.2300033569336,14733.240234375,-0.009052865069130167,0.009052865069130167,-0.036866881679446295,-0.2431958447264132,-0.6487304184396603,1.0622357321060005,2.1424368048541385,0.6383450031280518,0.695496932665507,1.0580861972437965,0.7943582698702812,0.7418064328283072,47.626535952401014,0.0010854890534788275,0.0021303552642399914,0.5969409942626953,0
2021-07-13,0.6195229887962341,92.75,14677.650390625,-0.016907899565595352,0.016907899565595352,-0.06894930691221013,-0.2985155665471595,-0.6631628666965246,1.096964528498917,2.119843753740298,0.6317908593586513,0.6867090324560802,1.044533830218845,0.7961587420768208,0.7433135927468538,32.76715255117482,0.005638042113627506,-0.0037730901597803346,0.5907739996910095,0
2021-07-14,0.6203240156173706,92.41000366210938,14644.9501953125,0.0012929735225692962,0.0012929735225692962,-0.047962263581364684,-0.30526812300346473,-0.6487539794546604,1.2122351858842895,2.1202009077304593,0.6273264288902283,0.6776232659816742,1.031803352302975,0.7980471755067507,0.7449416478723287,31.66464856753062,-0.0036657287104110425,-0.0022278903259194127,0.582427978515625,0
2021-07-15,0.5969409942626953,92.62000274658203,14543.1298828125,-0.03769485102298287,0.03769485102298287,-0.041917487493517536,-0.32912903333633214,-0.6167379346021881,1.1305016864774093,2.02845101204689,0.6235954250608172,0.667861298720042,1.021130175060696,0.7998069143957562,0.7465111578255892,34.9094329625819,0.0022724713359010273,-0.006952588512905256,0.5879219770431519,0
2021-07-16,0.5907739996910095,92.69000244140625,14427.240234375,-0.010330995242340268,0.010330995242340268,-0.07228281553058191,-0.28985656046026753,-0.6213120735648204,1.1298055119853823,2.0444734936675366,0.6170197129249573,0.6598234991232554,1.0103603859742483,0.8015479698777199,0.748225237801671,34.62475134058049,0.0007557729728830953,-0.00796868689005259,0.5575559735298157,0
2021-07-17,0.582427978515625,92.69000244140625,14427.240234375,-0.014127265552901336,0.014127265552901336,-0.06880507680543668,-0.3078183042883017,-0.5857547578225061,1.045264692899054,1.9978638557193342,0.6108718514442444,0.6511898318926493,1.001209608051512,0.8032016308771239,0.750032567679882,28.130320015839544,0.0,0.0,0.5293359756469727,0
2021-07-18,0.5879219770431519,92.69000244140625,14427.240234375,0.009432923434634422,0.009432923434634422,-0.07549990303882603,-0.2629305561751545,-0.5529260186545865,0.9976011435932763,1.949327933639259,0.6040128469467163,0.6441989640394846,0.9931304739581214,0.80483278632164,0.7519130375981331,21.87350794945732,0.0,0.0,0.569998025894165,0
2021-07-19,0.5575559735298157,92.88999938964844,14274.98046875,-0.051649716627462317,0.051649716627462317,-0.11524046235601504,-0.26798508962377543,-0.5969374832869454,0.8803444557426192,1.7998893122904964,0.5936382753508431,0.6373950640360514,0.9839555515183342,0.8062829972969161,0.7536015874892473,23.12278706511721,0.002157697086787813,-0.010553630711868212,0.5922060012817383,1
2021-07-20,0.5293359756469727,92.97000122070312,14498.8798828125,-0.050613748614665166,0.050613748614665166,-0.14557492583850618,-0.31819726696477546,-0.5917186145072557,0.9681868903287003,1.713638826543431,0.5807544163295201,0.629160362482071,0.9754315296808879,0.8077296083172162,0.7550610473752022,15.481596961279593,0.0008612534350345147,0.01568474398635078,0.6092240214347839,1
2021-07-21,0.569998025894165,92.75,14631.9501953125,0.07681709182432539,0.07681709182432539,-0.08112855291136711,-0.0661709540573312,-0.5084876643149271,1.0894433510694954,1.8644843411930587,0.573564989226205,0.6278140306472778,0.9688794851303101,0.8093807140986125,0.7568027625232935,31.784917935740708,-0.0023663678370925423,0.009177971924420714,0.6098269820213318,1
2021-07-22,0.5922060012817383,92.81999969482422,14684.599609375,0.03896149526611992,0.03896149526611992,-0.007932095511057002,0.08648292394715318,-0.4936938808186331,1.1786617597866154,1.91236431697346,0.5728885616574969,0.6293853302796681,0.9624633298979866,0.811160630815559,0.7586345525085926,42.911428982272106,0.0007547136908272467,0.0035982499502607013,0.6063569784164429,1
2021-07-23,0.6092240214347839,92.91000366210938,14836.990234375,0.02873665602208142,0.02873665602208142,0.031230253452968926,-0.02762970468666115,-0.4190707503673903,1.2274368699154525,1.9349160866610138,0.5755242790494647,0.6288082977135976,0.9575801961951785,0.8130257142914666,0.7604972875863314,43.757084945955405,0.0009696613615715055,0.010377581211183262,0.6256179809570312,1
2021-07-24,0.6098269820213318,92.91000366210938,14836.990234375,0.0009897189955310193,0.0009897189955310193,0.047042732348703264,-0.0925193597574091,-0.4092289337421937,1.2662648855720193,1.988630004446636,0.5794384224074227,0.6267358640829722,0.9528865403599209,0.8149187030063735,0.7624126724898815,46.279830743211335,0.0,0.0,0.6446040272712708,1
2021-07-25,0.6063569784164429,92.91000366210938,14836.990234375,-0.005690144429797539,0.005690144429797539,0.031356203872504596,-0.011357792123735111,-0.5569204676712085,1.25556583972417,1.832093947846562,0.5820719940321786,0.6265036642551423,0.9444182184007432,0.8167938696013557,0.7641899824142456,42.72015346098472,0.0,0.0,0.7254449725151062,1
2021-07-26,0.6256179809570312,92.6500015258789,14840.7099609375,0.03176512059099279,0.03176512059099279,0.12207206210404964,0.01654598235826099,-0.5534346227921534,1.4831727823356209,1.9100946698035197,0.5917951379503522,0.6268430968125661,0.9358033630583021,0.8188698417610593,0.7656880623102188,48.94763253084307,-0.002798429942765135,0.00025070627558165803,0.7480170130729675,1
2021-07-27,0.6446040272712708,92.43000030517578,14660.580078125,0.03034766725405791,0.03034766725405791,0.21775971580887443,-0.0035846279845141993,-0.5255383739832975,1.4405540039429217,1.881916466571719,0.6082620024681091,0.6267657975355784,0.9278700636492835,0.8209836307499144,0.7672949324548245,55.57393266190223,-0.0023745409290865105,-0.0121375515919806,0.7521190047264099,1
2021-07-28,0.7254449725151062,92.31999969482422,14762.580078125,0.12541179053139073,0.12541179053139073,0.27271488594559434,0.1269117816172305,-0.48158800962493065,1.5707860607068076,2.150314476315853,0.6304687091282436,0.6294890960057576,0.9203821195496453,0.8234461694955826,0.7692875772714615,67.23152901110724,-0.001190096397147844,0.006957432752077386,0.7477859854698181,1
2021-07-29,0.7480170130729675,91.86000061035156,14778.259765625,0.031114752204573826,0.031114752204573826,0.263102723467848,0.06596887180421085,-0.5300438236302785,0.6990964814366398,2.077005667123,0.6527274250984192,0.6310321629047394,0.9110081533590952,0.825156019628048,0.7714359822869301,74.83054508690962,-0.004982659077049867,0.0010621237898131852,0.7259219884872437,0
2021-07-30,0.7521190047264099,92.16999816894531,14672.6796875,0.005483821332606942,0.005483821332606942,0.23455244419793875,0.06476033350465515,-0.544453306985905,0.5277221207147971,2.0758745158472536,0.67314099414008,0.6325569967428843,0.9010203083356222,0.8265993807050916,0.7737520523369312,76.69957113717692,0.0033746740315045987,-0.0071442835489050616,0.7392200231552124,0
2021-07-31,0.7477859854698181,92.16999816894531,14672.6796875,-0.005761081995485529,0.005761081995485529,0.22622646671225932,0.13098696807647503,-0.5214601602653813,1.0128341820439055,1.8882750224837714,0.6928494232041496,0.6354438622792562,0.8919663634565141,0.8286898084812694,0.7760303673148156,77.7319706759021,0.0,0.0,0.7127289772033691,0
2021-08-01,0.7259219884872437,92.16999816894531,14672.6796875,-0.02923830802851668,0.02923830802851668,0.1971858399041697,0.10530277969498103,-0.5334676561784627,0.965829865999712,1.5072514295190076,0.7099301389285496,0.6377491613229116,0.8827433301342859,0.8306712084346347,0.778132077306509,71.9391661499135,0.0,0.0,0.7304880023002625,0
2021-08-02,0.7392200231552124,92.05000305175781,14681.0703125,0.01831882058798162,0.01831882058798162,0.1815837230643529,0.09857813498881707,-0.46909451771629274,0.8786247381627048,1.5751233207110897,0.7261590020997184,0.6399602293968201,0.875486042102178,0.8325919308596187,0.7803509874641895,80.53812856161788,-0.0013018891132834387,0.0005718536203818125,0.7331510186195374,0
2021-08-03,0.7127289772033691,92.08000183105469,14761.2900390625,-0.03583648321479649,0.03583648321479649,0.10568495859463378,0.025590514374776774,-0.5585483465583658,0.5964398144955694,1.2995707346473186,0.7358911378043038,0.6405530293782552,0.8654662311077118,0.8340712640020582,0.7825126023590565,81.00901882940659,0.0003258965595036578,0.005464160640535676,0.7465130090713501,1
2021-08-04,0.7304880023002625,92.2699966430664,14780.5302734375,0.024916939909721103,0.024916939909721103,0.0069516365489061815,0.1164420462094069,-0.5436107391517778,0.6231371933818468,1.4309651059737742,0.7366115706307548,0.6430926303068797,0.8557985305786133,0.8356292696462737,0.7847641023993492,79.41465966138416,0.0020633667271239275,0.0013034249936207942,0.8162810206413269,1
2021-08-05,0.7331510186195374,92.23999786376953,14895.1201171875,0.0036455305369686997,0.0036455305369686997,-0.019873872109349988,0.10181668213808948,-0.5364952226374762,0.6696827398187424,1.4171594237758303,0.7344878571374076,0.6453509310881297,0.8463695969846513,0.8372629086176554,0.7870429374277592,77.82602423101625,-0.00032511954468705806,0.0077527559316279415,0.7787389755249023,1
2021-08-06,0.7465130090713501,92.80000305175781,14835.759765625,0.01822542711182784,0.01822542711182784,-0.007453601916493358,0.1457053692432453,-0.52226163489808,0.7860957907261681,1.4589997692063554,0.7336870006152562,0.6485155304272969,0.837301986085044,0.8390882142715984,0.7893516574800015,77.50123636506046,0.006071175205526025,-0.003985221407782014,0.8185529708862305,1
2021-08-07,0.8162810206413269,92.80000305175781,14835.759765625,0.09345853417446404,0.09345853417446404,0.09159711000531101,0.31012039495353516,-0.4683223139488395,0.8232686871446386,1.7702095712239654,0.7434720056397575,0.6549562970797221,0.8293129642804463,0.8411358755495814,0.7919614925980568,82.38289807399894,0.0,0.0,0.8512470126152039,1
2021-08-08,0.7787389755249023,92.80000305175781,14835.759765625,-0.045991569284471345,0.045991569284471345,0.07275848903230564,0.22288646790214495,-0.43935521871376915,0.649902161909254,1.648573888165116,0.7510172895022801,0.6596874634424845,0.8225322193569607,0.8428400309549438,0.7943725974857807,74.42763243469697,0.0,0.0,1.0125240087509155,1
2021-08-09,0.8185529708862305,92.94999694824219,14860.1796875,0.05112623948800277,0.05112623948800277,0.10731980363897797,0.30871523857371885,-0.44605607027278427,0.6259033723929444,1.8357682399631536,0.7623505677495684,0.6661237955093384,0.8152085635397169,0.8445906306306521,0.7971206323802471,75.83522599932445,0.0016163134865492257,0.00164601761290184,0.9645490050315857,1
2021-08-10,0.8512470126152039,93.05999755859375,14788.08984375,0.039941265735772946,0.039941265735772946,0.19434881959669537,0.3385754852346736,-0.3178367136225404,0.6220809555151847,1.8889226028017272,0.7821388585226876,0.6733008623123169,0.8108017080359988,0.8464042973187235,0.800012872517109,76.69094254011924,0.0011834385579680973,-0.00485120942451589,1.089959979057312,1
2021-08-11,1.0125240087509155,92.91000366210938,14765.1396484375,0.18945969118908979,0.18945969118908979,0.3860925922979417,0.6067270666377114,-0.2548998571235954,0.6637156787649237,2.5595975703348253,0.8224297165870667,0.6860457301139832,0.8069529751936595,0.8486483641796642,0.8037163875997066,80.7010626074148,-0.001611797769389911,-0.0015519377793203892,1.280411958694458,1
2021-08-12,0.9645490050315857,93.04000091552734,14816.259765625,-0.047381596193964315,0.047381596193964315,0.3156211756313885,0.5569220553150986,-0.31246895850379164,0.5334739531737638,2.3852140395269616,0.8554865717887878,0.6975465973218282,0.8020822193887499,0.8505125474598673,0.8071715876460075,71.96322264593907,0.0013991739134004977,0.003462216978957544,1.288159966468811,1
2021-08-13,1.089959979057312,92.5199966430664,14822.900390625,0.13002032387314477,0.13002032387314477,0.4600682986264424,0.7570817050707628,-0.26645491804100696,0.8343535056612041,2.6599540966971538,0.9045504246439252,0.7132011294364929,0.7976831078529358,0.8532668085561859,0.8112759424746037,77.50022924818725,-0.005589039846775834,0.00044819847282950853,1.1909929513931274,1
2021-08-14,1.280411958694458,92.5199966430664,14822.900390625,0.17473300240056955,0.17473300240056955,0.5685920979621426,1.1449556505596399,-0.11854144101987452,1.3326232514078753,3.2627683633869102,0.9708548443658012,0.7359834949175517,0.7957698411411709,0.857330680390199,0.8163338673114776,83.27372770728113,0.0,0.0,1.0981990098953247,0
2021-08-15,1.288159966468811,92.5199966430664,14822.900390625,0.006051183544281358,0.006051183544281358,0.6541614160258742,1.18046150836454,-0.1391031331257787,1.473206943281944,3.298723962464278,1.0436292716435023,0.759229693810145,0.7934571743011475,0.8615935357080565,0.8215149521827698,85.7542128983995,0.0,0.0,1.14609694480896,0
2021-08-16,1.1909929513931274,92.62999725341797,14793.759765625,-0.07543086076649641,0.07543086076649641,0.45499801937517104,1.0448759251375428,-0.2512934609628086,1.2239227942240358,2.9242975550061265,1.0968349831444877,0.7795151929060619,0.7890156070391338,0.8652349576354027,0.8261493068933486,75.96028673037661,0.0011889387628918335,-0.0019659192352415866,1.232841968536377,1
2021-08-17,1.0981990098953247,93.12999725341797,14656.1796875,-0.0779130904085199,0.0779130904085199,0.2901061544068555,0.867933250970681,0.026054092271749818,1.0626051818573532,2.4889267274566484,1.1321138398987907,0.7965244273344676,0.7893254518508911,0.8683781022826831,0.8302293619513512,70.58197950405783,0.005397819441061769,-0.009299872399218145,1.2632219791412354,1
2021-08-18,1.14609694480896,93.13999938964844,14525.91015625,0.04361498642964601,0.04361498642964601,0.13192075931396885,1.0555728917281013,-0.0332676554712642,1.0212673184063914,2.778669654232255,1.1511956879070826,0.8161424597104391,0.7888872292306688,0.8715952020552423,0.8337586267292499,71.49927643652187,0.00010739972646245377,-0.008888368867441265,1.2164729833602905,1
2021-08-19,1.232841968536377,93.56999969482422,14541.7900390625,0.07568733528198734,0.07568733528198734,0.2781537921922439,1.329034914034617,0.22430123283336445,1.382247972366201,3.247575941776602,1.1895232541220528,0.8395926594734192,0.7913968510097927,0.8755692573057281,0.8374612665176392,73.78015492316841,0.004616709340708569,0.0010932108653904926,1.2277220487594604,0
2021-08-20,1.2632219791412354,93.5,14714.66015625,0.0246422586026378,0.0246422586026378,0.15896179989450143,1.2161865861896604,0.393797076789967,1.3027962765570211,3.317629985410183,1.2142749684197562,0.8627001245816549,0.7953624619377984,0.8795396015048027,0.8419198314845562,74.1980855099298,-0.0007480997654432109,0.011887815511235633,1.2472699880599976,0
2021-08-21,1.2164729833602905,93.5,14714.66015625,-0.037007744128015996,0.037007744128015996,-0.04993625285986969,1.0541382234010173,0.5262861628665869,1.127664476489389,3.3339900457893688,1.2051408290863037,0.8835090239842732,0.8000231060716841,0.8831214459406005,0.8461558464169502,69.15443011742785,0.0,0.0,1.1373519897460938,0
2021-08-22,1.2277220487594604,93.5,14714.66015625,0.00924727926804958,0.00924727926804958,-0.04691802204894391,1.0152226530202326,0.23658217829889838,1.5925211343363497,3.2845549526941964,1.1965068408421107,0.9041256248950958,0.8026329623328314,0.8873112185133828,0.8503270067274571,72.04456999093011,0.0,0.0,1.1725289821624756,0
2021-08-23,1.2472699880599976,92.95999908447266,14942.650390625,0.015922121232806008,0.015922121232806008,0.04725219960457516,1.045285014982115,0.2776957692472082,1.6434620142489398,3.3704666840365434,1.2045464175088065,0.9253737250963847,0.8056449956364102,0.8916192072961066,0.8543311116099358,71.4769377585828,-0.005775410861254993,0.01549408766183169,1.0752660036087036,0
2021-08-24,1.1373519897460938,92.88999938964844,15019.7998046875,-0.08812686857387642,0.08812686857387642,0.03565198975593775,0.8757135321776839,0.10024616231952121,1.6174664473190572,2.932548435278885,1.2101397003446306,0.9430735588073731,0.8067964063750372,0.895523807240857,0.8577676366269589,63.30336095731862,-0.0007530087727368739,0.005163034136896005,1.1884729862213135,1
2021-08-25,1.1725289821624756,92.83000183105469,15041.8603515625,0.03092885292637937,0.03092885292637937,0.023062654056652754,0.8741932263021184,0.20849999649830742,1.7401940152839463,3.2188378052309945,1.2139157056808472,0.9613039255142212,0.8090441173977322,0.8996606349945069,0.861434801518917,58.4283153730246,-0.000645899009451778,0.0014687643751494228,1.1455049514770508,0
2021-08-26,1.0752660036087036,93.05999755859375,14945.8095703125,-0.08295144941696153,0.08295144941696153,-0.12781521796726847,0.6681031425765449,0.19454360180789565,1.4560162696372716,2.8749580740223473,1.1914048535483224,0.9756593247254689,0.8109898732768165,0.9032020628452301,0.8647213415801525,55.54417252451359,0.0024776012388498803,-0.006385565282822414,1.1408319473266602,1
2021-08-27,1.1884729862213135,92.69000244140625,15129.5,0.10528276931724379,0.10528276931724379,-0.05917328399458166,0.638267589202385,0.42881717613082593,1.8641147434641492,3.493094936677484,1.1807264259883337,0.9910935918490092,0.8149530397521125,0.907499396138721,0.868425196558237,54.994095102748595,-0.003975877142641693,0.012290430225497584,1.1014349460601807,0
2021-08-28,1.1455049514770508,92.69000244140625,15129.5,-0.036153985191432314,0.036153985191432314,-0.05833917633518104,0.5313889008635544,0.26350494317201245,1.561252875154811,3.210703162203812,1.1705881357192993,1.004343189795812,0.8176074392265744,0.9113786237107383,0.871792766302824,41.9584375998372,0.0,0.0,1.1875929832458496,1
2021-08-29,1.1408319473266602,92.69000244140625,15129.5,-0.004079427281711068,0.004079427281711068,-0.07077343077824294,0.5168237209238558,0.09005291146314032,1.6115736060833616,3.156081623861053,1.158175264086042,1.017300287882487,0.8186546385288238,0.9152897068195873,0.8749797008931637,41.185731274126645,0.0,0.0,1.234889030456543,1
2021-08-30,1.1014349460601807,92.6500015258789,15265.8896484375,-0.03453357118793832,0.03453357118793832,-0.11692339541228647,0.4729280401907672,0.08944991746739817,1.4461166351707897,2.8915287860592427,1.1373416866574968,1.0290885865688324,0.8196594602531857,0.9189072398675813,0.8778629405796528,44.244091871179066,-0.0004315558795311425,0.009014815323540093,1.256324052810669,1
2021-08-31,1.1875929832458496,92.62999725341797,15259.240234375,0.07822344614528087,0.07822344614528087,0.04417365420090569,0.6359787994859984,0.15930592357525475,1.4405688620737425,3.214820078231546,1.1445189714431763,1.0444776197274526,0.8214727156692081,0.9228016176157527,0.8807579456269741,55.794794281947674,-0.00021591227341044572,-0.00043557330857424414,1.2914350032806396,1
2021-09-01,1.234889030456543,92.44999694824219,15309.3798828125,0.03982513190792614,0.03982513190792614,0.053184227633382486,0.6705297364452694,0.18134912145213233,1.6955638536570863,3.176211618910913,1.1534275497709001,1.0609999199708302,0.8235790272553761,0.9271170066462623,0.8837874107062816,55.760272938637684,-0.0019432182933497577,0.003285854843843916,1.2557790279388428,0
2021-09-02,1.256324052810669,92.2300033569336,15331.1796875,0.01735785307462101,0.01735785307462101,0.1683844263599108,0.7626953484342354,0.2949177708090611,1.7011563484854388,3.54430834414561,1.1792929853711809,1.079119755824407,0.826758227745692,0.9315126624372271,0.8870980660617351,51.66440894732822,-0.0023795954415418707,0.0014239508624365182,1.3054980039596558,1
2021-09-03,1.2914350032806396,92.04000091552734,15363.51953125,0.027947367871704598,0.027947367871704598,0.0866338724169815,0.7679072061607981,0.39873774133774775,1.7661732434617132,4.23738737410338,1.1940018449510847,1.0978179891904196,0.8308487719959683,0.9360935957895384,0.8908106659352779,51.98641567914386,-0.002060093619111525,0.0021094165230068906,1.3894129991531372,1
2021-09-04,1.2557790279388428,92.04000091552734,15363.51953125,-0.027609577912337646,0.027609577912337646,0.09626678288871737,0.7128517809378083,0.32846467620477027,1.6515772991951936,3.9076296099852676,1.2097552844456263,1.1152389228343964,0.8342986947960324,0.9404390515552626,0.8944853310286999,52.811365822622264,0.0,0.0,1.1250989437103271,0
2021-09-05,1.3054980039596558,92.04000091552734,15363.51953125,0.03959213756134994,0.03959213756134994,0.14433857415972762,0.7487947136831197,0.5159849784565562,1.6862762617226132,4.492393569402755,1.2332790068217687,1.13387175599734,0.8392358395788405,0.9449918849600686,0.898335136026144,55.272760657501365,0.0,0.0,1.1007200479507446,0
2021-09-06,1.3894129991531372,92.04000091552734,15363.51953125,0.06427814898143236,0.06427814898143236,0.2614571601555322,0.7021258169907199,0.5864718874282973,1.9998164886374807,4.771641350541102,1.274418728692191,1.152976155281067,0.8449427843093872,0.9501377016305923,0.9026200361549854,58.8629662455926,0.0,0.0,1.0894010066986084,0
2021-09-07,1.1250989437103271,92.5199966430664,15374.330078125,-0.19023433320683802,0.19023433320683802,-0.05262243918342957,0.4447703005387189,0.22288845227940146,1.4838813760229743,3.6458288082553665,1.265491008758545,1.1645214875539145,0.8472212837802039,0.9538718067937427,0.9054104359447956,49.35934401853717,0.005215077387706657,0.0007036504137616362,1.0572669506072998,0
2021-09-08,1.1007200479507446,92.6500015258789,15286.6396484375,-0.02166822384455036,0.02166822384455036,-0.10864861473115162,0.344714498756284,0.2663861651818,1.4952226403367135,3.649233756445418,1.2463240112577165,1.1739270567893982,0.8497939288616181,0.9575361904170778,0.9083264760673047,46.20255837812287,0.0014051544263888882,-0.005703691103410624,1.0799059867858887,0
2021-09-09,1.0894010066986084,92.4800033569336,15248.25,-0.010283306162370165,0.010283306162370165,-0.13286623442305157,0.27977072524665547,0.28398962839143893,1.3686543369640503,3.546577936363736,1.2224778618131364,1.181865523258845,0.8524711622132195,0.9610332848297225,0.9110306809842587,50.822235594875906,-0.0018348425919650913,-0.002511320298010933,1.119636058807373,1
2021-09-10,1.0572669506072998,92.58000183105469,15115.490234375,-0.029496995040136476,0.029496995040136476,-0.18132391647932833,0.04418951202113286,0.26971118251597725,1.3914007163013875,3.341423758714882,1.1890252828598022,1.1833569546540579,0.854966539144516,0.9644508123397827,0.9134583108127117,41.572870768541904,0.001081298340086967,-0.008706557514796764,1.0646779537200928,0
2021-09-11,1.0799059867858887,92.58000183105469,15115.490234375,0.021412790937600734,0.021412790937600734,-0.14005094625733727,0.11959680757798874,0.2227750269522113,1.4680463555522651,3.4387237131018766,1.1639005626950945,1.1872021873792014,0.8571526057190365,0.9680194290147888,0.9164900258183479,45.67371963378619,0.0,0.0,1.0965739488601685,0
2021-09-12,1.119636058807373,92.58000183105469,15115.490234375,0.036790306292988184,0.036790306292988184,-0.14236861687153257,0.027226760908898084,0.2539363963107344,1.4203114490912419,3.5180500713267104,1.1373488562447684,1.1881913900375367,0.8596719284852345,0.9716696293817626,0.9197290460765362,48.66390375995174,0.0,0.0,1.121353030204773,0
2021-09-13,1.0646779537200928,92.62000274658203,15105.580078125,-0.04908568695601068,0.04908568695601068,-0.23372103588420012,-0.16848796475966477,0.1965362319937607,1.253682574040714,3.4031165360920292,1.0909581354686193,1.181000256538391,0.8616150167253283,0.9749599680304527,0.9228798158466816,47.7275802510407,0.0004320686404861718,-0.0006556291656001356,1.0914980173110962,1
2021-09-14,1.0965739488601685,92.6500015258789,15037.759765625,0.02995835034305716,0.02995835034305716,-0.0253533211542174,-0.14872843637101285,0.3181433105731133,1.3187352979431992,3.4517002127855854,1.0868831362043108,1.1746140559514364,0.864555749628279,0.9784247178170417,0.9262231856584549,43.96826462681391,0.0003238909350817831,-0.004489752273612702,1.0655980110168457,0
2021-09-15,1.121353030204773,92.48999786376953,15161.5302734375,0.022596817451628448,0.022596817451628448,0.018744986331848512,-0.05847215225488556,0.33266269920061564,1.3799279880454463,3.5985362457847767,1.0898307050977434,1.1722927252451578,0.8676659166812897,0.9820368402534061,0.9296409058570861,42.24464194019571,-0.0017269688016646745,0.008230648031459342,1.0756679773330688,0
2021-09-16,1.0914980173110962,92.86000061035156,15181.919921875,-0.02662409793303444,0.02662409793303444,0.001924920758832993,-0.006101801698826126,0.36839558303560827,1.0711890662179315,3.403918514644408,1.0901302780423845,1.1720693588256836,0.870930916733212,0.9851729902956221,0.933023630976677,38.869186266022275,0.004000462267574223,0.001344827868280607,1.0484280586242676,0
2021-09-17,1.0655980110168457,93.19999694824219,15043.9697265625,-0.023728862428953446,0.023728862428953446,0.00787980784300557,-0.07023745605179366,0.3990230031852875,1.0498774047788744,3.225310928826529,1.0913204295294625,1.1693860610326132,0.8743078615930345,0.9882050070497724,0.9361154010891914,34.556957031113726,0.003661386341329953,-0.009086478918501784,0.9171519875526428,0
2021-09-18,1.0756679773330688,93.19999694824219,15043.9697265625,0.009450061103824625,0.009450061103824625,-0.003924424444977204,-0.12748916342449323,0.38549692544093506,0.955966165270109,3.2905382586586285,1.090714999607631,1.1641469279925027,0.877633316649331,0.9911257068316142,0.9393095560371876,37.237160678979095,0.0,0.0,0.8763290047645569,0
2021-09-19,1.0484280586242676,93.19999694824219,15043.9697265625,-0.02532372375380909,0.02532372375380909,-0.06359923800503142,-0.17003656052833183,0.7176420430382524,0.883646110590842,3.1651230312565897,1.0805424281529017,1.1569871306419373,0.8825004286236233,0.9938581125603781,0.9423003013432026,31.184356674248903,0.0,0.0,1.0040760040283203,0
2021-09-20,0.9171519875526428,93.23999786376953,14713.900390625,-0.12521228327662592,0.12521228327662592,-0.13856393442916637,-0.24605642698354602,0.6826407888191497,0.876191819759834,2.7170335586698475,1.0594672901289803,1.1470097641150157,0.886634706126319,0.9962376402484046,0.9444530363380909,17.675022563197146,0.00042919438666455534,-0.021940308438318068,1.0020400285720825,1
2021-09-21,0.8763290047645569,93.19999694824219,14746.400390625,-0.0445105973078892,0.0445105973078892,-0.20084823675096852,-0.28621547063520214,0.3986912255162507,0.6933958721868803,2.7750348123637187,1.02800372668675,1.1352966626485188,0.8894101950857375,0.9982311457395554,0.9465440863370895,25.46639032901291,-0.0004290102578701216,0.0022087957059100383,0.9459239840507507,1
2021-09-22,1.0040760040283203,93.45999908447266,14896.849609375,0.1457751581531701,0.1457751581531701,-0.1045852849347867,-0.19498102765219338,0.4941607404245181,0.7706854310942519,3.3016403489452166,1.0112498658043998,1.1271901965141295,0.8930999285644955,1.0006590402788587,0.9492389363050461,42.083111659014506,0.0027897225830904038,0.010202436849988672,0.9413419961929321,0
2021-09-23,1.0020400285720825,93.0999984741211,15052.240234375,-0.0020277105000712226,0.0020277105000712226,-0.08195891089146756,-0.11897105064564817,0.633788513187556,0.8204247127283768,3.529588189054344,0.9984701531273978,1.1226797978083292,0.8974190069569482,1.003167912695143,0.9519148014485836,42.73303872952006,-0.003851921826215521,0.010431106514105393,0.944720983505249,0
2021-09-24,0.9459239840507507,93.33000183105469,15047.7001953125,-0.0560017992507722,0.0560017992507722,-0.11230691661285686,-0.19326174581527278,0.5370006215808454,0.7175010757398796,3.0614155223387858,0.9813738635608128,1.1151262978712717,0.9010911067326863,1.005363290508588,0.954276436418295,41.09349275831505,0.002470497966737595,-0.0003016188282812804,0.9236850142478943,0
2021-09-25,0.9413419961929321,93.33000183105469,15047.7001953125,-0.004843928196214042,0.004843928196214042,-0.1248768058273656,-0.1245496527987574,0.4551066944166835,0.6576687987166137,2.8910970180616564,0.9621844376836505,1.1106621642907462,0.9043624288505978,1.0074381295177672,0.9565532064437866,38.58631676562672,0.0,0.0,0.893688976764679,0
2021-09-26,0.944720983505249,93.33000183105469,15047.7001953125,0.003589542723029915,0.003589542723029915,-0.09891672992336886,-0.20509679693356853,0.46753681807466596,0.6665889966221943,2.9012262751965516,0.9473691412380764,1.102537097533544,0.907706595129437,1.0095373627212312,0.9589609813690185,34.674240900234565,0.0,0.0,0.9283490180969238,0
2021-09-27,0.9236850142478943,93.37999725341797,14969.9697265625,-0.022266859342219614,0.022266859342219614,0.007123166916624513,-0.19364380480689736,0.31630625417905667,0.6095747120563062,2.8050092897850667,0.9483024307659694,1.0951430996259053,0.9101728174421523,1.0114807850784726,0.9613146063685417,36.86568418883056,0.0005356843606816319,-0.0051656045602379574,0.9526360034942627,1
2021-09-28,0.893688976764679,93.7699966430664,14546.6796875,-0.03247431431767833,0.03247431431767833,0.01980987951526969,-0.21663398464700911,0.2651782058020642,0.5427262551231327,2.6950367578653402,0.9507824267659869,1.0869050006071725,0.9122540950775146,1.013227434953054,0.9635773962736129,31.03293943871661,0.0041764767736076625,-0.028275944894625926,1.0426239967346191,1
2021-09-29,0.9283490180969238,94.33999633789062,14512.4404296875,0.038783113849877315,0.038783113849877315,-0.07541957543809663,-0.1571458474078592,0.4040790569704924,0.5056693481083467,2.8175856707860345,0.9399642859186444,1.0811354696750641,0.9152226395077175,1.0149595462613636,0.9659195213019848,32.28397808119169,0.006078700173083096,-0.0023537507216799813,1.0386749505996704,1
2021-09-30,0.9526360034942627,94.25,14448.580078125,0.02616148121438866,0.02616148121438866,-0.049303444642047944,-0.19784301782368086,0.4505018988252196,0.6121370490691411,2.9400290277550947,0.9329065680503845,1.0733035703500111,0.9185101171334584,1.0169691072569953,0.9684721413254738,37.12208700066619,-0.0009539574028420983,-0.004400386817909885,1.0551700592041016,1
2021-10-01,1.0426239967346191,94.04000091552734,14566.7001953125,0.09446209560659158,0.09446209560659158,0.10222810110995151,-0.15569417897480453,0.5494763263289022,0.6121497704397809,3.376194568386765,0.9467208555766514,1.0668947358926137,0.9226182950867547,1.0191685239473978,0.9714974863827228,48.095768836296585,-0.002228106997057333,0.00817520590596521,1.043004035949707,0
2021-10-02,1.0386749505996704,94.04000091552734,14566.7001953125,-0.003787603342448209,0.003787603342448209,0.10339807933820211,-0.17324280445325424,0.4946146584829443,0.12841438443139253,3.4365635338481297,0.9606255633490426,1.0596397658189138,0.926437517007192,1.019825201564365,0.9743778611719608,46.902353460715624,0.0,0.0,1.0855029821395874,1
2021-10-03,1.0551700592041016,94.04000091552734,14566.7001953125,0.015880915001279083,0.015880915001279083,0.11691184765373519,-0.18294760748806782,0.6126701825179379,-0.037487225626909315,3.52983209982213,0.9764040027345929,1.0517642676830292,0.9308916290601095,1.0195968906084696,0.977291626483202,50.574892809875514,0.0,0.0,1.0776560306549072,1
2021-10-04,1.043004035949707,93.80999755859375,14255.48046875,-0.01152991704822559,0.01152991704822559,0.1291771760516951,-0.16943665028263077,0.5674795740045342,0.13669496467247666,3.2110100921924554,0.9934495772634234,1.044671767950058,0.9350872072908614,1.0202937129471037,0.9801420517265796,63.46702043862195,-0.0024458034314588373,-0.02136514944288126,1.0680259466171265,1
2021-10-05,1.0855029821395874,93.9800033569336,14433.830078125,0.04074667472516813,0.04074667472516813,0.21463172352120874,-0.16851425368159123,0.6659677458454218,0.031106003437601615,3.327885923791716,1.0208515780312675,1.0373386005560556,0.9399086289935642,1.0204756408929825,0.9832137116789817,72.30303416243372,0.001812235398830131,0.01251095042120598,1.0628910064697266,0
2021-10-06,1.0776560306549072,94.2699966430664,14501.91015625,-0.007228862208386921,0.007228862208386921,0.16083068937160783,-0.22438034528844153,0.729623878056618,0.055659311061107664,3.3924823724368878,1.0421811512538366,1.0269467016061147,0.9449597179889679,1.0207913024557962,0.9859670367836952,60.54046087897683,0.0030856913787438156,0.004716702202846257,1.1599260568618774,1
2021-10-07,1.0680259466171265,94.22000122070312,14654.01953125,-0.008936138956999518,0.008936138956999518,0.12112700202345295,-0.05072709152582311,0.6771659291948424,-0.22292380798819578,3.2972167080256396,1.058665428842817,1.0250442683696748,0.9497510731220246,1.0190891355276108,0.988707991540432,59.251308065734044,-0.0005303428889742445,0.010488919967170274,1.1384530067443848,1
2021-10-08,1.0628910064697266,94.06999969482422,14579.5400390625,-0.004807879587255703,0.004807879587255703,0.019438464680058498,-0.034367541094073806,0.699366695357367,-0.21876695715823946,3.226979982923641,1.0615607159478324,1.0237833003203074,0.954611384206348,1.0174355854590733,0.9912727364897728,69.13420025698423,-0.0015920348539111284,-0.00508252988394553,1.137887954711914,1
2021-10-09,1.1599260568618774,94.06999969482422,14579.5400390625,0.09129350968397221,0.09129350968397221,0.11673633429996921,0.06473745639082229,0.8239694957990833,-0.20971700226457313,3.5758073923430826,1.0788823025567191,1.0261341353257498,0.9604335069656372,1.0157255354854795,0.9942893916368485,77.45326203772215,0.0,0.0,1.1018589735031128,0
2021-10-10,1.1384530067443848,94.06999969482422,14579.5400390625,-0.018512430159200788,0.018512430159200788,0.07892845974335372,0.07678860678511823,0.8065579129208318,-0.36541115786377865,3.476986675858128,1.0907798664910453,1.0288403371969859,0.9660810073216756,1.012083602282736,0.997537471652031,73.27412055141527,0.0,0.0,1.128391981124878,0
2021-10-11,1.137887954711914,94.31999969482422,14486.2001953125,-0.0004963332075397231,0.0004963332075397231,0.0909717656804756,0.05369168116068734,0.8367162725032857,-0.3813257560781482,3.4497590235354423,1.1043347120285034,1.0307730694611867,0.9718406180540721,1.0081872241364584,1.0006394213438035,77.06459950032902,0.002657595416296843,-0.006402111692132784,1.132315993309021,0
2021-10-12,1.1018589735031128,94.5199966430664,14465.919921875,-0.0316630306697665,0.0316630306697665,0.015067661381534592,-0.01587755696542703,0.7762636070223718,-0.37609447659388107,3.2966509779311783,1.1066712822232927,1.0301804999510447,0.9771910064750248,1.0044971793889999,1.0033134412765503,75.90737027632694,0.002120408703236709,-0.0013999719156209123,1.1405500173568726,1
2021-10-13,1.128391981124878,94.08000183105469,14571.6396484375,0.024080221026298254,0.024080221026298254,0.04707991142511192,0.05984347396521361,0.8902906517897939,-0.27552330059286745,3.4022266370708776,1.1139192751475744,1.0323043008645376,0.9830960174401601,1.002113096250428,1.0062031862139702,75.40994628133463,-0.004655044727448154,0.00730819243666847,1.1350959539413452,0
2021-10-14,1.132315993309021,93.95999908447266,14823.4296875,0.003477525762130451,0.003477525762130451,0.060195210514807584,0.0325942855801058,0.9166652457644586,-0.2741820124110833,3.5392866931116362,1.1231035675321306,1.033495702346166,0.9891131507025824,0.9997367683384154,1.0091109862923622,74.06848043290738,-0.0012755393733678844,0.017279458258460334,1.0934679508209229,0
2021-10-15,1.1405500173568726,93.94000244140625,14897.33984375,0.007271842927687455,0.007271842927687455,0.07306394579918574,0.0171194856882797,0.9582679050956249,-0.18879683740524922,3.6375132885955166,1.13419771194458,1.0341356019179027,0.9953145066897074,0.9982620573706097,1.011974381506443,66.79609339825525,-0.00021282080950668636,0.004986036147378581,1.0838420391082764,0
2021-10-16,1.1350959539413452,93.94000244140625,14897.33984375,-0.004781958995684121,0.004781958995684121,-0.021406625684148195,0.03994321193331385,0.9306914833327149,-0.136838071796761,3.720852446820767,1.130650554384504,1.0355888664722444,1.0013942175441317,0.9972623457511266,1.014815566241741,66.45301266383078,0.0,0.0,1.092079997062683,0
2021-10-17,1.0934679508209229,93.94000244140625,14897.33984375,-0.03667355431572039,0.03667355431572039,-0.03951419659569866,0.026154271607059743,0.9611805858671316,-0.209521617331611,3.538510741123879,1.1242241178240096,1.0365178644657136,1.0073487950695885,0.9956521732939614,1.0174135610461235,56.01880057882522,0.0,0.0,1.1423280239105225,1
2021-10-18,1.0838420391082764,93.94999694824219,15021.8095703125,-0.008803103653307609,0.008803103653307609,-0.04749669365936893,0.007599056537384019,1.0475503063693474,-0.16402332404942965,3.474525797355901,1.1165032727377755,1.0367903331915538,1.013509973552492,0.9944707516166899,1.0199363112449646,56.4696515188027,0.00010639244811794235,0.008355164604418874,1.0893150568008423,0
2021-10-19,1.092079997062683,93.79000091552734,15129.08984375,0.007600699785721865,0.007600699785721865,-0.00887498007965537,0.04163560682999545,0.915936454954418,-0.058293598001175506,3.4399992366581014,1.1151062761034285,1.0382453978061676,1.0193108843432532,0.9940951847367816,1.0223138663172722,51.16882698682792,-0.0017029913561678045,0.007141634497185745,1.0883740186691284,0
2021-10-20,1.1423280239105225,93.55999755859375,15121.6796875,0.04601130593270564,0.04601130593270564,0.012350356098553616,0.24551659857244212,0.9289369264042076,-0.02336743064665181,3.6898796132879017,1.1170971393585205,1.0457512656847636,1.0254233512613509,0.9939433405796687,1.025070931315422,59.987885839688055,-0.002452322792285133,-0.0004897952438996933,1.0944969654083252,0
2021-10-21,1.0893150568008423,93.7699966430664,15215.7001953125,-0.0464078320762904,0.0464078320762904,-0.03797609215296427,0.2430434812476716,0.788036942856251,0.038722959528867396,3.3292932035090734,1.1109541484287806,1.0528508007526398,1.0307576960987515,0.994168946146965,1.0272838616371154,52.89935683132927,0.0022445392256571495,0.00621759683814882,1.0842829942703247,0
2021-10-22,1.0883740186691284,93.61000061035156,15090.2001953125,-0.0008638805879334077,0.0008638805879334077,-0.045746348598247,0.08395581041933808,0.7847259153106103,0.05436443196598861,3.2381010682007787,1.1035004343305315,1.0556607345740001,1.036074885394838,0.9944807128773795,1.0281233668327332,53.51062596339517,-0.0017062604078346144,-0.008248059464175173,1.0951579809188843,0
2021-10-23,1.0944969654083252,93.61000061035156,15090.2001953125,0.0056257744434986545,0.0056257744434986545,-0.03576701017394157,0.09226870603961279,0.8050373037129133,-0.20022491563485967,3.294182631145701,1.0977005788258143,1.0587426324685414,1.0414986630280814,0.9929584407144123,1.0281145215034484,37.973877547443074,0.0,0.0,1.108093023300171,0
2021-10-24,1.0842829942703247,93.61000061035156,15090.2001953125,-0.009332114625087096,0.009332114625087096,-0.008399840657151936,0.14626863527349854,0.7331391156815161,-0.22604007705201012,3.228361383139341,1.0963884421757288,1.0633545994758606,1.0465949409537845,0.9911991520060434,1.0289480563998223,39.61344861272952,0.0,0.0,0.9954519867897034,0
2021-10-25,1.0951579809188843,93.80999755859375,15226.7099609375,0.010029657115371293,0.010029657115371293,0.010440582116484354,0.16340074632602164,0.6989623622968857,-0.1939075550434417,3.3250466255309004,1.09800500529153,1.0684817989667257,1.0516010959943136,0.9897355798217985,1.0291600665450096,42.118564650659216,0.002136491260956941,0.009046252790430476,1.0588200092315674,0
2021-10-26,1.108093023300171,93.94999694824219,15235.7099609375,0.011811120045377876,0.011811120045377876,0.01466286927748639,0.1729315243837961,0.5274666794621652,-0.2081429584684209,3.4557559456675166,1.1002925804683141,1.0739275336265564,1.0558527410030365,0.9881174302763409,1.0295963469147682,51.25693604203711,0.0014923717438644069,0.0005910666206350168,1.0815030336380005,0
2021-10-27,0.9954519867897034,93.86000061035156,15235.83984375,-0.10165305090992727,0.10165305090992727,-0.12857606050670067,0.07769636990402518,0.33078789571942413,-0.3745880089685917,2.936164325641106,1.0793102894510542,1.0763197660446167,1.058602018488778,0.9848050859239367,1.0277015268802643,30.10440188490371,-0.0009579174115376121,8.524894004491301e-06,1.0839489698410034,1
2021-10-28,1.0588200092315674,93.3499984741211,15448.1201171875,0.06365753776455207,0.06365753776455207,-0.027994699402057566,0.1847746103624257,0.40778254847678364,-0.3586893155584463,3.30650966764832,1.074953854084015,1.081824133793513,1.0620098074277242,0.9815150578816731,1.0261929768323899,40.66214896481196,-0.005433647271617659,0.013932955164567495,1.113247036933899,1
2021-10-29,1.0815030336380005,94.12000274658203,15498.3896484375,0.021422927606832065,0.021422927606832065,-0.006313073367489763,0.1649746082082748,0.4462734721599724,-0.3079005244201364,3.4635797153554995,1.0739722847938538,1.0869292676448823,1.065717774629593,0.9788420690430535,1.024261816740036,42.763619437927815,0.008248572951764954,0.0032540872849680103,1.0928670167922974,0
2021-10-30,1.0839489698410034,94.12000274658203,15498.3896484375,0.0022616082682405114,0.0022616082682405114,-0.009637299965821855,0.13784170015103947,0.4932031086423707,-0.30337245392346923,3.5318622395214065,1.0724654282842363,1.0913063665231069,1.0696958522001903,0.976219591167238,1.02071155667305,43.685228079873795,0.0,0.0,1.1361960172653198,1
2021-10-31,1.113247036933899,94.12000274658203,15498.3896484375,0.027029009582612673,0.027029009582612673,0.02671262282690856,0.06773586683259092,0.5059752199111534,-0.200469499565757,3.6434825100735306,1.076603148664747,1.0936604678630828,1.0738517079088423,0.9746688750055101,1.01708161175251,52.51867308604283,0.0,0.0,1.2087960243225098,1
2021-11-01,1.0928670167922974,93.87999725341797,15595.919921875,-0.018306826306703772,0.018306826306703772,-0.0020919028729212696,0.05217423040898361,0.5333556677890763,-0.3230976051404112,3.5574675016392723,1.0762758680752345,1.0954668700695038,1.0780754639042749,0.9717708475059933,1.0137156116962434,51.118605551434854,-0.002549994540589573,0.0062929295010552,1.202003002166748,1
2021-11-02,1.1361960172653198,94.08999633789062,15649.599609375,0.039647093202792805,0.039647093202792805,0.025361583706620117,0.07678947801298963,0.5553931258111118,-0.29013528098266084,3.826230489385421,1.0802905814988273,1.098167735338211,1.08258333073722,0.9691909306579166,1.0116089570522309,55.030400817756856,0.002236888481214949,0.0034419058169636862,1.161532998085022,1
2021-11-03,1.2087960243225098,93.86000061035156,15811.580078125,0.06389743138858117,0.06389743138858117,0.21431876209402434,0.15895622898701522,0.648768116831608,-0.23578810108553783,4.046954304930604,1.110768301146371,1.1036941349506377,1.0878682752450308,0.967118936114841,1.0098526620864867,57.21151868783558,-0.00244442274939749,0.010350454503191608,1.1524540185928345,0
2021-11-04,1.202003002166748,94.3499984741211,15940.3095703125,-0.0056196595778589264,0.0056196595778589264,0.1352288318003123,0.1073235375157906,0.610156805789654,-0.23076632004432096,4.054829240072294,1.1312230144228255,1.1075774689515432,1.0929292751683128,0.9651156306266785,1.008832687139511,63.58910347381471,0.005220518437920152,0.008141469198615692,1.2175339460372925,0
2021-11-05,1.161532998085022,94.31999969482422,15971.58984375,-0.03366880449447651,0.03366880449447651,0.07399883491571324,0.0778327824873224,0.4229572521145244,-0.24344538084603184,3.7259822327829912,1.1426558664866857,1.1103733678658803,1.0967654082510205,0.9630391862657335,1.0080651319026948,58.054404919615024,-0.0003179520909595279,0.0019623378893316445,1.282377004623413,1
2021-11-06,1.1524540185928345,94.31999969482422,15971.58984375,-0.007816376725547802,0.007816376725547802,0.06319951460618989,0.07905058134882026,0.4798976997600932,-0.17030307779200637,3.4591849030930097,1.1524423020226615,1.1131876369317373,1.100917797618442,0.9617250084877014,1.0069109070301057,56.33949280823757,0.0,0.0,1.258929967880249,1
2021-11-07,1.2175339460372925,94.31999969482422,15971.58984375,0.05647073670142744,0.05647073670142744,0.09367813759524579,0.14549275384424898,0.48742230416571997,-0.17605144366653103,3.878292432983521,1.1673404318945748,1.1183424015839896,1.105350919564565,0.960279741552141,1.0065160870552063,63.01337089835906,0.0,0.0,1.1933729648590088,0
2021-11-08,1.282377004623413,94.05000305175781,15982.3603515625,0.05325770077882863,0.05325770077882863,0.1734062652813435,0.10556789119197885,0.5064687283702649,0.02765765856993263,4.049941091066908,1.1944132872990199,1.1224240998427073,1.1101412528091006,0.9604714804225498,1.0071295619010925,66.54038595536338,-0.0028625598382102657,0.0006743541449454327,1.2183640003204346,0
2021-11-09,1.258929967880249,93.95999908447266,15886.5400390625,-0.01828404334967748,0.01828404334967748,0.10802181027736246,0.10582515081618538,0.24335813965864217,-0.07357367249380509,4.020697773288278,1.2119467088154383,1.1264399985472362,1.1128790967994266,0.9599160359965431,1.0075759118795395,63.08310135941781,-0.0009569799507143095,-0.005995379305199555,1.1893550157546997,0
2021-11-10,1.1933729648590088,94.8499984741211,15622.7099609375,-0.05207359002790546,0.05207359002790546,-0.012759025636393084,0.04876140037983112,0.23723414635623397,-0.14936311878102615,3.6999658092130616,1.2097434146063668,1.1282894988854726,1.1154215852419536,0.9587519023153517,1.008299246430397,68.69390176579003,0.009472109390383343,-0.01660714526110052,1.191938042640686,0
2021-11-11,1.2183640003204346,95.18000030517578,15704.2802734375,0.02094151300333702,0.02094151300333702,0.013611445332660566,0.10573497118866326,0.11780617979586472,-0.18003877422737358,3.754424341101048,1.2120807000568934,1.1321729997793832,1.1168482965893216,0.9572657022211287,1.0092297863960267,66.24697057910922,0.003479197009631285,0.005221265241686979,1.1885969638824463,0
2021-11-12,1.1893550157546997,95.12999725341797,15860.9599609375,-0.023809784726161798,0.023809784726161798,0.023952843109534383,0.05402646921422516,-0.07111534871370806,-0.18122667381842872,3.665912400438436,1.2160552740097046,1.1342051009337106,1.1158365527788798,0.9558031969600254,1.008334031701088,60.843272992252814,-0.0005253525068027454,0.009976877944862572,1.1713709831237793,0
2021-11-13,1.191938042640686,95.12999725341797,15860.9599609375,0.002171787945374204,0.002171787945374204,0.034260823781986804,0.05265495646443075,-0.07469718539064285,-0.20340970599290586,3.494640063481553,1.2216958488736833,1.1361925025780997,1.1147674202919007,0.954112297296524,1.0072889471054076,60.85406387266684,0.0,0.0,1.0909340381622314,0
2021-11-14,1.1885969638824463,95.12999725341797,15860.9599609375,-0.0028030641180288862,0.0028030641180288862,-0.023766879148649056,0.04212611967418889,-0.0020117562474895045,-0.2527996760202529,3.4294110336633583,1.217561994280134,1.1377940674622853,1.1147407982084485,0.9518782026237912,1.0064389270544052,57.9904112183133,0.0,0.0,1.096290946006775,0
2021-11-15,1.1713709831237793,95.41000366210938,15853.849609375,-0.014492701295820143,0.014492701295820143,-0.08656270433688273,0.031957676403019386,0.06662906501384391,0.09441911709344475,3.3441711713185382,1.2017039912087577,1.1390032351016999,1.1155538201332091,0.9524396359920502,1.0052989822626115,58.380941302778034,0.0029434081443888704,-0.0004482926367641582,1.0419540405273438,0
2021-11-16,1.0909340381622314,95.91999816894531,15973.8603515625,-0.06866906054565303,0.06866906054565303,-0.13344342735830206,-0.002317317720001877,-0.04813109998816334,-0.07979754660756833,2.8208674927020736,1.1777045726776123,1.1389187713464102,1.1149408989482457,0.9519140640894572,1.00279528260231,45.52265963345443,0.005345293860820499,0.007569817119782218,1.0914920568466187,0
2021-11-17,1.096290946006775,95.83000183105469,15921.5703125,0.004910386565229574,0.004910386565229574,-0.08135094535487797,0.011485905186645828,-0.11076117297638288,0.08869619220830938,2.6252047253957254,1.1638357128415788,1.1393337349096935,1.1134236653645833,0.952410258187188,1.000021612048149,37.16319681436084,-0.0009382437407068345,-0.003273475409930282,1.0976459980010986,0
2021-11-18,1.0419540405273438,95.54000091552734,15993.7099609375,-0.0495643110775954,0.0495643110775954,-0.14479249201937539,-0.04589952812079778,-0.1751615648457242,0.1496573997420403,2.5413872865626495,1.1386342900139945,1.1376628696918487,1.1109651327133179,0.9531637973255581,0.9974181771278381,33.52581608432658,-0.0030262017112199224,0.004530938030708143,1.0601730346679688,0
2021-11-19,1.0914920568466187,96.06999969482422,16057.4404296875,0.04754337945098164,0.04754337945098164,-0.08228237793740889,-0.044502074710447426,-0.10274040461501599,0.3694749049353736,2.5932000718946195,1.1246538673128401,1.1359683374563854,1.1095764557520549,0.9547997809118695,0.9950956624746322,42.92265373322168,0.0055474018653765,0.0039847207999677,1.0366220474243164,0
2021-11-20,1.0976459980010986,96.06999969482422,16057.4404296875,0.005638099806478669,0.005638099806478669,-0.07910817615208221,0.007647871153753316,-0.10594910378110078,0.10556740475644877,2.345788183011927,1.1111835752214705,1.136246035496394,1.1081311662991842,0.9553820643160078,0.9936220127344132,44.42894515862062,0.0,0.0,1.0670570135116577,0
2021-11-21,1.0601730346679688,96.06999969482422,16057.4404296875,-0.03413938865660804,0.03413938865660804,-0.10804665762816035,-0.025911114669609603,-0.15000517544965486,0.08603479120999902,1.3130509088315314,1.0928372996194022,1.1353060026963553,1.106052311261495,0.9558486534489525,0.9908503180742264,33.05370200199191,0.0,0.0,1.0420750379562378,0
2021-11-22,1.0366220474243164,96.5,15854.759765625,-0.022214286228311897,0.022214286228311897,-0.11503523447381137,-0.0528780981703475,-0.0885653194700654,0.0028025094579793297,1.3363130059367543,1.073587451662336,1.133376838763555,1.104933089680142,0.9558647480275896,0.9880305230617523,20.951006485198334,0.004475906178221356,-0.012622227368676908,1.0318880081176758,0
2021-11-23,1.0670570135116577,96.48999786376953,15775.1396484375,0.02935975186227502,0.02935975186227502,-0.021886772082752692,-0.01588697862983579,-0.08995254723367063,0.09979234348140253,0.7379344958559346,1.0701764481408256,1.1328026394049326,1.103761178917355,0.9564026481575436,0.98545703291893,27.688607202592067,-0.00010364908010851437,-0.005021843179240482,0.9363499879837036,0
2021-11-24,1.0420750379562378,96.83999633789062,15845.23046875,-0.023412034445286944,0.023412034445286944,-0.049453941262598056,-0.04847058039800578,-0.030867678826516864,0.15767081356301893,0.5056646125646145,1.0624313184193201,1.1310332079728445,1.1033923904101053,0.9571911318434609,0.9828544181585311,30.57362628683488,0.003627303159600359,0.004443118848677985,0.9471579790115356,0
2021-11-25,1.0318880081176758,96.83999633789062,15845.23046875,-0.009775716208058505,0.009775716208058505,-0.009660725922780111,-0.0687713157470643,-0.13175308140700048,0.24056611040834075,0.6237853177504842,1.0609933137893677,1.1284930408000946,1.101652557320065,0.9583027985360887,0.980337393283844,25.110630099915554,0.0,0.0,0.9687510132789612,0
2021-11-26,0.9363499879837036,96.08999633789062,15491.66015625,-0.09258564823158322,0.09258564823158322,-0.14213760685636978,-0.05937202355344284,-0.1825875682367466,0.03280464814312589,0.7566915569620607,1.0388301610946655,1.1265229741732279,1.09932861328125,0.9584680262539121,0.9780741131305695,21.32364465726623,-0.007744733874040288,-0.0223139898909841,0.9919610023498535,1
2021-11-27,0.9471579790115356,96.08999633789062,15491.66015625,0.011542682935368642,0.011542682935368642,-0.1371006857070619,-0.10545893470701395,-0.16976555466295062,-0.09500052566336381,0.693567275145583,1.017331872667585,1.1228009064992268,1.0971766802999707,0.9579156594143974,0.9754214930534363,22.76370354335387,0.0,0.0,0.9987540245056152,1
2021-11-28,0.9687510132789612,96.08999633789062,15491.66015625,0.02279771141236675,0.02279771141236675,-0.08623311327441907,-0.104254927496375,-0.12046461141970144,-0.041790243501537705,0.5484606564569352,1.004271583897727,1.1190425058205922,1.0957024143801795,0.9576809373166826,0.9740259280800819,26.492879994605687,0.0,0.0,0.9909300208091736,1
2021-11-29,0.9919610023498535,96.33999633789062,15782.830078125,0.023958673335817027,0.023958673335817027,-0.04308324831160182,-0.08486374363605231,-0.16472982213258613,-0.03166633501255045,0.6362351442122403,0.9978914346013751,1.115976240237554,1.0935287257035573,0.9575007206863827,0.9721911832690239,31.058899397459058,0.0026017276462464434,0.01879526912792029,0.9723119735717773,0
2021-11-30,0.9987540245056152,95.98999786376953,15537.6904296875,0.006848073804988086,0.006848073804988086,-0.06401062749333242,-0.10284600688776135,-0.19121961579303026,-0.04454800366937828,0.5033846609350221,0.988133864743369,1.1121598064899445,1.0909050034152137,0.957242015335295,0.9701703682541847,38.476223461076245,-0.003632950876327201,-0.01553204635822969,0.9222440123558044,0
2021-12-01,0.9909300208091736,96.05000305175781,15254.0498046875,-0.007833764374881591,0.007833764374881591,-0.04907997532247965,-0.09327483986324492,-0.21124647849235345,0.021370951788478365,0.6167283306989244,0.9808274337223598,1.1087619066238403,1.0879561808374194,0.9573572042915556,0.9676956182718277,36.90917695013061,0.0006251191720354488,-0.018255005548189707,0.8470289707183838,0
2021-12-02,0.9723119735717773,96.12999725341797,15381.3203125,-0.018788458161952848,0.018788458161952848,-0.057734981003000896,-0.14423923443068443,-0.2471073100064597,0.05309942067126583,0.5436144964572267,0.9723165716443744,1.1032991051673888,1.0844103693962097,0.957629570696089,0.9652941483259201,40.504321005313166,0.0008328391371008603,0.008343391390618793,0.8055949807167053,0
2021-12-03,0.9222440123558044,96.12000274658203,15085.4697265625,-0.0514937207160463,0.0514937207160463,-0.015064853750117901,-0.23705572007263032,-0.26560008422061476,-0.024375653679328257,0.46044150909238324,0.9703014322689602,1.0937473714351653,1.0807044247786204,0.9575015597873264,0.9624238684773445,26.956371710990283,-0.00010396865829076507,-0.019234407705369105,0.8282880187034607,0
2021-12-04,0.8470289707183838,96.12000274658203,15085.4697265625,-0.08155655187751165,0.08155655187751165,-0.10571521384177918,-0.29531875611665104,-0.35118325102811887,-0.01640355478761002,0.5199833570516739,0.9559972882270813,1.08191490372022,1.075610324409273,0.9574230819940567,0.9587053433060646,21.278950181261393,0.0,0.0,0.8185880184173584,0
2021-12-05,0.8055949807167053,96.12000274658203,15085.4697265625,-0.04891685105709831,0.04891685105709831,-0.16841895422644937,-0.3064381450678878,-0.4201904104771407,-0.08014838616064324,0.37844979840299153,0.9326892835753304,1.070050303141276,1.069123457537757,0.9570331209235721,0.9573817533254624,21.087501392786706,0.0,0.0,0.863306999206543,1
2021-12-06,0.8282880187034607,96.29000091552734,15225.150390625,0.028169289196124714,0.028169289196124714,-0.16499941354414982,-0.28128323964298885,-0.26380873137081595,-0.09972019892444806,0.33626956776436745,0.909307428768703,1.0592447698116303,1.0658255583710141,0.956523421075609,0.9555955085158349,26.29324933120833,0.0017686034549282414,0.009259285033501596,0.8612719774246216,1
2021-12-07,0.8185880184173584,96.37000274658203,15686.919921875,-0.011710902568995207,0.011710902568995207,-0.18039076856530245,-0.32766719065072747,-0.2563158816436958,-0.05820872124815202,0.3442968175010379,0.883569427898952,1.045946572224299,1.0626907580428653,0.9562423434522417,0.9546535685658455,20.325905374172734,0.0008308425619900639,0.03032939047579708,0.8010969758033752,0
2021-12-08,0.863306999206543,95.88999938964844,15786.990234375,0.05462941037867042,0.05462941037867042,-0.12879115469568292,-0.3267915783782598,-0.20753974532962416,0.01751074790920093,0.5448307285889327,0.8653375676700047,1.0319775720437367,1.0601786024040647,0.9563248823086421,0.9544385185837746,29.61131639477948,-0.0049808378463558345,0.006379219948745574,0.8393129706382751,0
2021-12-09,0.8612719774246216,96.2699966430664,15517.3701171875,-0.002357239989704385,0.002357239989704385,-0.11420202482877129,-0.3158698264409361,-0.18537888947545145,0.03433353354660307,0.47581696075432434,0.8494747110775539,1.018722305695216,1.0580008804798127,0.9564837098121644,0.9547598034143447,30.172368649636226,0.003962845508777679,-0.017078626969719846,0.841323971748352,0
2021-12-10,0.8010969758033752,96.05000305175781,15630.599609375,-0.06986759490443639,0.06986759490443639,-0.13136115272027415,-0.3287119790768672,-0.2581789659415903,-0.09291976508551081,0.39818724913714565,0.832167991570064,1.0056464393933615,1.054903002580007,0.9560278041495217,0.9538011133670807,32.87438493130567,-0.0022851729404774757,0.007296951180025157,0.7828940153121948,0
2021-12-11,0.8393129706382751,96.05000305175781,15630.599609375,0.04770458008105094,0.04770458008105094,-0.009109487806024497,-0.3111147650311955,-0.25036982862779156,-0.06001144434373462,0.5358446666578685,0.8310657058443341,0.9930114050706228,1.0517883016003502,0.9557301150427924,0.9531167432665825,37.23102489900003,0.0,0.0,0.7962489724159241,0
2021-12-12,0.841323971748352,96.05000305175781,15630.599609375,0.0023960086170806694,0.0023960086170806694,0.04435105963527741,-0.29262166417611324,-0.20978548601604763,-0.0544797029708608,0.6613789620267141,0.8361698474202838,0.9814103702704112,1.0493065906895531,0.9554608037074407,0.952154738008976,34.17885133898065,0.0,0.0,0.8274310231208801,0
2021-12-13,0.7828940153121948,96.31999969482422,15413.2802734375,-0.0694500078426794,0.0694500078426794,-0.0548046118816522,-0.3431755785076481,-0.28605451905366497,-0.05891754017668427,0.5306923179296632,0.82968498979296,0.9677755693594615,1.0458212580945756,0.9551885038614273,0.9512180331349372,26.130148583200494,0.0028110008796242703,-0.01390345484936839,0.8062300086021423,1
2021-12-14,0.7962489724159241,96.56999969482422,15237.6396484375,0.017058448324456466,0.017058448324456466,-0.027289729997055368,-0.3300933818516181,-0.2899212371410642,-0.053704519243376825,0.5998187592987803,0.8264936975070408,0.9546973029772441,1.0422089907858108,0.9549374537335502,0.9506985381245613,27.22067006331332,0.002595514958389611,-0.0113954084973521,0.7992910146713257,0
2021-12-15,0.8274310231208801,96.51000213623047,15565.580078125,0.03916118172227656,0.03916118172227656,-0.04155645224541915,-0.29362171759256805,-0.24193080518895005,0.03733853781480079,0.7615784984212783,0.8213685580662319,0.943232637643814,1.039274913072586,0.955102914902899,0.9506767532229423,32.52659684927377,-0.0006212856868940131,0.021521734156584316,0.8273789882659912,0
2021-12-16,0.8062300086021423,96.04000091552734,15180.4296875,-0.025622697150962992,0.025622697150962992,-0.06390776696005596,-0.2609727257568172,-0.2434013574848941,0.05849890505739519,0.4178513720395032,0.8135054196630206,0.9337425033251444,1.0363930463790894,0.955350453986062,0.9501748582720757,32.34800615718093,-0.004869974202670546,-0.024743722282876468,0.8350329995155334,1
2021-12-17,0.7992910146713257,96.56999969482422,15169.6796875,-0.008606717508379047,0.008606717508379047,-0.002254360191833782,-0.2709134216763055,-0.25693519606948945,0.029514001249093536,0.3860288877507936,0.8132474252155849,0.9238425056139629,1.0333221912384034,0.9554777539438671,0.9489383932948112,35.612971368766225,0.005518521181221647,-0.0007081485979841817,0.8798279762268066,1
2021-12-18,0.8273789882659912,96.56999969482422,15169.6796875,0.03514111015775079,0.03514111015775079,-0.014218751276068642,-0.20593523698296123,-0.21083856783491073,0.3554968546310371,0.4160658731894584,0.8115425705909729,0.9166900038719177,1.0308660904566447,0.956683259540134,0.9480202832818031,47.41568636796352,0.0,0.0,0.9476460218429565,1
2021-12-19,0.8350329995155334,96.56999969482422,15169.6796875,0.0092509132551013,0.0092509132551013,-0.007477466997339199,-0.2349619089963968,-0.08953694605867701,0.5319822712745197,0.44179268711748376,0.8106438602719989,0.9081413686275482,1.0299536572562324,0.9582941816912757,0.9470734483003617,54.24916124560663,0.0,0.0,0.9546989798545837,1
2021-12-20,0.8798279762268066,96.55000305175781,14980.9404296875,0.053644558642906626,0.053644558642906626,0.12381492132872851,-0.1984410476337144,0.003992760074385426,0.40427586399788495,0.5822593914421588,0.8244915689740863,0.9008807679017384,1.029992534716924,0.9597013649013307,0.9462459832429886,56.99321121576837,-0.00020706889437294151,-0.012441874957189958,0.9932850003242493,1
2021-12-21,0.9476460218429565,96.48999786376953,15341.08984375,0.077081028847243,0.077081028847243,0.19013782707646576,-0.10614023291042685,-0.05620090706178471,0.4101875515165525,0.8331696237962909,0.8461197188922337,0.8971298674742381,1.0293655349148645,0.9612327317396799,0.9461332333087921,65.12571076171973,-0.0006214933826166336,0.02404050772065003,0.9120470285415649,0
2021-12-22,0.9546989798545837,96.08000183105469,15521.8896484375,0.0074426081564831215,0.0074426081564831215,0.1538109560524792,-0.07902886859611569,-0.047244668244401655,0.5566007169004958,1.128895601889972,0.8643008555684771,0.894399098555247,1.0288395232624479,0.963129265109698,0.9462902981042862,61.74849219166992,-0.004249103967166601,0.011785329890441787,0.9248189926147461,0
2021-12-23,0.9932850003242493,96.0199966430664,15653.3701171875,0.0404169495138067,0.0404169495138067,0.2320119441428714,-0.06913596204632644,0.050068522494464585,0.6139559717764718,2.840979675226336,0.8910229972430638,0.891940031449,1.0293657567765977,0.965228431754642,0.946530293226242,65.51258587806979,-0.0006245335849783817,0.008470648337796538,0.921180009841919,0
2021-12-24,0.9120470285415649,96.0199966430664,15653.3701171875,-0.08178717262031032,0.08178717262031032,0.14107003807193474,-0.1247779715265892,-0.031120429949842654,0.40982314846354195,1.6998096658013777,0.9071309992245266,0.8876057644685109,1.029040257136027,0.9667013429933125,0.9467847535014152,62.42258379556262,0.0,0.0,0.9261839985847473,0
2021-12-25,0.9248189926147461,96.0199966430664,15653.3701171875,0.014003624455204422,0.014003624455204422,0.1177694934614768,-0.10376030602220121,-0.02106652782989904,0.4366209128552945,1.9074037864167086,0.9210509998457772,0.88403679728508,1.0288191239039104,0.9682628595166736,0.9470299085974694,60.15217006383211,0.0,0.0,0.8529599905014038,0
2021-12-26,0.921180009841919,96.0199966430664,15653.3701171875,-0.00393480540720581,0.00393480540720581,0.10316599508805746,-0.0162011836775382,-0.0027119682222137564,0.3127364734470217,2.1256851223595845,0.9333577156066895,0.8835311313470204,1.0287912905216217,0.9694820539818869,0.9470356386899949,59.44483280099192,0.0,0.0,0.8167139887809753,0
2021-12-27,0.9261839985847473,96.08999633789062,15871.259765625,0.005432150816741199,0.005432150816741199,0.05268759758781627,-0.0221441205074121,0.036360548988426,0.31118077993321913,2.2722839847858523,0.9399800045149667,0.8828319986661275,1.0291523463196224,0.9707032206985685,0.9473206487298012,69.39895843067079,0.0007290116358202869,0.013919663740542099,0.8396490216255188,0
2021-12-28,0.8529599905014038,96.19999694824219,15781.7197265625,-0.0790598932773976,0.0790598932773976,-0.09991708840544689,-0.1195260920405502,-0.08120763433354439,0.2900571183366447,2.4399373083704625,0.9264534286090306,0.8789722979068756,1.02831469045745,0.9717686649825837,0.9473431986570359,56.60670413266112,0.0011447665162225285,-0.005641646623189445,0.8311629891395569,0
2021-12-29,0.8167139887809753,95.93000030517578,15766.2197265625,-0.04249437502821396,0.04249437502821396,-0.14453245890618394,-0.176667241104979,-0.1426799052468375,0.2435444253404795,2.6961739039305974,0.9067412870270866,0.873130730787913,1.0268044458495247,0.9726572814914916,0.9472633534669876,48.766049075837316,-0.0028066180003276653,-0.000982148984303155,0.8494719862937927,1
2021-12-30,0.8396490216255188,95.97000122070312,15741.5595703125,0.02808208645816901,0.02808208645816901,-0.15467461871323673,-0.15930349112620967,-0.19467706070912916,0.24782882948081197,2.9638246493132585,0.8847932900701251,0.8678272306919098,1.0245491683483123,0.9735837317175335,0.94704579859972,53.83253535271509,0.00041698025018344076,-0.001564113444927684,0.8591179847717285,1
2021-12-31,0.8311629891395569,95.66999816894531,15644.9697265625,-0.010106642498711405,0.010106642498711405,-0.08868406657861494,-0.16122937878010213,-0.1997852757884535,0.19601265674046386,2.780660129737695,0.8732384272984096,0.8625016629695892,1.0222434798876445,0.9743404984474182,0.9467371284961701,53.642195282201115,-0.0031260086270905596,-0.00613597676383737,0.8328850269317627,0
2022-01-01,0.8494719862937927,95.66999816894531,15644.9697265625,0.022028167030379686,0.022028167030379686,-0.08147216582125372,-0.1263380382190844,-0.1949430531278188,0.2982913334496944,2.5775677288857697,0.8624745692525592,0.8584069967269897,1.0199579457441965,0.975424787402153,0.9465354883670807,52.582411878597185,0.0,0.0,0.8246729969978333,0
2022-01-02,0.8591179847717285,95.66999816894531,15644.9697265625,0.011355287323859597,0.011355287323859597,-0.0673723098711626,-0.06844829214214698,-0.17630425658951654,0.2911262529904126,2.875924293185587,0.8536085656711033,0.8563027958075206,1.0179147673977746,0.976500987344318,0.9466715383529664,52.80220248889567,0.0,0.0,0.7743579745292664,0
2022-01-03,0.8328850269317627,96.23999786376953,15832.7998046875,-0.030534755766911337,0.030534755766911337,-0.1007348127321891,-0.01669829991130678,-0.23271972473986258,0.278264190606786,2.687812207157595,0.8402801411492484,0.8558313310146332,1.0151079012287987,0.9775082651111815,0.946628773510456,44.29180330055086,0.005957977482320409,0.012005780861697346,0.7813460230827332,0
2022-01-04,0.8246729969978333,96.29000091552734,15622.7197265625,-0.009859740142263651,0.009859740142263651,-0.03316332983794745,0.023681895664438013,-0.23475304407040942,0.3235894075859602,2.484381568488569,0.8362391420773098,0.8564672648906708,1.012296978632609,0.9786283483107885,0.9467638984322548,32.511520139667454,0.0005195662184924732,-0.013268662568625578,0.7630739808082581,0
2022-01-05,0.7743579745292664,96.19000244140625,15100.169921875,-0.06101208921807233,0.06101208921807233,-0.05186150210911589,-0.06511025507602097,-0.27496333119811023,0.21600679833145486,2.415029636388668,0.8301882828984942,0.854669596751531,1.009034001164966,0.9793925371434954,0.946827323436737,27.163063824648262,-0.0010385135857338135,-0.033448068827544475,0.7476879954338074,0
2022-01-06,0.7813460230827332,96.25,15080.8603515625,0.009024312764022158,0.009024312764022158,-0.06943734470137763,-0.04549540733155144,-0.2648860341025121,0.2492281909382621,2.114235210703298,0.8218592831066677,0.8534281969070434,1.0059057235717774,0.9802585538890627,0.9468521684408188,20.8271567704373,0.0006237400672726157,-0.0012787651008169254,0.7545049786567688,0
2022-01-07,0.7630739808082581,95.73999786376953,14935.900390625,-0.023385339829828933,0.023385339829828933,-0.08192016394015145,-0.11610356280026468,-0.34213566779186166,0.19992447432187865,1.3407033597432703,0.8121322819164821,0.8500870962937673,1.0014962560600704,0.9809648815128539,0.9476155984401703,25.19440217027754,-0.005298723493303625,-0.009612181106264384,0.7393350005149841,0
2022-01-08,0.7476879954338074,95.73999786376953,14935.900390625,-0.02016316341720059,0.02016316341720059,-0.11982030308505431,-0.13187934237736776,-0.3432421092444049,0.1864711644177155,1.3131763736355433,0.7975917117936271,0.8463009635607401,0.997154422601064,0.9816177149613698,0.9486287033557892,20.76034237899364,0.0,0.0,0.7705540060997009,1
2022-01-09,0.7545049786567688,95.73999786376953,14935.900390625,0.009117416976858417,0.009117416976858417,-0.12176791543102883,-0.05816024595509417,-0.3369250675935036,0.21788051824002808,1.3079474771869335,0.7826469966343471,0.8447478969891866,0.9928946117560069,0.9823676149050394,0.9492685532569886,22.772024837124434,0.0,0.0,0.7995479702949524,1
2022-01-10,0.7393350005149841,95.98999786376953,14942.830078125,-0.020105868842365315,0.020105868842365315,-0.11232045647573274,-0.11911881934489876,-0.3290112271224377,0.19185293798301384,1.3224987979310932,0.7692827071462359,0.8414152979850769,0.9888665676116943,0.9830287870433595,0.9496052283048629,20.457639948039926,0.0026112388299375233,0.0004639618180870553,0.7683280110359192,1
2022-01-11,0.7705540060997009,95.62000274658203,15153.4501953125,0.04222579150584127,0.04222579150584127,-0.0656247883647808,-0.08411737692625632,-0.3171220471351218,0.29083781061383074,1.667153632390531,0.761551422732217,0.8390562991301219,0.9848905901114146,0.9839933037757873,0.9503913834691048,34.97524932703165,-0.0038545174020381268,0.014095062052256635,0.7742969989776611,0
2022-01-12,0.7995479702949524,95.0,15188.3896484375,0.03762742645646555,0.03762742645646555,0.03253016898418215,0.021272298238371956,-0.29388264846600354,0.353390587116456,1.7370251502215717,0.7651499935558864,0.8396114309628805,0.9811931676334805,0.9851531591680315,0.9513119482994079,46.78517401259506,-0.006484027701036621,0.0023057094374328013,0.7814229726791382,0
2022-01-13,0.7683280110359192,94.79000091552734,14806.8095703125,-0.03904701208548644,0.03904701208548644,-0.01666100762304068,-0.03506561684505416,-0.3263530758462887,0.3191811509365994,1.5143269710246088,0.7632902775491986,0.8386807322502137,0.9770573675632477,0.9861859371264775,0.9519189733266831,37.04512177218293,-0.0022105166786595687,-0.025123142542254673,0.778954029083252,0
2022-01-14,0.7742969989776611,95.16999816894531,14893.75,0.007768801678457837,0.007768801678457837,0.014707641004238603,-0.06421565382309413,-0.31785766983918606,0.3170063872622164,1.6208443766295102,0.7648935658591134,0.8369095981121063,0.9730484902858734,0.9872213539150027,0.9525717282295227,39.57543567122707,0.00400883268011154,0.005871651774452147,0.7627419829368591,0
2022-01-15,0.7814229726791382,95.16999816894531,14893.75,0.00920315293858276,0.00920315293858276,0.04511905694802265,-0.03076917958687131,-0.2853718555788639,0.4015148429529849,1.7867555530614534,0.7697128483227321,0.8360826969146729,0.9695813238620759,0.9884650594658322,0.9529702180624008,36.99204601258099,0.0,0.0,0.7526310086250305,0
2022-01-16,0.778954029083252,95.16999816894531,14893.75,-0.0031595482628586913,0.0031595482628586913,0.032404094231438085,-0.025443781069447446,-0.28130299344715304,0.47156827595401496,1.7801120857850128,0.7732055698122297,0.8354047973950703,0.9661936793062422,0.9898518264293671,0.9533331182599067,34.24387891715796,0.0,0.0,0.739749014377594,0
2022-01-17,0.7627419829368591,95.16999816894531,14893.75,-0.020812583979407218,0.020812583979407218,0.03165950807897744,-0.07812260916197233,-0.3015694958351304,0.3381484641816672,1.7497690831540238,0.7765494244439262,0.833250230550766,0.9625343680381775,0.9909226261907154,0.9538409280776977,35.64812793502952,0.0,0.0,0.7194210290908813,0
2022-01-18,0.7526310086250305,95.7300033569336,14506.900390625,-0.013256087298220254,0.013256087298220254,-0.023259884878661374,-0.09868111911542499,-0.34114283036797544,0.27089392372937304,1.6429527521066403,0.7739889962332589,0.8305034975210825,0.958204401201672,0.9918138762315114,0.954320268034935,35.37324920311059,0.0058842618342196396,-0.025973956147712918,0.6357380151748657,0
2022-01-19,0.739749014377594,95.51000213623047,14340.259765625,-0.017115949382646933,0.017115949382646933,-0.07479095456311224,-0.15921176142857996,-0.3209044437978047,0.21424794221903887,1.513468682570136,0.7654462882450649,0.8258341987927754,0.9543203340636359,0.9925390150811937,0.9546545732021332,41.7137982251743,-0.002298142828668248,-0.011486990364095284,0.5960419774055481,0
2022-01-20,0.7194210290908813,95.73999786376953,14154.01953125,-0.027479570626824157,0.027479570626824157,-0.06365377969117336,-0.24083358922166886,-0.33899466842235493,0.17971334542510609,1.426230562703044,0.7584595765386309,0.818226699034373,0.9502208564016554,0.9931478708982467,0.954776953458786,36.063903849120386,0.002408080016698344,-0.012987228782384785,0.6287559866905212,0
2022-01-21,0.6357380151748657,95.63999938964844,13768.919921875,-0.116319944138642,0.116319944138642,-0.17894810904051162,-0.3340958473929667,-0.41915049993976894,0.04845501545171316,1.3638129368052807,0.7386654359953744,0.8075946668783823,0.9451235347323947,0.993311098880238,0.9546841436624527,27.861221263328545,-0.0010444795942379237,-0.02720779129382689,0.6121389865875244,0
2022-01-22,0.5960419774055481,95.63999938964844,13768.919921875,-0.06244087473422344,0.06244087473422344,-0.237235148895104,-0.39992854295496727,-0.4502892874321446,-0.047274861739491025,1.1849127366619636,0.7121824366705758,0.7943532327810924,0.9396986345450083,0.9931467877493965,0.9543373435735703,25.689638170718837,0.0,0.0,0.617563009262085,1
2022-01-23,0.6287559866905212,95.63999938964844,13768.919921875,0.054885411640587245,0.054885411640587245,-0.19282016240354805,-0.31061012533975185,-0.4258764510276699,-0.024585698987698246,1.31312519879015,0.6907255734716143,0.7849101980527242,0.9345163901646932,0.9930587430795034,0.9542232483625412,31.386671852039015,0.0,0.0,0.6220719814300537,0
2022-01-24,0.6121389865875244,95.91999816894531,13855.1298828125,-0.02642837675464682,0.02642837675464682,-0.19744946484976933,-0.3380985993196135,-0.4475743699166831,-0.1561882571668417,1.238094527242295,0.6692108597074237,0.7744875311851501,0.929005789756775,0.9924292653799057,0.954168653190136,31.25279254101862,0.002927632591841922,0.0062611999653316985,0.6087700128555298,0
2022-01-25,0.617563009262085,95.94999694824219,13539.2900390625,0.008860769847053307,0.008860769847053307,-0.1794611141649599,-0.3295957330119841,-0.37961547371691595,-0.1743997817308428,1.295013837990353,0.6499154312270028,0.7643669644991556,0.9248070233398014,0.9917045209142897,0.9540724483132362,25.59523368081247,0.0003127479135689448,-0.02279587751406098,0.6125119924545288,0
2022-01-26,0.6220719814300537,96.48999786376953,13542.1201171875,0.007301234206622098,0.007301234206622098,-0.1590769715949547,-0.32834946146704225,-0.41248561983493404,-0.17290750862446558,1.3140235226244874,0.6331044265202114,0.7542298972606659,0.9199542674753401,0.9909820374515321,0.9540554931759835,19.290552714831833,0.00562794093488761,0.00020902706987113717,0.6169350147247314,0
2022-01-27,0.6087700128555298,97.26000213623047,13352.7802734375,-0.021383326964742322,0.021383326964742322,-0.15380564615296155,-0.2862853830955534,-0.4371074385175543,-0.18590342065176246,1.416300638150589,0.6172971384865897,0.7460902313391368,0.9147016783555348,0.9902097264925639,0.9539196681976319,20.565809071655025,0.007980146020399648,-0.013981551050466057,0.603181004524231,0
2022-01-28,0.6125119924545288,97.2699966430664,13770.5703125,0.006146786996696241,0.006146786996696241,-0.036533952927053415,-0.25002877277911917,-0.4349254351481383,-0.15622890314846516,1.3190494201161211,0.6139791352408273,0.7392834981282552,0.9094634897179074,0.9895796709590488,0.9538313382863999,19.907733229030995,0.0001027607096073524,0.03128861783890824,0.6191490292549133,0
2022-01-29,0.6169350147247314,97.2699966430664,13770.5703125,0.00722111946327475,0.00722111946327475,0.03505296289722182,-0.26524655083813964,-0.44582379808178807,-0.16542437244669306,1.186255327840545,0.6169638548578534,0.7318596978982289,0.9039489116933611,0.9889003098011017,0.9538183984160423,19.09422037898875,0.0,0.0,0.6292330026626587,0
2022-01-30,0.603181004524231,97.2699966430664,13770.5703125,-0.02229409884708422,0.02229409884708422,-0.04067552867513058,-0.27429275315944857,-0.44807465569356886,-0.15370214511129654,0.37010616676517416,0.6133102859769549,0.7242602984110514,0.8985079560014937,0.9882917099528843,0.9537326833605766,18.31742928050366,0.0,0.0,0.6014829874038696,0
2022-01-31,0.6191490292549133,96.54000091552734,14239.8798828125,0.026473023206819102,0.026473023206819102,0.011451717372990222,-0.27113661280787826,-0.4550684742364026,-0.15241725078953994,0.2576303245467111,0.6143117206437247,0.7165828665097554,0.8927629894680447,0.9876731601026323,0.9538437235355377,24.09500423238913,-0.007504839649761563,0.03408061973195786,0.6076840162277222,0
2022-02-01,0.6292330026626587,96.38999938964844,14346.0,0.01628682745393384,0.01628682745393384,0.01889684651695389,-0.2675825511558244,-0.47945477152332383,-0.1417416239188315,0.6937221622758574,0.6159788625580924,0.7089200337727865,0.8863234003384908,0.9870958377917608,0.954036018550396,27.73612009972034,-0.0015537758903706456,0.007452318282233916,0.6558769941329956,1
2022-02-02,0.6014829874038696,95.94000244140625,14417.5498046875,-0.04410133470647959,0.04410133470647959,-0.03309744634190559,-0.2778319120231364,-0.49959943001837126,-0.1942766166230585,0.6288433733675689,0.6130375776972089,0.70120663245519,0.8796509557300144,0.9862901154491637,0.9541312935948372,26.323826810676067,-0.004668502449337253,0.004987439334134924,0.6671270132064819,1
2022-02-03,0.6076840162277222,95.37999725341797,13878.8203125,0.010309566444460128,0.010309566444460128,-0.0017839193864257474,-0.2631212390366181,-0.47682586957960804,-0.25554557699959324,0.5443442954896314,0.6128824353218079,0.6939736664295196,0.8734970781538222,0.9851312432024214,0.95423010379076,29.89380149795059,-0.005837035373542854,-0.03736623070394007,0.6836469769477844,1
2022-02-04,0.6558769941329956,95.4800033569336,14098.009765625,0.07930598241572584,0.07930598241572584,0.07079861653759556,-0.153005437140743,-0.4308866266666046,-0.157770427901201,0.4690972029145126,0.6190774355615888,0.6900243004163106,0.867979555659824,0.984448676639133,0.9547217088937759,54.15447328013,0.0010485018493964215,0.01579308962791215,0.8278189897537231,1
2022-02-05,0.6671270132064819,95.4800033569336,14098.009765625,0.017152635591918708,0.017152635591918708,0.08135702672694878,-0.14618236543344776,-0.4520670118662563,-0.1849922522616988,0.4823496955944384,0.6262477210589817,0.6862170000871023,0.8618639230728149,0.98360742131869,0.9554106640815735,66.6140082085899,0.0,0.0,0.8781939744949341,1
2022-02-06,0.6836469769477844,95.4800033569336,14098.009765625,0.024762846375985914,0.024762846375985914,0.13340269640457647,-0.10408820882130398,-0.46689080162619856,-0.196887663843328,0.5569419240367115,0.6377428599766323,0.6835694332917531,0.8552113672097524,0.9826763100094266,0.9559789088368416,63.87979897970626,0.0,0.0,0.8706269860267639,1
2022-02-07,0.8278189897537231,95.4000015258789,14015.669921875,0.21088663837820243,0.21088663837820243,0.33702703329749895,0.10717170104279106,-0.3424423829169929,-0.18242038450530262,0.9806272564782537,0.6675528543336051,0.6862404664357503,0.8504212452305688,0.9816501710149977,0.9571569737792015,83.1517542667019,-0.0008378909535184942,-0.0058405296292791675,0.8300099968910217,0
2022-02-08,0.8781939744949341,95.63999938964844,14194.4501953125,0.06085265663716832,0.06085265663716832,0.3956578418149932,0.1639339690751498,-0.26410770115050464,-0.08952891982281785,0.9615592356633627,0.7031187074525016,0.6903634329636892,0.8469192564487458,0.9811704208453497,0.9585018235445023,85.19728909213435,0.002515700837849799,0.012755742282319904,0.7602260112762451,0
2022-02-09,0.8706269860267639,95.48999786376953,14490.3701171875,-0.0086165342600103,0.0086165342600103,0.4474673502979325,0.1775811850112985,-0.28541307376302516,-0.2012303178509779,0.8445838613559431,0.741567850112915,0.6947398324807484,0.8430555118454828,0.9799519042174022,0.9598058235645294,83.29150267980701,-0.0015683973947739904,0.020847579004696026,0.8224080204963684,0
2022-02-10,0.8300099968910217,95.55000305175781,14185.6396484375,-0.04665257313135196,0.04665257313135196,0.36585787140398573,0.07716005668735426,-0.30213436198918053,-0.35176332019163437,0.6486606255962595,0.7733287044933864,0.6967216988404592,0.8390627894136641,0.9774496710962719,0.9609240886569023,77.61247547134666,0.000628392390100263,-0.021029860954935087,0.8102729916572571,0
2022-02-11,0.7602260112762451,96.08000183105469,13791.150390625,-0.08407607845226839,0.08407607845226839,0.15909845607740603,-0.049180237433660734,-0.36219334891602417,-0.409835710575429,0.44863725393876863,0.7882357069424221,0.695410966873169,0.8342659890651702,0.9745167046785355,0.9615971288084983,65.82679607245778,0.005546821165560711,-0.027809056735481952,0.8022180199623108,1
2022-02-12,0.8224080204963684,96.08000183105469,13791.150390625,0.08179410898573969,0.08179410898573969,0.23276078500185937,0.07038661702250626,-0.30808504018885785,-0.30947700443198944,0.3513290610558035,0.8104187079838344,0.6972136338551839,0.8301972230275472,0.972469010617998,0.9624861487746239,69.59061323168896,0.0,0.0,0.8523330092430115,1
2022-02-13,0.8102729916572571,96.08000183105469,13791.150390625,-0.014755484548639508,0.014755484548639508,0.18522134812152347,0.04646278201658616,-0.3082695377202842,-0.2621801837769927,0.2882005177392697,0.8285081386566162,0.6984128336111705,0.8261850231223636,0.9708694216277864,0.9629102888703346,69.8061188483308,0.0,0.0,0.8390359878540039,1
2022-02-14,0.8022180199623108,96.37000274658203,13790.919921875,-0.009941059097220317,0.009941059097220317,-0.030925806375894593,0.026611768543067127,-0.2646502979101162,-0.30004348794767055,0.3500967608876562,0.824850857257843,0.6991060018539429,0.8229770673645868,0.9689589831564162,0.9631812939047814,67.7776599567324,0.0030183275395567755,-1.6711350646736456e-05,0.7671729922294617,0
2022-02-15,0.8523330092430115,95.98999786376953,14139.759765625,0.06247053548243042,0.06247053548243042,-0.029447896481862967,0.09420193929302734,-0.22253028509664974,-0.3086437426729588,0.5527594707330639,0.8211564336504255,0.7015519678592682,0.8202664236227671,0.9668450444936753,0.9636823639273644,70.10214346056824,-0.00394318638562019,0.025294892996708285,0.7858899831771851,0
2022-02-16,0.8390359878540039,95.69999694824219,14124.08984375,-0.015600734976599306,0.015600734976599306,-0.036285342264579024,0.10002596765866034,-0.19474760381047218,-0.335796873622799,0.6109098907276045,0.8166434339114598,0.7040951013565063,0.8180117785930634,0.9644884556531906,0.9641386139392852,71.97680630438676,-0.003021157641225458,-0.0011082169806798658,0.8225280046463013,0
2022-02-17,0.7671729922294617,95.80000305175781,13716.7197265625,-0.08564947947983215,0.08564947947983215,-0.0757063226912078,0.01932153131851111,-0.297133691979521,-0.36934646085580747,0.4325303122377522,0.8076667189598083,0.7045798341433207,0.8144082334306505,0.9619923445913526,0.9643448689579963,63.156444003981086,0.0010449958903311352,-0.02884222075150311,0.7782959938049316,0
2022-02-18,0.7858899831771851,96.04000091552734,13548.0703125,0.024397353839751945,0.024397353839751945,0.03375834491358165,0.06237381585214119,-0.284022367313001,-0.35987955582350273,0.4760355245863448,0.8113330006599426,0.7061178664366404,0.8109442777103848,0.9595377220047845,0.9645782187581062,61.27314884681108,0.00250519682801964,-0.012295170961021396,0.70346599817276,0
2022-02-19,0.8225280046463013,96.04000091552734,13548.0703125,0.04661978426165514,0.04661978426165514,0.00014589370111006694,0.1433193795929406,-0.2241568331306356,-0.34053732349829047,0.45061810154525395,0.8113501412527901,0.7095547656218211,0.8083037773768107,0.9571780443191529,0.9651272138953209,62.90626685559454,0.0,0.0,0.722832977771759,0
2022-02-20,0.7782959938049316,96.04000091552734,13548.0703125,-0.053775689814220984,0.053775689814220984,-0.03946447454323099,0.22424013544455734,-0.24919984507491877,-0.31569470065403316,0.5039186695953464,0.8067819987024579,0.7143066982428233,0.8054334878921509,0.9551832887861463,0.9653662538528442,57.51482073383633,0.0,0.0,0.6987460255622864,0
2022-02-21,0.70346599817276,96.04000091552734,13548.0703125,-0.09614593448739583,0.09614593448739583,-0.12309873292822604,0.18022895171713782,-0.34074188233141245,-0.4000438293001769,0.28238655440270954,0.7926745670182365,0.7178874989350637,0.8013935877217186,0.9525773833195369,0.9652178287506104,38.90511758635254,0.0,0.0,0.6962720155715942,0
2022-02-22,0.722832977771759,96.02999877929688,13381.51953125,0.02753079700981198,0.02753079700981198,-0.15193595703428897,0.14962400847491764,-0.3063522765218424,-0.3277635716689108,0.2642665067593306,0.7741745625223432,0.7210233986377717,0.7978464537196689,0.9506194220648871,0.9650994285941124,35.32666256916781,-0.00010414552410575872,-0.012293321292873194,0.7689030170440674,1
2022-02-23,0.6987460255622864,96.19000244140625,13037.490234375,-0.03332298463155947,0.03332298463155947,-0.16720374849538466,0.14148263853862342,-0.32284703372325474,-0.41206402361410654,0.47550810921265185,0.7541331393378121,0.7239102999369303,0.7941448761357202,0.9478987167278926,0.9645117536187172,34.25764821487061,0.0016661841522782606,-0.025709284814148692,0.7509729862213135,1
2022-02-24,0.6962720155715942,97.13999938964844,13473.58984375,-0.00354064266584031,0.00354064266584031,-0.09241849931633273,0.12745097282228302,-0.25639768835698185,-0.392170226175104,0.47567779419664724,0.7440044283866882,0.7265339334805806,0.7914773431089189,0.9454029781950845,0.9640994188189507,36.83100508541605,0.009876254539247675,0.03344965952305512,0.721992015838623,1
2022-02-25,0.7689030170440674,96.62000274658203,13694.6201171875,0.10431411840219917,0.10431411840219917,-0.021614941654355957,0.23603544283809463,-0.1881998208508966,-0.3260155285396268,0.7695294565796944,0.7415777189391,0.7314283013343811,0.7894967324203915,0.9433367063601812,0.9638511690497399,50.84964897175526,-0.005353064096496385,0.01640470550170625,0.782043993473053,0
2022-02-26,0.7509729862213135,96.62000274658203,13694.6201171875,-0.023318975768469752,0.023318975768469752,-0.0869940208975103,0.23359063416865533,-0.22480288956862893,-0.3181867082504195,0.7550198876008754,0.731355573449816,0.736168400446574,0.7870769765641954,0.9413896954721874,0.9633497989177704,42.34139405069292,0.0,0.0,0.7848619818687439,1
2022-02-27,0.721992015838623,96.62000274658203,13694.6201171875,-0.038591228864988336,0.038591228864988336,-0.07234262853011719,0.17873939568982689,-0.2721568548276613,-0.39205432667232265,0.6491027629412123,0.7233121480260577,0.739817734559377,0.784077321158515,0.9388030234310362,0.9618971389532089,40.86528552053865,0.0,0.0,0.7684959769248962,1
2022-02-28,0.782043993473053,96.70999908447266,13751.400390625,0.08317540404470702,0.08317540404470702,0.11170119878487061,0.2676278292001162,-0.2169803832728825,-0.36670909354184766,0.8846568308340597,0.7345375759260995,0.7453213671843211,0.78166943192482,0.9362872176700168,0.9609846138954162,48.115330645700155,0.0009314462361036391,0.004146173676350395,0.7521849870681763,0
2022-03-01,0.7848619818687439,97.41000366210938,13532.4599609375,0.003603363006697613,0.003603363006697613,0.08581374398301334,0.30120473950902493,-0.20795417901675706,-0.3752710695040522,0.7548854809129968,0.7433988622256688,0.7513773997624715,0.779379787047704,0.9336679839425617,0.9594591239094734,43.08580816155804,0.007238182031470197,-0.015921318808865603,0.7126719951629639,0
2022-03-02,0.7684959769248962,97.38999938964844,13752.01953125,-0.020852080138829554,0.020852080138829554,0.09982160729498468,0.2412132469136028,-0.20961995962897106,-0.404928645287853,0.7592282670741488,0.7533631409917559,0.756355631351471,0.7771151648627387,0.9307627671294743,0.9568995440006256,42.81649364840288,-0.00020536158206430066,0.01622466062683925,0.7548999786376953,0
2022-03-03,0.7521849870681763,97.79000091552734,13537.9404296875,-0.021224561151234278,0.021224561151234278,0.08030334444890919,0.19539977064971903,-0.1843969958159174,-0.40102122241779614,0.670486501426713,0.7613507083484105,0.7604540308316549,0.7752256201373207,0.9279650224579705,0.9542196691036224,48.278957572163705,0.004107213557713818,-0.015567102786323672,0.7259939908981323,0
2022-03-04,0.7126719951629639,98.6500015258789,13313.4404296875,-0.05253094994520413,0.05253094994520413,-0.07313148815214077,0.18485810918611345,-0.15862146420029632,-0.45409951374771473,0.46458012534975723,0.7533177052225385,0.7641603310902914,0.7737327648533715,0.9246715446313222,0.9518280643224716,41.97575783863329,0.008794361410165541,-0.016583024660655976,0.7232869863510132,0
2022-03-05,0.7548999786376953,98.6500015258789,13313.4404296875,0.059253041737770795,0.059253041737770795,0.005229205961377437,0.24225742076257895,-0.06292864689140532,-0.4566770434004753,0.6478250639168568,0.7538787041391645,0.7690675298372904,0.7731694870524937,0.9211464722951254,0.9501115691661834,42.678095087642674,0.0,0.0,0.7209770083427429,0
2022-03-06,0.7259939908981323,98.6500015258789,13313.4404296875,-0.03829114923506449,0.03829114923506449,0.005542963040748861,0.10690571157755646,-0.12350055233860768,-0.35472875967338047,0.5609215417706412,0.7544504148619515,0.771404763062795,0.7720328867435455,0.9189292225572798,0.9480110543966294,44.143032288139615,0.0,0.0,0.7672359943389893,1
2022-03-07,0.7232869863510132,99.29000091552734,12830.9599609375,-0.003728687263334307,0.003728687263334307,-0.07513261096872603,0.0841818304952211,-0.11642123989378483,-0.3428965087920529,0.5492356207673992,0.7460565567016602,0.7732767621676128,0.7709739863872528,0.9168323722150591,0.9454632794857025,52.64723962374188,0.00648757607449757,-0.03624010422385804,0.7374650239944458,0
2022-03-08,0.7209770083427429,99.05999755859375,12795.5498046875,-0.0031937226189069357,0.0031937226189069357,-0.08139644294388149,0.05460425139539482,-0.16486602216200508,-0.3381895152386186,0.5223428851977796,0.7369301319122314,0.7745210965474446,0.7693925420443217,0.9147855722241931,0.9427520546317101,49.740288640092665,-0.0023164805601046945,-0.0027597433362587243,0.8021550178527832,1
2022-03-09,0.7672359943389893,97.97000122070312,13255.5498046875,0.06416152729000113,0.06416152729000113,-0.001639543502815366,-0.07318386768677221,-0.1091826804429642,-0.27432140586794584,0.5787138949893516,0.7367501343999591,0.7725016633669536,0.7683476977878146,0.9131742891338136,0.9405058696866035,59.024046459109144,-0.011003395565862939,0.03594999879032046,0.7865869998931885,1
2022-03-10,0.7374650239944458,98.51000213623047,13129.9599609375,-0.03880288537582566,0.03880288537582566,-0.0195696049865407,-0.16024813946306582,-0.07943102237418453,-0.3171025690955246,0.5922261704189979,0.7346472825322833,0.7678106983502706,0.7676406761010488,0.9112718393405278,0.9380545845627785,55.06326739816817,0.005511900671623549,-0.009474510344760545,0.7613509893417358,1
2022-03-11,0.8021550178527832,99.12000274658203,12843.8095703125,0.08771940601053463,0.08771940601053463,0.1255598975365344,-0.07864673307045389,-0.04427186768868152,-0.2835573563902256,0.7709179451873094,0.7474305714879718,0.7655282994111379,0.7672278099589878,0.909508055779669,0.9358290097117424,54.16856959083344,0.006192270806247624,-0.021793698646173865,0.7746559977531433,0
2022-03-12,0.7865869998931885,99.12000274658203,12843.8095703125,-0.019407742410272988,0.019407742410272988,0.04197512538373105,-0.052316233732706,-0.06506051615457342,-0.261197250168679,0.7831143299171053,0.751957288810185,0.7640808661778767,0.7666196213828192,0.9079631060361862,0.9340751847624779,54.491276683642454,0.0,0.0,0.7667829990386963,0
2022-03-13,0.7613509893417358,99.12000274658203,12843.8095703125,-0.032082923509897165,0.032082923509897165,0.04870150288690844,0.001479794230668574,-0.02751716777636659,-0.30570027663604393,0.6553842999661299,0.7570082885878426,0.7641183654467265,0.766380254427592,0.9061007562610838,0.9320192947983742,55.01088329363585,0.0,0.0,0.793537974357605,1
2022-03-14,0.7746559977531433,99.05999755859375,12581.2197265625,0.017475525214607046,0.017475525214607046,0.07102161710566235,-0.05806366372059957,-0.02711837052331112,-0.3091774161330072,0.7521713951712381,0.764346718788147,0.7625266313552856,0.7661403324868944,0.9041746616363525,0.9305162447690963,48.93233327257811,-0.0006053792002175262,-0.02044485651336314,0.7935029864311218,1
2022-03-15,0.7667829990386963,99.06999969482422,12948.6201171875,-0.010163219206050567,0.010163219206050567,0.06353321973643,-0.05367325958824121,-0.07329677325057671,-0.2974948310692629,0.7524266088285931,0.7708904317447117,0.7610769649346669,0.7654664655526479,0.902370689312617,0.9284077948331833,47.42496124049435,0.0001009704873509154,0.02920228710808659,0.7982659935951233,1
2022-03-16,0.793537974357605,98.37999725341797,13436.5498046875,0.0348924993804649,0.0348924993804649,0.03428147299225204,-0.01082005812473974,-0.015742448320105407,-0.25531207251375,0.7153869148089069,0.7746478574616569,0.7607876300811768,0.7653254429499309,0.9008592446645101,0.9266479599475861,53.46427607279305,-0.006964797047862459,0.03768198333754036,0.8193730115890503,1
2022-03-17,0.7935029864311218,98.01000213623047,13614.7802734375,-4.409105501401722e-05,4.409105501401722e-05,0.07598728158407964,-0.06902234475717273,-0.007241452905089818,-0.2623160648525821,0.6796664631972225,0.7826532806668963,0.7588266293207805,0.7652611315250397,0.8992916613817215,0.9249113151431083,55.98541122876033,-0.0037608774905170117,0.013264600759922862,0.8061209917068481,0
2022-03-18,0.7982659935951233,98.2300033569336,13893.83984375,0.006002506916103378,0.006002506916103378,-0.004848220320394003,-0.048591472653226386,-0.03518701234108268,-0.23860680088761022,0.6879550516594859,0.7820977057729449,0.7574676295121511,0.7649376538064745,0.8979018721315596,0.9233954703807831,63.78743053377977,0.0022446813172938285,0.02049681043012841,0.8381519913673401,1
2022-03-19,0.8193730115890503,98.2300033569336,13893.83984375,0.026441083753133476,0.026441083753133476,0.04168135463758471,0.06804204512973211,-0.01875373540395253,-0.10661152926736717,0.7390141288277106,0.7867814217294965,0.7592076301574707,0.7647636539406246,0.8973586555984285,0.9215543705224991,61.143516828216775,0.0,0.0,0.8370969891548157,1
2022-03-20,0.8061209917068481,98.2300033569336,13893.83984375,-0.016173366335927808,0.016173366335927808,0.058803367949676444,0.025742799835510644,-0.08377431328798524,-0.08011604394695515,0.5296674456497028,0.7931771363530841,0.7598819971084595,0.7639446874459584,0.8969686110814412,0.9194105303287506,64.64143456669323,0.0,0.0,0.8378869891166687,1
2022-03-21,0.8381519913673401,98.5,13838.4599609375,0.03973472963738467,0.03973472963738467,0.08196669721575023,0.018995081787832158,-0.11554317535431147,-0.16525045115638504,0.6123423759348288,0.8022479925836835,0.7604027966658274,0.7627280871073405,0.8960468110111025,0.9173196700215339,68.95743851595034,0.0027486168567594227,-0.003985930702764762,0.8429679870605469,0
2022-03-22,0.8370969891548157,98.48999786376953,14108.8203125,-0.001258724221132379,0.001258724221132379,0.09169998579033556,0.07555094182409694,-0.12318227334618159,-0.16460723595275173,0.5221549979537194,0.8122928483145577,0.7623628298441569,0.7614213983217876,0.8951304607921177,0.9150479799509048,69.24427947525785,-0.00010154453025856824,0.019536881439528697,0.8251270055770874,0
2022-03-23,0.8378869891166687,98.62000274658203,13922.599609375,0.0009437376696941335,0.0009437376696941335,0.05588770316249292,0.19108384952942248,-0.15644856325913736,-0.11421318917343959,0.5053799401699379,0.8186284218515668,0.7668435295422872,0.7596947537528144,0.8945302552647061,0.912958519756794,63.786581645340384,0.0013199805628214545,-0.013198885448984954,0.8327720165252686,0
2022-03-24,0.8429679870605469,98.79000091552734,14191.83984375,0.006064061156069167,0.006064061156069167,0.062337510350024106,0.16620023294886455,-0.07574065735566393,-0.10450400548391459,0.7244357130629151,0.8256948505129132,0.7708480298519135,0.7589272088474698,0.8939837329917484,0.9106458696722984,72.78277841762399,0.0017237696634642141,0.0193383593530696,0.8573430180549622,0
2022-03-25,0.8251270055770874,98.80999755859375,14169.2998046875,-0.021164482824159725,0.021164482824159725,0.03364919988761028,0.18086826313337712,-0.10779621507966541,-0.12659185094463088,0.5944544317000715,0.8295321379389081,0.7750607291857402,0.7578195201026069,0.8933193220032586,0.9078244397044182,56.21899827600563,0.00020241565827605612,-0.0015882393904287362,0.8633040189743042,1
2022-03-26,0.8327720165252686,98.80999755859375,14169.2998046875,0.009265253587033229,0.009265253587033229,0.01635275356486643,0.19604407171472582,-0.09597254865726168,-0.09842424237731207,0.4685912930578149,0.831446281501225,0.7796107292175293,0.7568372090657552,0.8928142497936885,0.9063628050684929,63.06366271345777,0.0,0.0,0.8579999804496765,1
2022-03-27,0.8573430180549622,98.80999755859375,14169.2998046875,0.029505075869642905,0.029505075869642905,0.06354136274215927,0.11502100921763736,-0.07432754251312634,-0.04066958377543828,0.5575509688734075,0.8387637138366699,0.7825587292512258,0.7560723092820909,0.8926123278008566,0.9051459199190139,77.25435643849201,0.0,0.0,0.8608139753341675,0
2022-03-28,0.8633040189743042,99.08999633789062,14354.900390625,0.006952877429229787,0.006952877429229787,0.030008909918512128,0.14958065711285995,0.01212721415786433,-0.07006524254849655,0.5674891495291419,0.8423568606376648,0.7863030970096588,0.7561872429317898,0.8922509666946199,0.9040154349803925,76.26452368733626,0.0028337089992420683,0.013098783178834283,0.8145639896392822,0
2022-03-29,0.8579999804496765,98.4000015258789,14619.6396484375,-0.006143882581398641,0.006143882581398641,0.02497081170482507,0.18837876545362442,0.05055134629238389,-0.09934122025355108,0.510906559617033,0.8453430022512164,0.7908366958300272,0.7566459761725531,0.8917252110110389,0.9030191001296043,77.44341109014594,-0.0069633145374118355,0.018442430849983316,0.8277400135993958,0
2022-03-30,0.8608139753341675,97.79000091552734,14442.26953125,0.003279714392319777,0.003279714392319777,0.02736286219418349,0.10072321061031042,0.025206905699329374,-0.1743773613209174,0.518568047581174,0.8486182859965733,0.7934623618920644,0.7568811423248715,0.890715155336592,0.9019236400723457,73.64709037275409,-0.006199193098499478,-0.012132317995023678,0.8249189853668213,0
2022-03-31,0.8145639896392822,98.30999755859375,14220.51953125,-0.05372820030823855,0.05372820030823855,-0.033695226695749425,0.03784360620935967,-0.01997081164244141,-0.21576621331919055,0.4194249975384101,0.8445605720792498,0.794452428817749,0.7566967089970906,0.8894700944423676,0.9003982797265053,55.587508724923055,0.00531748275077315,-0.015354234978109282,0.8429499864578247,1
2022-04-01,0.8277400135993958,98.62999725341797,14261.5,0.016175554195500652,0.016175554195500652,0.003166794935381967,0.07709088720485169,-0.025582918618908823,-0.21553875948323697,0.42888217780044613,0.8449338589395795,0.7964272300402323,0.7564552426338196,0.888206594189008,0.8992135900259018,57.48534846109644,0.00325500663992484,0.0028817842175135056,0.8272510170936584,0
2022-04-02,0.8249189853668213,98.62999725341797,14261.5,-0.003408109051424635,0.003408109051424635,-0.009429989243891712,0.09669695560149827,-0.0398071045084617,-0.20909319913063273,0.3379183978517273,0.8438119973455157,0.7988516966501872,0.7560752537515428,0.8869950105746587,0.8978553152084351,51.5526930411664,0.0,0.0,0.8176419734954834,0
2022-04-03,0.8429499864578247,98.62999725341797,14261.5,0.021857905334771166,0.021857905334771166,-0.016787949856745366,0.18280217572611468,0.012084452476159857,-0.2234475627175866,0.42651642253323074,0.841755849974496,0.8031942963600158,0.7561870866351658,0.8856474939319823,0.8964632999897003,60.042204406628926,0.0,0.0,0.7613139748573303,0
2022-04-04,0.8272510170936584,98.98999786376953,14532.5498046875,-0.01862384437555442,0.01862384437555442,-0.041761651849461456,0.09584188700936114,0.0031261119318932717,-0.2323607964306329,0.2791308673888824,0.8366054211344037,0.8056059976418813,0.7562157313028971,0.8842563549677531,0.8951420649886132,46.73699798390694,0.0036500113593898043,0.019005700991305163,0.7879999876022339,0
2022-04-05,0.8176419734954834,99.47000122070312,14204.169921875,-0.011615632256257613,0.011615632256257613,-0.04703730521420468,0.12623793550132922,0.05589662712846666,-0.23443622686762544,-0.11171539886034909,0.830839991569519,0.8086609303951263,0.7566966646247439,0.882865332894855,0.8939022848010063,44.46019858362104,0.00484900866039184,-0.02259616428127298,0.7540559768676758,0
2022-04-06,0.7613139748573303,99.5999984741211,13888.8203125,-0.06889078651056335,0.06889078651056335,-0.11558827264416949,0.05257524222599863,-0.025637870589483636,-0.28373279082871405,-0.30553902689235246,0.8166257057871137,0.8099284966786703,0.7564740863111284,0.8811899049414529,0.8923305147886276,33.4351539145522,0.0013068990833682292,-0.022201199444210284,0.7635849714279175,0
2022-04-07,0.7879999876022339,99.75,13897.2998046875,0.035052571772250074,0.035052571772250074,-0.032611313997334745,0.09296132676068525,0.03266525582168822,-0.32064636108431877,-0.14121557808370344,0.8128308483532497,0.81216259598732,0.7567510419421726,0.8791236490011215,0.8910283744335175,39.12541554565247,0.001506039439527429,0.000610526451974458,0.7566140294075012,0
2022-04-08,0.7540559768676758,99.80000305175781,13711.0,-0.043076156432241386,0.043076156432241386,-0.0890183336810163,-0.017178570307651797,0.0085168967172915,-0.33764857012057337,-0.283731452175519,0.8023045573915754,0.8117232620716095,0.7568217972914378,0.8769881099462509,0.8902128943800927,36.78186632942915,0.0005012837268953962,-0.013405467774730062,0.6950230002403259,0
2022-04-09,0.7635849714279175,99.80000305175781,13711.0,0.012636985651681698,0.012636985651681698,-0.0743515606100762,0.035418557604256495,0.012034370916032433,-0.3289453779118008,-0.25200104491194564,0.7935425554003034,0.8125939269860586,0.7569226861000061,0.8749086489280065,0.8896491742134094,37.221806348773,0.0,0.0,0.7166140079498291,0
2022-04-10,0.7566140294075012,99.80000305175781,13711.0,-0.009129228941450296,0.009129228941450296,-0.10242120936868082,-0.05677330120951751,0.02337104138243329,-0.31332952074436793,-0.44950143706063006,0.7812088472502572,0.8110758940378825,0.7571146753099229,0.8729906214608086,0.8884118643403053,30.10276214472414,0.0,0.0,0.7238500118255615,0
2022-04-11,0.6950230002403259,99.93000030517578,13411.9599609375,-0.08140349871044128,0.08140349871044128,-0.159840259027886,-0.11640670347373672,-0.09802168992889793,-0.3840588980901235,-0.4891527635310511,0.762319130556924,0.8080237607161204,0.7562754419114854,0.87058301601145,0.8868767791986465,22.748284416827204,0.001302577649727521,-0.02181022821548395,0.7268189787864685,1
2022-04-12,0.7166140079498291,100.29000091552734,13371.5703125,0.03106517007643972,0.03106517007643972,-0.12356015080017457,-0.05875999639875207,-0.10372606200792311,-0.3671254206560892,-0.5117551993323075,0.747886564050402,0.8065325280030569,0.7553539534409841,0.8682735605372323,0.8857302293181419,28.250991561572164,0.0036025278620250845,-0.0030114650323394,0.7856749892234802,1
2022-04-13,0.7238500118255615,99.87999725341797,13643.58984375,0.010097491530250746,0.010097491530250746,-0.049209609003682764,-0.06558522244059606,-0.057889337068928404,-0.3653500497040698,-0.5965163795401089,0.7425345693315778,0.8048389951388041,0.7548597534497579,0.8659585605065028,0.884642769396305,29.214000075260657,-0.004088180859173729,0.020343125369180592,0.781840980052948,1
2022-04-14,0.7268189787864685,100.31999969482422,13351.080078125,0.004101632813984679,0.004101632813984679,-0.07764087535322184,-0.05211907449999553,-0.06131758259928677,-0.3596849885132918,-0.6048256066805673,0.7337944252150399,0.8035068611303965,0.754332219892078,0.8636903550889757,0.8835532593727112,34.66966695207422,0.004405310908147664,-0.0214393549626527,0.7531539797782898,1
2022-04-15,0.7856749892234802,100.31999969482422,13351.080078125,0.0809775365735228,0.0809775365735228,0.041931916629251775,-0.009908769823511077,0.00544137642865028,-0.2814832948385607,-0.555127310149199,0.7383114269801548,0.8032447616259257,0.7543794645203484,0.8619803941912121,0.8828632092475891,43.66225287838578,0.0,0.0,0.7680169939994812,0
2022-04-16,0.781840980052948,100.31999969482422,13351.080078125,-0.004879892096758209,0.004879892096758209,0.023908286972819104,-0.014696865137994175,0.003706189148406702,-0.2786393664004745,-0.49802410672456576,0.7409194282123021,0.8028560280799866,0.754411541753345,0.8603026105297936,0.8823039692640304,43.529382693677846,0.0,0.0,0.7750629782676697,0
2022-04-17,0.7531539797782898,100.31999969482422,13351.080078125,-0.03669160482316425,0.03669160482316425,-0.004573070938059365,-0.05651250858584622,-0.012570441083696093,-0.31034907533879097,-0.5172260136061907,0.740425135408129,0.8013522942860921,0.7543050083849165,0.858419688211547,0.8814279940724373,36.930398091291075,0.0,0.0,0.7521780133247375,0
2022-04-18,0.7680169939994812,100.77999877929688,13332.3603515625,0.01973436325141198,0.01973436325141198,0.10502385350400689,-0.06267721399557924,0.020442933121449736,-0.32767385731260035,-0.45375669196631685,0.7508528488022941,0.7996404270331064,0.754475963777966,0.856340182489819,0.8805048990249634,41.35759373241137,0.004585317841626635,-0.0014021132712079831,0.7331780195236206,0
2022-04-19,0.7750629782676697,100.95999908447266,13619.66015625,0.009174255678245036,0.009174255678245036,0.0815626957740585,-0.03852773188974712,0.0477377640303962,-0.2884859403817337,-0.4106182367424447,0.7592027017048427,0.7986051599184673,0.7548683411545224,0.8545943376090791,0.8791670939326286,43.740794409695276,0.001786071714189763,0.021549057864598486,0.7191939949989319,0
2022-04-20,0.7521780133247375,100.38999938964844,13453.0703125,-0.02952658762528171,0.02952658762528171,0.03913518137235683,-0.10257564132532426,0.045532425254861675,-0.3088974925692307,-0.45624335948275563,0.7632495590618679,0.7957393606503804,0.7552323076460097,0.8527265820238326,0.877734609246254,48.51054443120708,-0.005645797345415038,-0.012231571260869711,0.707705020904541,0
2022-04-21,0.7331780195236206,100.58000183105469,13174.650390625,-0.02525996966746502,0.02525996966746502,0.008749139638276171,-0.12414208983850006,0.1532706901630747,-0.3301232961846604,-0.43449349487711864,0.7641579934528896,0.7922753949960073,0.7563149743609958,0.8507192545466953,0.8761246490478516,40.832506050131364,0.001892643117456183,-0.020695641619913663,0.6987389922142029,0
2022-04-22,0.7191939949989319,101.22000122070312,12839.2900390625,-0.019073163886957234,0.019073163886957234,-0.08461640644849167,-0.14165752143122234,0.2066163496226221,-0.3367100666529238,-0.3798351849761691,0.7546607085636684,0.7883189618587494,0.7576833301120334,0.8486909823285209,0.8745055988430976,43.753272155550285,0.006363087870324913,-0.025454971602217213,0.6944260001182556,0
2022-04-23,0.707705020904541,101.22000122070312,12839.2900390625,-0.015974791466950355,0.015974791466950355,-0.09482229895826944,-0.16046038311332755,0.1255638687904519,-0.35378727705499957,-0.39494807231971973,0.7440698572567531,0.7838101963202159,0.7585605416033003,0.8465384658839967,0.8726166090369225,40.05701643676966,0.0,0.0,0.6416990160942078,0
2022-04-24,0.6987389922142029,101.22000122070312,12839.2900390625,-0.012669160773903121,0.012669160773903121,-0.07224948553030996,-0.15317401140505604,0.14147114874915134,-0.3694220814303225,-0.3337132086813235,0.7362962876047406,0.779597262541453,0.7595227638880412,0.844264276822408,0.870722023844719,39.7746204534129,0.0,0.0,0.652318000793457,0
2022-04-25,0.6944260001182556,101.75,13004.849609375,-0.006172536732607425,0.006172536732607425,-0.09581948636057824,-0.16612711962183846,0.12446177912762768,-0.3024013118324729,-0.32727347162107867,0.7257832884788513,0.7749857286612193,0.7603767971197765,0.8425919102297889,0.8688540241122246,49.867755884968744,0.005236107220955688,0.012894760520932191,0.6443629860877991,0
2022-04-26,0.6416990160942078,102.30000305175781,12490.740234375,-0.07592887365258338,0.07592887365258338,-0.17206854915395586,-0.25152593235083653,0.0315510668380119,-0.393948914358053,-0.5310951962828815,0.7067312938826424,0.7677975952625274,0.7605948752827114,0.8402745713790257,0.866748064160347,35.416868265019616,0.005405435398111225,-0.039532127663313155,0.6114069819450378,0
2022-04-27,0.652318000793457,102.94999694824219,12488.9296875,0.0165482327897013,0.0165482327897013,-0.13276114265808514,-0.24439364759534044,0.07153438411602875,-0.3968412658084136,-0.5343761801120519,0.6924655778067452,0.7607647279898325,0.7610787418153551,0.837890210085445,0.8642100238800049,36.25642110933683,0.006353801340118315,-0.00014495112707713087,0.5870910286903381,0
2022-04-28,0.6443629860877991,103.62000274658203,12871.5302734375,-0.012194994919627833,0.012194994919627833,-0.12113706503848642,-0.2489941715964965,0.05200060411165719,-0.4055412164077097,-0.5257157926574114,0.6797777158873421,0.7536434948444366,0.7614326417446137,0.8354480657312605,0.861739573776722,34.45540393552852,0.0065080701136561725,0.03063517815465322,0.6078439950942993,0
2022-04-29,0.6114069819450378,102.95999908447266,12334.6396484375,-0.05114509190363514,0.05114509190363514,-0.14987195917014595,-0.2897339036489388,-0.008960478247713288,-0.45078948188447665,-0.563080974508041,0.6643795711653573,0.7453299283981323,0.7613712191581726,0.8326600654257669,0.8591071689128875,13.59161085776762,-0.006369461924484954,-0.04171148368488564,0.6142690181732178,0
2022-04-30,0.5870910286903381,102.95999908447266,12334.6396484375,-0.039770486717938036,0.039770486717938036,-0.17042975343038003,-0.27925732519759083,-0.026675203153295635,-0.4627973763783956,-0.6311486902004946,0.6471490008490426,0.7377474963665008,0.7611924416489071,0.8298501988252004,0.8565333291888237,12.520108653259356,0.0,0.0,0.6048489809036255,1
2022-05-01,0.6078439950942993,102.95999908447266,12334.6396484375,0.03534880519338901,0.03534880519338901,-0.1300843349701588,-0.26565831649105254,-0.01825898713629337,-0.4650183719554809,-0.6318384190618753,0.634164001260485,0.7304176290829977,0.7610668301582336,0.8269149098131392,0.8539305892586708,21.153988596943137,0.0,0.0,0.6464740037918091,1
2022-05-02,0.6142690181732178,103.73999786376953,12536.01953125,0.010570184341331945,0.010570184341331945,-0.11542911977861958,-0.25535836964636305,-0.02378130903197928,-0.49183401846684993,-0.6069033076009451,0.6227130038397652,0.7233959635098776,0.7609005636639066,0.8236119820011987,0.8513403543829918,18.421000439994373,0.0075757457870306855,0.016326369359157544,0.5988860130310059,0
2022-05-03,0.6048489809036255,103.47000122070312,12563.759765625,-0.015335361203152709,0.015335361203152709,-0.057425731170471894,-0.282461604341116,0.005596157447917527,-0.49679910964172636,-0.6112783230232799,0.6174487130982536,0.7154592633247375,0.7609379635916815,0.820294459660848,0.8486618492007255,15.376628314491867,-0.0026026281918857253,0.002212842306591023,0.6025699973106384,0
2022-05-04,0.6464740037918091,102.58999633789062,12964.8603515625,0.06881886917623148,0.06881886917623148,-0.008958816090525623,-0.21852739926142928,0.06383249604766772,-0.4434303589673064,-0.5357044154431607,0.6166138563837323,0.7094333628813426,0.7613689634535048,0.8174330208036634,0.8462187394499778,30.021771462058553,-0.008504927732004508,0.0319252033961146,0.5823469758033752,0
2022-05-05,0.5988860130310059,103.75,12317.6904296875,-0.07361160770840292,0.07361160770840292,-0.07057663776267353,-0.26754492498627325,-0.0868927887573282,-0.48033847479463376,-0.629060654004856,0.6101171459470477,0.7021414975325266,0.7607357303301493,0.8143576429949866,0.8437458297610283,27.093907571483243,0.011307181046081638,-0.04991723044645091,0.5665270090103149,0
2022-05-06,0.6025699973106384,103.66000366210938,12144.66015625,0.006151394755385287,0.006151394755385287,-0.01445352260500321,-0.2085131532971537,-0.0967687031372878,-0.5050897765340976,-0.6235304689249669,0.6088547195707049,0.6968500316143036,0.7600184301535289,0.8109411766131719,0.8413394695520401,29.38310292506111,-0.0008674345820782747,-0.014047298430269972,0.4929400086402893,0
2022-05-07,0.5823469758033752,103.66000366210938,12144.66015625,-0.03356128183866036,0.03356128183866036,-0.008080608721863336,-0.26098098354624344,-0.14817589276365117,-0.545884733035751,-0.6318349173466052,0.6081769977297101,0.6899949312210083,0.7588928745852577,0.807052120897505,0.8387908044457436,28.502925241422616,0.0,0.0,0.513625979423523,0
2022-05-08,0.5665270090103149,103.66000366210938,12144.66015625,-0.027165877819208872,0.027165877819208872,-0.06797301020893454,-0.2486936959724796,-0.31563902734478555,-0.5499932295962282,-0.6374454513426968,0.6022745711462838,0.6837439656257629,0.7559896303547753,0.8032054377926721,0.8359117993712425,27.84829518229789,0.0,0.0,0.41337600350379944,0
2022-05-09,0.4929400086402893,103.6500015258789,11623.25,-0.1298914247682158,0.1298914247682158,-0.19751770957576587,-0.35443987626094486,-0.43868891958204514,-0.5869354986615372,-0.6789277264464684,0.5849418554987226,0.6747224668661753,0.7517090307341682,0.7993141435914569,0.8329299241304398,22.601698052893298,-9.648983095811303e-05,-0.0429332850439349,0.385206013917923,0
2022-05-10,0.513625979423523,103.91999816894531,11737.669921875,0.04196447928885538,0.04196447928885538,-0.15081946793366208,-0.3211519223008069,-0.41005047205401746,-0.578429780190126,-0.6302204795865919,0.5719099981444222,0.6666228652000428,0.747742352883021,0.7953989323642519,0.8300561839342118,30.922033622610698,0.0026048879796589652,0.0098440558256081,0.42341700196266174,0
2022-05-11,0.41337600350379944,103.8499984741211,11364.240234375,-0.1951808902506077,0.1951808902506077,-0.3605682501087494,-0.40523406655483085,-0.501962620869403,-0.6524368266597895,-0.7202537453527212,0.5386102838175637,0.6572346319754918,0.7431130862898296,0.7910879378517469,0.8266505791246891,21.908208624979366,-0.0006735921483602691,-0.03181463527135442,0.42777401208877563,1
2022-05-12,0.385206013917923,104.8499984741211,11370.9599609375,-0.06814616559042119,0.06814616559042119,-0.3567957749282419,-0.4624637396916589,-0.493300665585948,-0.6768237944108939,-0.6913076974222576,0.5080845696585519,0.646187698841095,0.7389461974302928,0.7866060932477316,0.823155194222927,20.914109865962672,0.009629273131373184,0.0005913045152083907,0.4473710060119629,1
2022-05-13,0.42341700196266174,104.55999755859375,11805.0,0.09919623958124513,0.09919623958124513,-0.29731482839763634,-0.4150487047796032,-0.4851497171597301,-0.6437673872398195,-0.6884142341988759,0.48249128460884094,0.6361732651789983,0.7345129638910294,0.7823550934592883,0.819796489328146,29.147344532286937,-0.0027658647567736505,0.03817092317214654,0.42249900102615356,0
2022-05-14,0.42777401208877563,104.55999755859375,11805.0,0.010290116140631689,0.010290116140631689,-0.26543104049155386,-0.4114435305431795,-0.4720618649600471,-0.6348091097937223,-0.6950824576852095,0.4604094326496124,0.6262050996224086,0.7302629752291574,0.7782239991757605,0.816394894272089,31.509121898852555,0.0,0.0,0.437622994184494,1
2022-05-15,0.4473710060119629,104.55999755859375,11805.0,0.04581155790062419,0.04581155790062419,-0.21032713551735105,-0.4305902413234246,-0.442332389849606,-0.5899192890107303,-0.6989184854704955,0.4433871465069907,0.6149283001820246,0.7263202306297091,0.7746486489971479,0.8136544893682003,31.324844313007958,0.0,0.0,0.4061659872531891,0
2022-05-16,0.42249900102615356,104.19000244140625,11662.7900390625,-0.05559592519758472,0.05559592519758472,-0.14289975733241467,-0.4596100590716785,-0.5043028998708021,-0.6146105168841351,-0.7091441093733766,0.433324145419257,0.6029502342144648,0.7215442972050773,0.7709053604139222,0.8104728843271732,28.601393085280577,-0.003538591486482834,-0.012046587118805574,0.41997599601745605,0
2022-05-17,0.437622994184494,103.36000061035156,11984.51953125,0.03579651814941043,0.03579651814941043,-0.1479734053256656,-0.4189461837361338,-0.4784216642437482,-0.5799977953317322,-0.7075299074863244,0.42246657609939575,0.5924325346946716,0.7170841528309716,0.7675479657120174,0.8072534841299057,31.5746771957359,-0.007966232955234465,0.027585979950759842,0.41113701462745667,0
2022-05-18,0.4061659872531891,103.80999755859375,11418.150390625,-0.07188152210768706,0.07188152210768706,-0.01744178711269606,-0.47114973961961126,-0.4705679274855068,-0.6278800338441076,-0.7446675647952,0.42143657377787996,0.5803708344697952,0.7130729638867908,0.7637405986587207,0.8038645692169666,22.915465702962223,0.004353685619049141,-0.04725839355913897,0.41467300057411194,1
2022-05-19,0.41997599601745605,102.72000122070312,11388.5,0.03400089913402393,0.03400089913402393,0.09026334180478712,-0.45813952182810047,-0.4656045947810876,-0.6173848428525535,-0.6076138427672704,0.4264037140778133,0.5685346017281214,0.7090072529183493,0.7599757653143671,0.8003982140123844,28.17360899125042,-0.010499916804982079,-0.0025967770269819113,0.42233699560165405,0
2022-05-20,0.41113701462745667,103.1500015258789,11354.6201171875,-0.021046396636516307,0.021046396636516307,-0.0290021120509657,-0.4534046364767157,-0.5001543870785878,-0.6121981967252931,-0.6532060818471181,0.424649430172784,0.5571665684382121,0.70443624191814,0.7563700096474754,0.7969895640015602,26.935947072021364,0.0041861399928520004,-0.002974920561311878,0.4046710133552551,0
2022-05-21,0.41467300057411194,103.1500015258789,11354.6201171875,0.008600504991892688,0.008600504991892688,-0.03062601080110694,-0.4344170317005084,-0.46720398938858787,-0.5999766726894865,-0.5881997216331659,0.4227778570992606,0.5465497344732284,0.7003959864377975,0.7529147371649743,0.7933819489181042,28.95213509827677,0.0,0.0,0.4087130129337311,0
2022-05-22,0.42233699560165405,103.1500015258789,11354.6201171875,0.018482020813825217,0.018482020813825217,-0.055958052877569386,-0.412763456677247,-0.399634102147557,-0.604203908269387,-0.534007419432315,0.4192015698977879,0.5366545011599858,0.6972723308536741,0.7493329592876964,0.7894496537744999,31.521677192250237,0.0,0.0,0.4057849943637848,0
2022-05-23,0.4046710133552551,102.08000183105469,11535.26953125,-0.041829113789172756,0.041829113789172756,-0.042196520293771855,-0.4281925358703379,-0.44015972458435115,-0.6116680674465504,-0.4922667608357446,0.416654714516231,0.5265533675750097,0.693737197915713,0.745791825817691,0.7854629938304424,36.79552278890177,-0.010373239738205586,0.015909771722706134,0.39316999912261963,0
2022-05-24,0.4087130129337311,101.86000061035156,11264.4501953125,0.009988359544120584,0.009988359544120584,-0.06606138533610739,-0.41507055211191435,-0.4150764398196948,-0.603917276178752,-0.5883374186010728,0.4125247171946934,0.5168858349323273,0.6905146088865068,0.7423297425111135,0.7816988939046859,33.483210636071135,-0.002155184333433202,-0.023477503945948386,0.3817870020866394,0
2022-05-25,0.4057849943637848,102.05999755859375,11434.740234375,-0.007163996440752052,0.007163996440752052,-0.0009380226344920528,-0.415654087988234,-0.41720335545776377,-0.5666310679005988,-0.5843163264683076,0.41247028963906424,0.507264468073845,0.6872869753175311,0.739382159213225,0.7779655487835407,48.276908523103494,0.001963449313212129,0.015117474542464926,0.3863230049610138,0
2022-05-26,0.39316999912261963,101.83000183105469,11740.650390625,-0.03108788007536789,0.03108788007536789,-0.06382745001864876,-0.38729842299633765,-0.4886611309783867,-0.5848950145223544,-0.6196570748775819,0.40864086151123047,0.4989801675081253,0.6831121640072928,0.7363044482138422,0.7738437290489674,51.94511147230498,-0.0022535345193107625,0.026752698354298943,0.3890160024166107,0
2022-05-27,0.3817870020866394,101.66999816894531,12131.1298828125,-0.02895184541389728,0.02895184541389728,-0.07138742437825052,-0.41472257147243075,-0.49161020557119495,-0.6058977003859916,-0.6065004808376934,0.404448002576828,0.4899624675512314,0.6790100975169076,0.7330435370405515,0.7693407790362835,38.29894704252658,-0.0015712821293555335,0.03325876158439245,0.41817501187324524,1
2022-05-28,0.3863230049610138,101.66999816894531,12131.1298828125,0.011880977743042864,0.011880977743042864,-0.06836711233634152,-0.40045748545157045,-0.46492066880783445,-0.6105461766683828,-0.5708227803551813,0.40039800320352825,0.4813611348470052,0.6752804418404897,0.7296788814995024,0.7649777442216873,38.360968186961586,0.0,0.0,0.4218670129776001,1
2022-05-29,0.3890160024166107,101.66999816894531,12131.1298828125,0.006970844140821164,0.006970844140821164,-0.07889669513222453,-0.36373640814657704,-0.5025650658232246,-0.6104986884942223,-0.5323135212270622,0.39563786131995066,0.47394810219605765,0.6709134641620847,0.7262914480434524,0.7609559594094754,31.895878526550263,0.0,0.0,0.39808499813079834,1
2022-05-30,0.41817501187324524,101.66999816894531,12131.1298828125,0.07495580972375304,0.07495580972375304,0.03337031334669671,-0.2877169102616076,-0.4671993018726972,-0.5779974336313154,-0.5387482228413172,0.3975670039653778,0.46831756830215454,0.6668391644954681,0.7231094757715861,0.7569550144672393,48.69327966997901,0.0,0.0,0.4053019881248474,0
2022-05-31,0.4218670129776001,101.75,12081.3896484375,0.008828841990859981,0.008828841990859981,0.032183952131716875,-0.3059617000705045,-0.4510485081969031,-0.5661196977469317,-0.5969105118207054,0.39944614682878765,0.46211833556493126,0.6629877315627204,0.7200514482127296,0.7531175744533539,44.88508535032439,0.0007868774711863313,-0.0041002144775873495,0.3907659947872162,0
2022-06-01,0.39808499813079834,102.55000305175781,11994.4599609375,-0.056373250610292525,0.056373250610292525,-0.018975556858771947,-0.35193704003716775,-0.4707618405381483,-0.5683517672140592,-0.6062466785624294,0.39834614736693247,0.45491220156351725,0.6590532872411939,0.7171394536892574,0.7491483092308044,47.23906190847696,0.007862437855113535,-0.007195338452745226,0.3923090100288391,0
2022-06-02,0.4053019881248474,101.7699966430664,12316.900390625,0.018129268944914623,0.018129268944914623,0.03085685334410293,-0.3299120922393902,-0.4312923885381962,-0.5215016225701207,-0.6043518256686322,0.400079288652965,0.448260635137558,0.6556380649407705,0.7146854148970709,0.7452318343520165,44.7499817669937,-0.007606108098287767,0.026882446624324485,0.3953799903392792,0
2022-06-03,0.3907659947872162,102.13999938964844,12012.73046875,-0.03586459914712692,0.03586459914712692,0.023518329988979403,-0.39554260110193273,-0.4823605698169461,-0.5149349187360037,-0.6261760747323347,0.40136200189590454,0.4397370348374049,0.6515921317868762,0.712380809419685,0.7413288094103336,42.997194115798145,0.0036356761205340593,-0.024695330174669516,0.4030109941959381,1
2022-06-04,0.3923090100288391,102.13999938964844,12012.73046875,0.003948693750752685,0.003948693750752685,0.015494819078738065,-0.34493542762280494,-0.4596249900863355,-0.5263616022806537,-0.5956394310860083,0.4022171454770224,0.43285113473733267,0.6478845208883286,0.7099587038159371,0.7378356842696667,42.20527943310444,0.0,0.0,0.4077019989490509,1
2022-06-05,0.3953799903392792,102.13999938964844,12012.73046875,0.007827962733291116,0.007827962733291116,0.01635919315178458,-0.3438438818661397,-0.4533566927092475,-0.5169975843236762,-0.5717686811551249,0.4031262866088322,0.4259448011716207,0.6442411098215315,0.7076075481043922,0.7343311294913292,40.29366865623529,0.0,0.0,0.40064799785614014,0
2022-06-06,0.4030109941959381,102.44000244140625,12061.3701171875,0.019300430075155584,0.019300430075155584,-0.03626237160699486,-0.30795383003412125,-0.44102101796240356,-0.533177659203109,-0.5736623577874059,0.4009599983692169,0.41996693511803945,0.6407081541087892,0.7050503480765554,0.7311364142596721,49.35572277931345,0.0029371749907041167,0.004049008555051747,0.4003239870071411,0
2022-06-07,0.4077019989490509,102.31999969482422,12175.23046875,0.011639892758935844,0.011639892758935844,-0.03357696523501663,-0.2803485227274879,-0.46860939533955803,-0.5266280459185926,-0.5265637295355281,0.39893642493656706,0.4146727681159973,0.6367133319377899,0.7025305148628023,0.7277174639701843,49.609577841367354,-0.001171444198770577,0.009440084373188107,0.38173601031303406,0
2022-06-08,0.40064799785614014,102.54000091552734,12086.26953125,-0.017301855549136658,0.017301855549136658,0.006438322813912434,-0.18722767307673938,-0.4567227125077086,-0.49987578288589507,-0.5425285456947542,0.399302567754473,0.4115963677565257,0.6329709205362531,0.700305798318651,0.7242324739694596,48.07751463147335,0.0021501292157866114,-0.0073067148690396655,0.3590250015258789,0
2022-06-09,0.4003239870071411,103.22000122070312,11754.23046875,-0.0008087170052833992,0.0008087170052833992,-0.012282202563913658,-0.2205924095653189,-0.5009393719449236,-0.523033718038808,-0.5648813078900872,0.3985914247376578,0.4078196346759796,0.628506131304635,0.6978669706318114,0.7209332287311554,52.94858982409283,0.006631561333181324,-0.027472419148148797,0.3454900085926056,0
2022-06-10,0.38173601031303406,104.1500015258789,11340.01953125,-0.04643233305371597,0.04643233305371597,-0.023108419347234177,-0.0765404690223499,-0.514693212111476,-0.5462675222248214,-0.5608100323854956,0.3973014269556318,0.40676496823628744,0.6240077869759666,0.6953137041793929,0.717658798545599,49.98016146779631,0.009009884655855283,-0.03523930712446288,0.31080201268196106,0
2022-06-11,0.3590250015258789,104.1500015258789,11340.01953125,-0.05949401726216896,0.05949401726216896,-0.08484130532845391,-0.0679662607698086,-0.5284369409747638,-0.541413020787098,-0.5768460140408296,0.3925465685980661,0.4058922678232193,0.6195374982224571,0.6929588763250245,0.7141186384856701,40.69547010493549,0.0,0.0,0.32214298844337463,0
2022-06-12,0.3454900085926056,104.1500015258789,11340.01953125,-0.03769930471624183,0.03769930471624183,-0.12618236371512515,-0.18404313716464316,-0.5540084765435437,-0.5661030399268918,-0.5850882058636218,0.38541942834854126,0.40329470137755075,0.6147689872317844,0.6904546598593394,0.7106357133388519,36.18520670969382,0.0,0.0,0.3437030017375946,0
2022-06-13,0.31080201268196106,105.08000183105469,10809.23046875,-0.10040231279610712,0.10040231279610712,-0.22880016387132696,-0.27344344467222903,-0.5946675746963501,-0.624377133564938,-0.6480796068506873,0.3722467167036874,0.3993956347306569,0.6097025318278206,0.6875844986902343,0.7070302833616734,17.076220244372365,0.008929431507926466,-0.04680671501819644,0.3120560050010681,0
2022-06-14,0.32214298844337463,105.5199966430664,10828.349609375,0.0364893897035945,0.0364893897035945,-0.20985673537589955,-0.2799198336184523,-0.5940421267121339,-0.600432897552508,-0.6392159623228493,0.3600240009171622,0.39522136747837067,0.604464809762107,0.6848951263560189,0.7039592483639717,20.79172953608176,0.004187236432667163,0.001768779070838944,0.32138100266456604,0
2022-06-15,0.3437030017375946,105.16000366210938,11099.150390625,0.06692684325802034,0.06692684325802034,-0.14213223683447096,-0.1864998475669326,-0.5668535498732759,-0.5699901594928753,-0.6137300550019972,0.3518890014716557,0.392594834168752,0.5994670321544011,0.6823640818397204,0.700941973477602,33.861947772961756,-0.003411609101682922,0.0250085000040583,0.3080900013446808,0
2022-06-16,0.3120560050010681,103.62999725341797,10646.099609375,-0.09207657942041447,0.09207657942041447,-0.22049136417223592,-0.28692959659813744,-0.6090826773220388,-0.6228378899794512,-0.6248912023271309,0.3392792897565024,0.38840926786263785,0.5940646989478006,0.6795011763771375,0.6976584984362125,25.832988327473387,-0.014549318708731551,-0.040818510003493014,0.3260529935359955,1
2022-06-17,0.32138100266456604,104.69999694824219,10798.349609375,0.02988244902855186,0.02988244902855186,-0.15810666538631046,-0.2087446690502205,-0.6077720426240351,-0.6151277819546968,-0.6180574155094143,0.3306571458067213,0.38558310170968374,0.5885314544041952,0.67664755417241,0.694305598437786,31.517934202412405,0.01032519273553234,0.014301012162795113,0.32334598898887634,0
2022-06-18,0.3080900013446808,104.69999694824219,10798.349609375,-0.04135590221478469,0.04135590221478469,-0.14187034319259428,-0.2664104513919048,-0.6178117124920126,-0.6498292738247053,-0.6137519351101712,0.32338071720940725,0.38185356855392455,0.5829977767335044,0.6734712320897315,0.6908522783219815,28.887924317144225,0.0,0.0,0.32862600684165955,1
2022-06-19,0.3260529935359955,104.69999694824219,10798.349609375,0.05830436597394906,0.05830436597394906,-0.056259268208041946,-0.20694809288470006,-0.6109858392102836,-0.65593377060572,-0.5719252161713444,0.3206040007727487,0.3790174345175425,0.5773077878687117,0.6700179374880261,0.6875278931856156,33.82847461152518,0.0,0.0,0.32258498668670654,0
2022-06-20,0.32334598898887634,104.69999694824219,10798.349609375,-0.008302345326635652,0.008302345326635652,0.04036002276391737,-0.2202386252753229,-0.6137293609007646,-0.6613110563518909,-0.5835193730425332,0.32239599738802227,0.37597320079803465,0.5715994434224234,0.6665104208721055,0.684283063262701,30.980060724596754,0.0,0.0,0.33553099632263184,1
2022-06-21,0.32862600684165955,104.44000244140625,11069.2998046875,0.016329312973060617,0.016329312973060617,0.02012466088308007,-0.22188676278879016,-0.6077919682365409,-0.6691523513046281,-0.4616112749522465,0.32332214287349154,0.3728495011727015,0.5659409880638122,0.6628178709083133,0.6813149732351304,31.17363663454853,-0.0024832331844715227,0.0250918154268005,0.36758700013160706,1
2022-06-22,0.32258498668670654,104.19999694824219,11053.080078125,-0.01838266001224831,0.01838266001224831,-0.06144262617470808,-0.20284632197386077,-0.6173223756556052,-0.6463066304787535,-0.4081737118532065,0.3203052835805075,0.3701133002837499,0.5601589547263252,0.6595430817868975,0.6786927533149719,31.324728251182464,-0.002298022669031563,-0.0014652893000179912,0.36755600571632385,1
2022-06-23,0.33553099632263184,104.43000030517578,11232.1904296875,0.04013208974445681,0.04013208974445681,0.07522685333834023,-0.17905477509952694,-0.5933583629492722,-0.6371927923171397,-0.4644656768250204,0.32365885376930237,0.3676738997300466,0.5547189990679423,0.6562692595852746,0.6763424333930016,35.38216032039013,0.0022073259469272966,0.01620456472734455,0.3588640093803406,1
2022-06-24,0.36758700013160706,104.19000244140625,11607.6201171875,0.09553812959250885,0.09553812959250885,0.1437732693717042,-0.09413358000600036,-0.5585982803968852,-0.6009607284088941,-0.452995528143726,0.3302597105503082,0.36640063325564065,0.5495502766635683,0.6531937428646617,0.6740389283001423,46.990737982334956,-0.0022981697124215827,0.03342444110524623,0.35323500633239746,0
2022-06-25,0.36755600571632385,104.19000244140625,11607.6201171875,-8.431858382396129e-05,8.431858382396129e-05,0.19301504142328363,-0.06514737508826918,-0.5712847740333954,-0.6031501232174528,-0.4007137809173543,0.33875485403197153,0.3655468334754308,0.5441081987486945,0.6500902540153928,0.6717837682366371,52.00813600490842,0.0,0.0,0.3373290002346039,0
2022-06-26,0.3588640093803406,104.19000244140625,11607.6201171875,-0.023648086824329173,0.023648086824329173,0.10063092961826414,-0.06004131251460698,-0.5843132876796882,-0.5792721658968013,-0.4168937305949685,0.3434421420097351,0.3647827337185542,0.538503309753206,0.6473452763424979,0.6692615532875061,53.22159473594965,0.0,0.0,0.3289780020713806,0
2022-06-27,0.35323500633239746,103.94000244140625,11524.5498046875,-0.01568561600162377,0.01568561600162377,0.09243664174399058,-0.08564853297295993,-0.5883041790429091,-0.56749240103058,-0.4539767433139723,0.34771200163023813,0.3636798004309336,0.5328948100407919,0.6447703931066725,0.666721368432045,61.88539157353147,-0.0023994624641706652,-0.007156532662280779,0.3314479887485504,0
2022-06-28,0.3373290002346039,104.51000213623047,11181.5400390625,-0.0450295293859575,0.0450295293859575,0.026482972168230257,-0.13286600515382763,-0.6081278767533334,-0.5982499930964587,-0.4759905450476868,0.34895528640065876,0.36195690035820005,0.5270783103174633,0.6419797263211674,0.6644025285542011,54.14750512213521,0.005483929973405077,-0.029763398261811846,0.31367701292037964,0
2022-06-29,0.3289780020713806,105.11000061035156,11177.8896484375,-0.02475624140650623,0.02475624140650623,0.019818080966312657,-0.2133006690244359,-0.596129946504186,-0.6041955592705737,-0.5311867195696727,0.34986857431275503,0.3589836666981379,0.5216829104555978,0.6391898097263442,0.6618508537113666,45.665676852830615,0.005741062691195786,-0.0003264658188628644,0.31557899713516235,0
2022-06-30,0.3314479887485504,104.69000244140625,11028.740234375,0.007508060300742692,0.007508060300742692,-0.012168793997665017,-0.21433063370103,-0.599574765864874,-0.6098188120427105,-0.5307754905518856,0.3492852875164577,0.35596969922383626,0.5161685546239217,0.6363118986288706,0.6593014737963676,56.891838447080076,-0.003995796465669055,-0.013343253400551203,0.3217029869556427,0
2022-07-01,0.31367701292037964,105.13999938964844,11127.849609375,-0.05361618242207089,0.05361618242207089,-0.14665912339643683,-0.21203508197182774,-0.6197480983167152,-0.6348848255065629,-0.5255800179576589,0.34158386077199665,0.3531560997168223,0.5104880882634057,0.6332816710074742,0.6569553887844086,47.41709160095897,0.004298375563550616,0.008986463811260226,0.32879000902175903,1
2022-07-02,0.31557899713516235,105.13999938964844,11127.849609375,0.006063511626417828,0.006063511626417828,-0.14141248618659996,-0.22137318251211535,-0.6256254793226078,-0.6211013682191968,-0.5194933501411924,0.33415857383183073,0.3501653333504995,0.504628410604265,0.6304077486197154,0.6545520389080047,52.71842759178746,0.0,0.0,0.325423002243042,1
2022-07-03,0.3217029869556427,105.13999938964844,11127.849609375,0.019405568418919383,0.019405568418919383,-0.10355182312337408,-0.17673750723672965,-0.6111180520685651,-0.6099023635710387,-0.5219070691272986,0.3288498563425882,0.347863233089447,0.49901121026939815,0.6276134707861476,0.6520233987271786,48.27251802729848,0.0,0.0,0.3322719931602478,1
2022-07-04,0.32879000902175903,105.13999938964844,11127.849609375,0.022029705515583364,0.022029705515583364,-0.06920321279719222,-0.16191063519650162,-0.5978802218088731,-0.575403082506342,-0.5268833943064224,0.3253577138696398,0.3457459330558777,0.49357952177524567,0.6251380931999948,0.6496361987292767,52.08925736211286,0.0,0.0,0.3421509861946106,1
2022-07-05,0.325423002243042,106.5,11322.240234375,-0.01024059942920652,0.01024059942920652,-0.03529491381790939,-0.17693608631080815,-0.5725508620749724,-0.5835097477566806,-0.5026394391642706,0.3236568570137024,0.3434140334526698,0.488736288746198,0.6226051875286632,0.6472668586671353,48.75246170443389,0.012935139987127142,0.01746884005659366,0.34162798523902893,1
2022-07-06,0.3322719931602478,107.0999984741211,11361.849609375,0.021046425329487528,0.021046425329487528,0.010012800455127202,-0.17552623142905632,-0.5783350274264575,-0.5645612332262975,-0.5006447297030625,0.32412742716925486,0.3410560667514801,0.48367264436350926,0.620211843152841,0.6447913236916065,53.74939383019494,0.0056337884893999934,0.003498369066551321,0.3449519872665405,1
2022-07-07,0.3421509861946106,107.12999725341797,11621.349609375,0.029731645271704688,0.029731645271704688,0.03229163491524423,-0.16078168104010693,-0.5462525373568488,-0.5423880170817841,-0.4748862816701832,0.3256564268044063,0.33887103299299876,0.47909592224491965,0.6179588597681788,0.6423269136250019,52.62460648035462,0.00028010065102024306,0.0228395911688426,0.3256630003452301,0
2022-07-08,0.34162798523902893,107.01000213623047,11635.3095703125,-0.0015285677279450738,0.0015285677279450738,0.0891074932728464,-0.1473113878839435,-0.5525999096077303,-0.5472157309720833,-0.4516915380478991,0.32964942284992765,0.3369036992390951,0.4744075112872653,0.6156650986936357,0.639635913670063,36.27682670523474,-0.0011200888664605335,0.001201234056863676,0.31429699063301086,0
2022-07-09,0.3449519872665405,107.01000213623047,11635.3095703125,0.009729887980886254,0.009729887980886254,0.0930765050843918,-0.1383179662916697,-0.5440846007882383,-0.5334293831263716,-0.45830742962380977,0.33384556429726736,0.33505796591440834,0.46983348859681023,0.6134740819533666,0.6366224434971809,38.45248553258803,0.0,0.0,0.3116590082645416,0
2022-07-10,0.3256630003452301,107.01000213623047,11635.3095703125,-0.055917888962344287,0.055917888962344287,0.012309532550698554,-0.14688949549669816,-0.5314356499962996,-0.5773651194240979,-0.4793249229429797,0.33441128049577984,0.3331888655821482,0.46572948859797586,0.6110024652547307,0.6334772635996342,34.695897799834654,0.0,0.0,0.3237299919128418,0
2022-07-11,0.31429699063301086,108.0199966430664,11372.599609375,-0.034901139214987054,0.034901139214987054,-0.04407986249907314,-0.12458188344201981,-0.561413833463586,-0.6069066493695594,-0.5057718376574705,0.3323408492973873,0.3316979318857193,0.4612592995166779,0.6083066264788309,0.630082323551178,32.95301920602434,0.009438318724170669,-0.02257868253095774,0.3332209885120392,1
2022-07-12,0.3116590082645416,108.06999969482422,11264.73046875,-0.00839327911844212,0.00839327911844212,-0.042295700929649516,-0.0979217907512826,-0.569442559683694,-0.5943672444736996,-0.5054428736382766,0.33037456444331575,0.33057023187478385,0.45667939947711095,0.6057695764634344,0.6270803834497929,37.28452055546797,0.0004629055111253777,-0.009485002930735176,0.33453500270843506,1
2022-07-13,0.3237299919128418,107.95999908447266,11247.580078125,0.03873138054156322,0.03873138054156322,-0.025707858089882296,0.041595545406296175,-0.5545933700667025,-0.5819046278879074,-0.4774528181079022,0.3291542785508292,0.3310011645158132,0.45220063295629287,0.6032664264241855,0.6240749384462834,47.492827048434364,-0.001017864445842398,-0.0015224856620029703,0.3508610129356384,1
2022-07-14,0.3332209885120392,108.54000091552734,11251.1904296875,0.029317631471577288,0.029317631471577288,-0.02609958188895045,0.03438845626345777,-0.575879348225941,-0.5735715481084739,-0.46282752219353507,0.32787856459617615,0.33137043118476867,0.44717336628172133,0.6007764154010349,0.6211351433396339,50.79377913694598,0.005372377139433615,0.00032098918500000906,0.34341201186180115,1
2022-07-15,0.33453500270843506,108.05999755859375,11452.419921875,0.003943371641334625,0.003943371641334625,-0.020762299451642097,-0.026674189584643182,-0.5721188691263285,-0.5705330607222765,-0.43958447162498526,0.32686528137751986,0.33106483121713004,0.4422032998667823,0.5983074208100637,0.6181768983602524,60.95206976996019,-0.004422363671317431,0.01788517343520679,0.3661769926548004,1
2022-07-16,0.3508610129356384,108.05999755859375,11452.419921875,0.0488020987191955,0.0488020987191955,0.017129994570902696,0.12435270372200491,-0.5341443816855043,-0.5400003922890355,-0.4060994337612216,0.32770942790167673,0.3323583314816157,0.43773337801297507,0.5960191931989458,0.6156664034724235,66.08876552793343,0.0,0.0,0.37322500348091125,1
2022-07-17,0.34341201186180115,108.05999755859375,11452.419921875,-0.02123063207140574,0.02123063207140574,0.0545011607021848,0.06855106249148601,-0.5528588370506381,-0.543717960160617,-0.4103785797910663,0.3302450009754726,0.3330926984548569,0.43301554487811195,0.593745754328039,0.6132998935878277,59.78121921691594,0.0,0.0,0.3604840040206909,1
2022-07-18,0.3661769926548004,107.37000274658203,11360.0498046875,0.06629057810057204,0.06629057810057204,0.16506681122622413,0.18853903423218799,-0.5275519500709007,-0.5049983365467645,-0.37716736751971425,0.33765642983572824,0.3350289314985275,0.42847236726019117,0.5916703542073568,0.610932533442974,64.7598501635762,-0.006385293610964404,-0.008065554513161488,0.36703601479530334,0
2022-07-19,0.37322500348091125,106.68000030517578,11713.150390625,0.01924755232438935,0.01924755232438935,0.19754280666936896,0.14467589894925492,-0.5038076135312679,-0.481214770782349,-0.3306053182103468,0.34645157200949533,0.3366013318300247,0.42426177826192646,0.5897470429539681,0.6086428435146809,68.33855641673232,-0.006426398656567134,0.031082661784792576,0.3586040139198303,0
2022-07-20,0.3604840040206909,107.08000183105469,11897.650390625,-0.03413758280230539,0.03413758280230539,0.1135329225774806,0.11485534472825076,-0.5083267713686863,-0.43296767628165767,-0.31898827851234757,0.3517021451677595,0.3378392656644185,0.42012073364522723,0.5882178540031116,0.6061979036033154,60.355009650140296,0.003749545601187121,0.01575152660446255,0.35954099893569946,0
2022-07-21,0.36703601479530334,106.91000366210938,12059.6103515625,0.018175593650575195,0.018175593650575195,0.10147928086481395,0.11688060942830591,-0.489656452434856,-0.38421113158348685,-0.3560749368920567,0.3565328632082258,0.33911959926287333,0.4162078671985202,0.5869455986552768,0.6037374937534332,59.362525320774665,-0.001587580930503929,0.013612768540006925,0.3592599928379059,0
2022-07-22,0.3586040139198303,106.7300033569336,11834.1103515625,-0.022973224794235914,0.022973224794235914,0.07194766172905576,0.11165748165492073,-0.4932860396249743,-0.42966107439015433,-0.394460689112087,0.35997129338128225,0.34032023350397744,0.4123289671209123,0.5854447543621063,0.6013660886883736,56.02816284329154,-0.001683661949396953,-0.018698779929550824,0.33731499314308167,0
2022-07-23,0.35954099893569946,106.7300033569336,11834.1103515625,0.002612868176312677,0.002612868176312677,0.024739100897634536,0.07155822524957034,-0.485443058220687,-0.4126480965703173,-0.40983778333470144,0.361211291381291,0.34112056692441306,0.408560100528929,0.584041432208485,0.5990404286980628,55.26987428330286,0.0,0.0,0.3378159999847412,0
2022-07-24,0.3592599928379059,106.7300033569336,11834.1103515625,-0.000781568996652382,0.000781568996652382,0.04614859244493297,-0.02265316045104926,-0.48265186963517126,-0.4182618009016129,-0.41088209700544387,0.36347528866359163,0.34084300001462303,0.4048360337813695,0.582606415450573,0.5969649387896061,64.06779728699041,0.0,0.0,0.3591180145740509,0
2022-07-25,0.33731499314308167,106.4800033569336,11782.669921875,-0.061083895040674796,0.061083895040674796,-0.07881980596997074,-0.08227593102255526,-0.4743407973473338,-0.4577556887104236,-0.44370229889328416,0.3593521458762033,0.3398349662621816,0.40145398908191254,0.581024432182312,0.5947447836399078,58.85376019661877,-0.0023423591505373764,-0.004346793139435978,0.3733760118484497,1
2022-07-26,0.3378159999847412,107.19000244140625,11562.5703125,0.001485278899082454,0.001485278899082454,-0.09487307432761816,-0.058651770156454175,-0.4821298820915052,-0.44508436215482583,-0.46002830758161484,0.35429371680532185,0.33913336594899496,0.39795952240626015,0.5795191321108076,0.5926184937357902,60.22932213839747,0.006667910049670489,-0.01867994358107039,0.36867499351501465,1
2022-07-27,0.3591180145740509,106.44999694824219,12032.419921875,0.06305803925886244,0.06305803925886244,-0.0037893205562641308,0.01665465804971067,-0.44267746235020633,-0.41369635370737523,-0.4428858657705498,0.3540985754558018,0.33932946622371674,0.39479013383388517,0.5781113877892494,0.5906756438314915,62.90741920749636,-0.006903680159617287,0.040635394784761525,0.38776400685310364,1
2022-07-28,0.3733760118484497,106.3499984741211,12162.58984375,0.0397028182819239,0.0397028182819239,0.017273501230341548,0.1068601027150824,-0.3893167352118754,-0.39478874932225183,-0.48531449524839765,0.355004289320537,0.3405310332775116,0.3921453452772564,0.5767582822177145,0.5887699989974499,64.15394063235927,-0.0009393938655509748,0.010818266210801841,0.3804579973220825,0
2022-07-29,0.36867499351501465,105.9000015258789,12390.6904296875,-0.01259057407079267,0.01259057407079267,0.028083845144677655,0.12066761666034043,-0.3720309534665489,-0.38878215535681004,-0.5071302028272836,0.35644300069127766,0.3418542663256327,0.3897185004419751,0.5754554710454411,0.58691669896245,61.753115907234815,-0.004231283071919223,0.018754277573103773,0.3799760043621063,1
2022-07-30,0.38776400685310364,105.9000015258789,12390.6904296875,0.051777347728661605,0.051777347728661605,0.07849732854097002,0.16990906572456765,-0.36206656645025015,-0.3737145848072466,-0.48443796205607603,0.36047485896519255,0.3437314669291178,0.3872731672392951,0.5741699986987644,0.5850027489662171,62.46713964766252,0.0,0.0,0.37202098965644836,0
2022-07-31,0.3804579973220825,105.9000015258789,12390.6904296875,-0.018841381360567677,0.018841381360567677,0.05900463426703051,0.21289728494913285,-0.38063293757915506,-0.3953622970948143,-0.491220744016687,0.3635031453200749,0.34595749974250795,0.38467526700761584,0.5727879153357611,0.5829072991013526,62.52755078162083,0.0,0.0,0.3698520064353943,0
2022-08-01,0.3799760043621063,105.44999694824219,12368.98046875,-0.001266875616674601,0.001266875616674601,0.12647232434441125,0.2040598639692195,-0.3717836743406031,-0.3682680768708608,-0.4765608283144278,0.3695975754942213,0.3481040666500727,0.38217667837937674,0.5715573209855291,0.5809655390679836,55.49432789063983,-0.0042493349495066335,-0.0017521187427524954,0.3713510036468506,0
2022-08-02,0.37202098965644836,106.23999786376953,12348.759765625,-0.02093557123169565,0.02093557123169565,0.1012533144470722,0.15641136309295023,-0.42453836121111177,-0.38780520842753574,-0.49673848380276364,0.37448400259017944,0.34978133340676626,0.3791272004445394,0.5702480819490221,0.5789541590213776,49.524037743335704,0.007491711127455947,-0.0016347914184267065,0.37659499049186707,0
2022-08-03,0.3698520064353943,106.51000213623047,12668.16015625,-0.005830271090502381,0.005830271090502381,0.02988987303818491,0.12488821523441662,-0.3824333873426994,-0.4360954725599089,-0.4810762319688018,0.3760174299989428,0.3511500666538874,0.3765823781490326,0.568659054239591,0.5768963041901588,54.04106552959713,0.002541455928935177,0.02586497726792847,0.37157100439071655,0
2022-08-04,0.3713510036468506,105.69000244140625,12720.580078125,0.0040529649302258886,0.0040529649302258886,-0.0054235091096882515,0.14113323608731032,-0.38372138456238014,-0.44335786694952184,-0.49163983189663785,0.37572814311300007,0.35268100003401437,0.374013278219435,0.5670158541864819,0.5748582890629769,51.946195236501424,-0.0076988046040540326,0.004137926994010943,0.3725059926509857,0
2022-08-05,0.37659499049186707,106.62000274658203,12657.5498046875,0.014121375177441164,0.014121375177441164,0.021482327568088433,0.1333937203375526,-0.35331510913689135,-0.44913822017729677,-0.48633367351659107,0.3768595712525504,0.3541584332784017,0.3717271450493071,0.5653100098172824,0.5729275541007519,58.35475962646975,0.008799321446617991,-0.004954984210656432,0.37875398993492126,0
2022-08-06,0.37157100439071655,106.62000274658203,12657.5498046875,-0.013340554781646863,0.013340554781646863,-0.0417599420683763,0.08598548413761486,-0.3441248193271025,-0.5511446234142814,-0.5022578309078032,0.3745462851864951,0.35513910055160525,0.36956096722020043,0.5627752987874879,0.5710222540795803,55.38226250763351,0.0,0.0,0.36810100078582764,0
2022-08-07,0.3725059926509857,106.62000274658203,12657.5498046875,0.0025163111470507538,0.0025163111470507538,-0.02090113685891304,0.0903848886687435,-0.24431779502237017,-0.5758272050713842,-0.5436547178834084,0.37341028451919556,0.35616836746533714,0.36822281148698593,0.5599659211105771,0.5691860389709472,55.89182402076008,0.0,0.0,0.3810650110244751,1
2022-08-08,0.37875398993492126,106.44000244140625,12644.4599609375,0.0167728772347282,0.0167728772347282,-0.003216030520760249,0.09799045640013171,-0.2625879431565701,-0.5649641051635425,-0.5136316508626971,0.3732357110295977,0.35729510088761646,0.3667242338260015,0.5572332933545112,0.5674827037751675,71.42369382000831,-0.0016882414231746967,-0.0010341530511025487,0.38056299090385437,0
2022-08-09,0.36810100078582764,106.37000274658203,12493.9296875,-0.028126407726883795,0.028126407726883795,-0.010537009952693133,0.13031262500072072,-0.10952499016444639,-0.5565101599202082,-0.5503027734572972,0.372675712619509,0.3587097009023031,0.36622117824024625,0.5546671322650379,0.5661445187032222,64.16974873626316,-0.0006576446187396279,-0.011904840056636057,0.3799949884414673,1
2022-08-10,0.3810650110244751,105.19999694824219,12854.7998046875,0.03521862263610176,0.03521862263610176,0.030317544298734234,0.21243607919054486,-0.010750099281498282,-0.4987477337367682,-0.5523449652366286,0.3742775704179491,0.36093530158201853,0.3661751670969857,0.5525606822636392,0.5650696338713169,61.13755615896712,-0.01099939614674339,0.028883635990728074,0.37796398997306824,0
2022-08-11,0.38056299090385437,105.08999633789062,12779.91015625,-0.0013174133181922398,0.0013174133181922398,0.02480668469059588,0.22108772989749692,-0.1012099440035863,-0.5372576854562243,-0.6241442300481053,0.3755935685975211,0.363232101003329,0.36569901141855454,0.5501059876547919,0.5638286688923836,54.23905488702005,-0.0010456332085796438,-0.005825812114957363,0.3764509856700897,0
2022-08-12,0.3799949884414673,105.62999725341797,13047.1904296875,-0.0014925320537292341,0.0014925320537292341,0.009028261223442025,0.1738022362283127,-0.11169220732696783,-0.5310284405947422,-0.6060386911818714,0.37607928259032114,0.36510760088761646,0.3651681333780289,0.5477155543035931,0.5626679489016533,57.01902088949434,0.005138461645684211,0.0209140964349257,0.37577399611473083,0
2022-08-13,0.37796398997306824,105.62999725341797,13047.1904296875,-0.005344803300509571,0.005344803300509571,0.017205286491163596,0.13427425943612947,-0.15514419822959802,-0.5288512841050049,-0.653231313777261,0.3769925662449428,0.3665990342696508,0.36439694431093006,0.5453585874703195,0.5614699538052083,42.29315783799492,0.0,0.0,0.3772369921207428,0
2022-08-14,0.3764509856700897,105.62999725341797,13047.1904296875,-0.004003038234108858,0.004003038234108858,0.010590414911258117,0.12529625486809426,-0.10898964315708137,-0.5583287499278835,-0.7059922916887397,0.3775561366762434,0.3679962337017059,0.36388529969586264,0.54271479845047,0.5602418488264084,46.53294543759209,0.0,0.0,0.379707008600235,0
2022-08-15,0.37577399611473083,106.55000305175781,13128.0498046875,-0.0017983471451239463,0.0017983471451239463,-0.007867887598233536,0.07100527633619524,-0.14132940657064463,-0.5521360209162838,-0.7082862331571853,0.37713042327335905,0.36882666647434237,0.3631980886061986,0.5401411207185851,0.5590768687427043,46.376452544059475,0.00870970200001664,0.006197454956740289,0.37096500396728516,0
2022-08-16,0.3772369921207428,106.5,13102.5498046875,0.0038932869787118296,0.0038932869787118296,0.02481925155164344,0.09849678837836873,-0.07122456345516937,-0.5082764957295172,-0.6832584175418659,0.37843556489263264,0.3699541658163071,0.36287665532694924,0.53797480960687,0.5579004937410355,55.065068564509446,-0.00046929188480193673,-0.0019424057936537897,0.33504900336265564,0
2022-08-17,0.379707008600235,106.56999969482422,12938.1201171875,0.006547651823874068,0.006547651823874068,-0.0035637027408766953,0.03694938845649842,-0.09588402146571084,-0.5168445752862751,-0.6542457194198099,0.3782415645463126,0.37040516634782156,0.36242922213342454,0.535718237525887,0.556714353710413,59.51420661669209,0.0006572741298047635,-0.012549441898795477,0.33754101395606995,0
2022-08-18,0.37096500396728516,107.4800033569336,12965.33984375,-0.023023026794202872,0.023023026794202872,-0.025220494808950167,-0.006055327195520266,-0.09770954506874685,-0.5489940745217479,-0.6763231891965995,0.37687042355537415,0.37032983303070066,0.3619828664594226,0.5332095541887814,0.5555532737076283,49.673069971911076,0.00853902284616015,0.002103839376660366,0.3453019857406616,0
2022-08-19,0.33504900336265564,108.16999816894531,12705.2197265625,-0.09681775968224993,0.09681775968224993,-0.11828046802184322,-0.07055791761726926,-0.1920163528882214,-0.5695095361795852,-0.7282303718452869,0.3704495685441153,0.3694819996754328,0.36109815537929535,0.5307470709085464,0.5541327735781669,26.843251604466914,0.0064197505625329665,-0.020062730350480673,0.3447209894657135,1
2022-08-20,0.33754101395606995,108.16999816894531,12705.2197265625,0.0074377496079789385,0.0074377496079789385,-0.1069492784745939,-0.08035996373729926,-0.20077801028248832,-0.5201743725598302,-0.7327935869311446,0.36467485768454416,0.3684988329807917,0.36015597780545555,0.5287141543295648,0.552674313634634,30.481577395451396,0.0,0.0,0.34709200263023376,1
2022-08-21,0.3453019857406616,108.16999816894531,12705.2197265625,0.022992677819003493,0.022992677819003493,-0.0827438394774882,-0.03709391881526036,-0.14670936552224523,-0.5222935361843801,-0.7161449613234926,0.3602250005517687,0.3680554320414861,0.35949632194307113,0.526616759929392,0.551393408626318,35.529785356725824,0.0,0.0,0.34614500403404236,0
2022-08-22,0.3447209894657135,109.05000305175781,12381.5703125,-0.001682574381093982,0.001682574381093982,-0.08263745488002383,-0.0412192476347778,-0.1565695768008083,-0.5066576740979474,-0.7192190285952481,0.35578885674476624,0.3675614317258199,0.3587852994600932,0.5246499541733,0.550078593492508,30.735967103514085,0.008135387794294457,-0.02547373607288772,0.349496990442276,0
2022-08-23,0.34709200263023376,108.62000274658203,12381.2998046875,0.006878064396934835,0.006878064396934835,-0.07990995082704,-0.03386959430565428,-0.14464061645644044,-0.5014994213930978,-0.7217186287227995,0.3514824296746935,0.36715583205223085,0.35813315510749816,0.5227100652125146,0.5485346685349941,36.87774727882811,-0.003943148034316835,-2.184761752122011e-05,0.3383699953556061,0
2022-08-24,0.34614500403404236,108.68000030517578,12431.5302734375,-0.0027283791876940855,0.0027283791876940855,-0.08838921538455868,0.026177344827406523,-0.1196047389005166,-0.5498196828974022,-0.6956570989854101,0.3466878575938089,0.3674501657485962,0.3576106551620695,0.5203614095846812,0.546929758489132,24.336364787241166,0.0005523619690355197,0.004056962479091597,0.3353469967842102,0
2022-08-25,0.349496990442276,108.47000122070312,12639.26953125,0.009683763651559207,0.009683763651559207,-0.0578707244495289,0.03457796687564363,-0.08457598469273131,-0.5346077730427464,-0.7019289111321543,0.34362099851880756,0.3678395320971807,0.3572518772549099,0.5181309873859088,0.5452590085566044,28.08672963146087,-0.0019322698185771925,0.016710674650921797,0.3230949938297272,0
2022-08-26,0.3383699953556061,108.80000305175781,12141.7099609375,-0.03183716996415076,0.03183716996415076,0.009911959025754147,-0.0577749329647359,-0.1241267255369557,-0.5313383140912222,-0.6853150809009105,0.3440954259463719,0.3671479314565659,0.3567190660370721,0.5159997539387808,0.5428117635846138,24.445316167863197,0.003042332694209504,-0.039366165036856526,0.33379700779914856,0
2022-08-27,0.3353469967842102,108.80000305175781,12141.7099609375,-0.008934003052542772,0.008934003052542772,-0.006500001721702731,-0.10185178977077713,-0.13796092011383254,-0.5711916470390161,-0.717833723885952,0.3437819949218205,0.3658802976210912,0.3561227437522676,0.5135181039571762,0.5400975286960602,24.151147896700692,0.0,0.0,0.32686901092529297,0
2022-08-28,0.3230949938297272,108.80000305175781,12141.7099609375,-0.036535299471809446,0.036535299471809446,-0.06431179902803386,-0.12363192645836774,-0.22736896118589256,-0.5883416431250204,-0.717945353782087,0.3406095675059727,0.36436096429824827,0.35506629910733967,0.5109527318014039,0.537359868735075,21.36754733879222,0.0,0.0,0.3278700113296509,0
2022-08-29,0.33379700779914856,108.83999633789062,12017.669921875,0.03312342863183271,0.03312342863183271,-0.031689342977043955,-0.13917485403538077,-0.20876248312670942,-0.5656489847418291,-0.7074091336753469,0.33904899869646343,0.3625620643297831,0.35408774349424577,0.5085377375284831,0.5348788037896156,29.662115800465756,0.0003675853401750029,-0.01021602718740311,0.33319398760795593,0
2022-08-30,0.32686901092529297,108.7699966430664,11883.1396484375,-0.020755119764357732,0.020755119764357732,-0.058264067024571764,-0.1408538834089036,-0.17889643553487045,-0.565440660814909,-0.7032334845607546,0.3361599998814719,0.3607757647832235,0.3532964547475179,0.506174870994356,0.5327120187878609,26.823981071587937,-0.0006431431199878102,-0.01119437247919608,0.33125901222229004,0
2022-08-31,0.3278700113296509,108.69999694824219,11816.2001953125,0.0030623900428012885,0.0030623900428012885,-0.05279577197824925,-0.13712969354454263,-0.1910476115684504,-0.539942619388772,-0.7239205553121925,0.3335492866379874,0.3590388983488083,0.3524360994497935,0.504037082195282,0.5302393287420273,25.821166031437926,-0.0006435570192571127,-0.005633145372805681,0.32996898889541626,0
2022-09-01,0.33319398760795593,109.69000244140625,11785.1298828125,0.016238070254470882,0.016238070254470882,-0.046647047843499934,-0.10436777259355223,-0.14733115968959876,-0.5586249873668785,-0.7301830533835312,0.3312202862330845,0.35774466494719187,0.351796410481135,0.5016942711340057,0.5278539337217808,31.801829717444008,0.009107686485358979,-0.0026294673402982305,0.3317990005016327,0
2022-09-02,0.33125901222229004,109.52999877929688,11630.8603515625,-0.005807353846800645,0.005807353846800645,-0.021015406894582478,-0.10434712680096181,-0.15561711876579443,-0.5437165921821375,-0.7363267769321205,0.3302044314997537,0.35645823180675507,0.3511180771721734,0.499501299030251,0.5254991386830806,47.28494856665114,-0.0014586895664884247,-0.013090185070848248,0.33296000957489014,0
2022-09-03,0.32996898889541626,109.52999877929688,11630.8603515625,-0.0038943040921951555,0.0038943040921951555,-0.01603714343759155,-0.11143638860550387,-0.1654383202036429,-0.5437924432179935,-0.744494312096858,0.3294361446584974,0.3550788313150406,0.3503912882672416,0.49731619904438656,0.5228873185813427,44.480544448697465,0.0,0.0,0.3222079873085022,0
2022-09-04,0.3317990005016327,109.52999877929688,11630.8603515625,0.005546010891333886,0.005546010891333886,0.026939466219314312,-0.11895004214401994,-0.17669987846456414,-0.5397925361526926,-0.7357823366056473,0.3306795741830553,0.35358563164869944,0.3496000438928604,0.4951540990008248,0.5203511336445809,39.22570924574614,0.0,0.0,0.3373669981956482,0
2022-09-05,0.33296000957489014,109.52999877929688,11630.8603515625,0.0034991337270520173,0.0034991337270520173,-0.0025075066723247996,-0.10391283054806388,-0.18332505007781674,-0.566026604549815,-0.7449555582888661,0.3305600030081613,0.3522985984881719,0.3487695773442586,0.49274145464102426,0.518180068731308,40.701753889927964,0.0,0.0,0.34024500846862793,1
2022-09-06,0.3222079873085022,110.20999908447266,11544.91015625,-0.03229223317273355,0.03229223317273355,-0.014259606940396297,-0.13502603000969582,-0.19578285918654015,-0.5630870931840574,-0.7680977596259057,0.32989414249147686,0.3506219983100891,0.3478980216715071,0.49043447110388017,0.5158616587519645,32.62871972447918,0.006208347601153408,-0.007389839849719526,0.3575170040130615,1
2022-09-07,0.3373669981956482,109.83999633789062,11791.900390625,0.04704728462436214,0.04704728462436214,0.02896570756039263,-0.10927143433230713,-0.15726509241218634,-0.5794241877352888,-0.7001445960982893,0.33125085490090506,0.34924243191878,0.3471984995736016,0.4878523154391183,0.5134358537197113,44.88675877436784,-0.003357252061116811,0.02139386370549512,0.357681006193161,1
2022-09-08,0.34024500846862793,109.70999908447266,11862.1298828125,0.00853079965845005,0.00853079965845005,0.021161909046715444,-0.07567486167582349,-0.10869030095007903,-0.5674413529401958,-0.6908886968107142,0.33225814359528677,0.34831389884154,0.3467374884419971,0.4853726377089818,0.5112455987930298,44.58074032695883,-0.001183514728260504,0.005955739945304739,0.355118989944458,1
2022-09-09,0.3575170040130615,109.0,12112.3095703125,0.05076340611775976,0.05076340611775976,0.0792672525786291,-0.06179524839634554,-0.004200257660074591,-0.5304176273256429,-0.6718224034907914,0.3360092852796827,0.3475289652744929,0.3467207329140769,0.483129115568267,0.5095158538222313,60.46204046485437,-0.006471598672842749,0.02109062115923166,0.3594450056552887,0
2022-09-10,0.357681006193161,109.0,12112.3095703125,0.00045872553825021534,0.00045872553825021534,0.08398370219732398,-0.06012666827204505,0.03528610754972883,-0.5382711716805917,-0.661692814678727,0.33996814489364624,0.3467662324508031,0.34685618844297195,0.4808125878373782,0.5076900939643383,62.59701096137716,0.0,0.0,0.3336920142173767,0
2022-09-11,0.355118989944458,109.0,12112.3095703125,-0.007162852386182972,0.007162852386182972,0.07028348309539467,-0.06546401729937834,0.14258909355212523,-0.5368715915850182,-0.6711574949210214,0.343299571956907,0.3459370325009028,0.3473485993014442,0.47852556556463244,0.5059719587862491,70.27911676372663,0.0,0.0,0.3420819938182831,0
2022-09-12,0.3594450056552887,108.33000183105469,12266.41015625,0.012181876591582208,0.012181876591582208,0.07954407532067753,-0.04899668965580317,0.11579335434913829,-0.5470349028396893,-0.6789626389505832,0.3470831428255354,0.3453197330236435,0.3477630661593543,0.47611393796073065,0.5042878237366676,67.66827485680264,-0.006146772192158867,0.012722642617655877,0.32633501291275024,0
2022-09-13,0.3336920142173767,109.81999969482422,11633.5703125,-0.07164654128651149,0.07164654128651149,0.035641658063178205,-0.11358443218471392,-0.029126855074314784,-0.5794697437520708,-0.68657938952204,0.3487237180982317,0.34389443397521974,0.3476518329646852,0.4735594325595432,0.5021117687225342,53.732208018487746,0.013754249409994923,-0.051591283487904094,0.356687992811203,1
2022-09-14,0.3420819938182831,109.66000366210938,11719.6796875,0.025142883987151476,0.025142883987151476,0.013975865001177645,-0.08966028156498873,0.0962198718691929,-0.5714686626225175,-0.6880447559657427,0.34939728890146526,0.3427713672320048,0.34798545506265427,0.4710250770052274,0.500067313760519,57.19258712928482,-0.001456893399740089,0.007401801225843663,0.3770039975643158,1
2022-09-15,0.32633501291275024,109.73999786376953,11552.3603515625,-0.04603276755308483,0.04603276755308483,-0.0408822913184933,-0.1349336896199731,0.015414757584021999,-0.6017259437434085,-0.708981021923883,0.34741014667919706,0.34107463459173837,0.34804049962096745,0.4682859770125813,0.4980890287458897,46.85999143741935,0.0007294747308839167,-0.014276784041799329,0.35832300782203674,1
2022-09-16,0.356687992811203,109.76000213623047,11448.400390625,0.09301171709260636,0.09301171709260636,-0.0023188021620035304,-0.06062309956798029,0.1577395931526917,-0.5575254875127786,-0.6732124226025592,0.34729171650750296,0.34030733406543734,0.3485804773039288,0.4657891270187166,0.49596224874258044,59.2376946400357,0.0001822878881934109,-0.008999023383428173,0.38707301020622253,1
2022-09-17,0.3770039975643158,109.76000213623047,11448.400390625,0.05695735534295432,0.05695735534295432,0.054022973086582216,0.016279146368111785,0.15626602128618527,-0.5501961440796902,-0.6462042968674837,0.35005214384623934,0.340508633852005,0.34914659957091015,0.4632271937198109,0.4939229588210583,65.01152140138592,0.0,0.0,0.41518300771713257,1
2022-09-18,0.35832300782203674,109.76000213623047,11448.400390625,-0.04955117150738464,0.04955117150738464,0.009022378324740732,0.0694644790039547,0.10817211292008233,-0.5719456497104098,-0.6668832619611527,0.35050986068589346,0.34128443400065106,0.3495352331135008,0.46056733826796215,0.491872093975544,57.64318902731012,0.0,0.0,0.3968279957771301,1
2022-09-19,0.38707301020622253,109.73999786376953,11535.01953125,0.08023487679156971,0.08023487679156971,0.07686295293091194,0.14674363766827758,0.1778526414457644,-0.5380367337911653,-0.6308063228352223,0.354456718478884,0.3429355005423228,0.35018464426199597,0.4580628161629041,0.4900465340912342,63.45405094357546,-0.00018225466537535873,0.007566047453750002,0.48510101437568665,1
2022-09-20,0.41518300771713257,110.22000122070312,11425.0498046875,0.07262195185330467,0.07262195185330467,0.24421019990808124,0.20237654245334968,0.28705000186619634,-0.5074747628733952,-0.5473127536636322,0.36609828897884916,0.3452648679415385,0.351213511162334,0.4556862329443296,0.48855908915400503,71.27954879000056,0.004374005524671709,-0.00953355356396024,0.5071709752082825,1
2022-09-21,0.3968279957771301,110.63999938964844,11220.1904296875,-0.044209448842636334,0.044209448842636334,0.16003766040935963,0.15115704556365372,0.18268654796815786,-0.5190704060163542,-0.5471700769692704,0.37391914640154156,0.347001768151919,0.3518945889340507,0.4533067940009965,0.4867687292397022,63.41284133778031,0.0038105440418596537,-0.017930720522194132,0.4887160062789917,1
2022-09-22,0.48510101437568665,111.3499984741211,11066.8095703125,0.22244654998618896,0.22244654998618896,0.48651231152259,0.39761507237168336,0.31969034324392887,-0.417486413148505,-0.5168682326542242,0.3966000037533896,0.3516020685434341,0.35320030020342935,0.45137528843349883,0.48556426435709,73.58818901955797,0.00641720072658547,-0.01367007630896977,0.49262699484825134,0
2022-09-23,0.5071709752082825,113.19000244140625,10867.9296875,0.04549559819205773,0.04549559819205773,0.42188967789765486,0.4651980219203269,0.3798467915654522,-0.40843867095472286,-0.4938615616673454,0.4180975726672581,0.3569696009159088,0.35475157764222887,0.4494298881954617,0.48448368430137634,73.99454775578013,0.016524508239780467,-0.017970841690997275,0.4676780104637146,0
2022-09-24,0.4887160062789917,113.19000244140625,10867.9296875,-0.03638806207652512,0.03638806207652512,0.29631518348984653,0.39834110062160755,0.3618417938395935,-0.4339004620184236,-0.48334536969223196,0.43405643105506897,0.36161023477713267,0.35619437760776945,0.4473488436804877,0.4833223792910576,69.8453134321945,0.0,0.0,0.4487760066986084,0
2022-09-25,0.49262699484825134,113.19000244140625,10867.9296875,0.008002579246457087,0.008002579246457087,0.37481262462754694,0.4558826184648277,0.39461544302515894,-0.4258426502643202,-0.4766758554907973,0.45324271491595675,0.36675213476022084,0.3577431774801678,0.44531899376047984,0.48194933429360387,70.74090473260028,0.0,0.0,0.4506720006465912,0
2022-09-26,0.4676780104637146,114.0999984741211,10802.919921875,-0.05064477717511606,0.05064477717511606,0.20824236806009222,0.39460921060419407,0.3864150729360838,-0.45670258166735467,-0.5049564700802307,0.4647577149527414,0.3711631685495377,0.3591914998160468,0.44313490506675507,0.4806003992259502,65.36907867635801,0.00803954424496034,-0.005981798511244696,0.4854170083999634,1
2022-09-27,0.4487760066986084,114.11000061035156,10829.5,-0.0404167041045278,0.0404167041045278,0.08091130503193189,0.3889909013419002,0.36415202193742546,-0.4490598499237092,-0.5141460565276985,0.4695567148072379,0.375352535645167,0.36052258875634935,0.44110274960597357,0.4788335041701794,66.6661890402696,8.766114254354918e-05,0.002460453129081941,0.47977399826049805,1
2022-09-28,0.4506720006465912,112.5999984741211,11051.6396484375,0.004224811308275012,0.004224811308275012,0.13568600361477867,0.3501379284914632,0.3597065480716759,-0.4555391871333352,-0.49571717637369994,0.4772487155028752,0.3792483687400818,0.3618472999996609,0.43900792731179133,0.4771539291739464,66.0271990445462,-0.013232864149976042,0.0205124565711714,0.4751099944114685,1
2022-09-29,0.4854170083999634,112.25,10737.509765625,0.07709599820606261,0.07709599820606261,0.0006513983993281514,0.4850505620764003,0.5475058369137695,-0.41155796264755584,-0.47711798155929797,0.4772938575063433,0.38453330198923746,0.3637555221716563,0.43712180521753097,0.4757742592692375,72.23269318043235,-0.003108334625790743,-0.02842382603896354,0.44885000586509705,0
2022-09-30,0.47977399826049805,112.12000274658203,10575.6201171875,-0.011625077081797941,0.011625077081797941,-0.05401921302088153,0.4633055225600309,0.5202976199807461,-0.430839307232728,-0.4963721752057553,0.47338000365665983,0.38959676822026573,0.36557991107304894,0.43510416083865694,0.47429984927177427,68.47827789048958,-0.0011581047075097661,-0.015077019902302924,0.4628790020942688,0
2022-10-01,0.4751099944114685,112.12000274658203,10575.6201171875,-0.009721251810101639,0.009721251810101639,-0.027840323813245416,0.4259260733434793,0.4768591330393148,-0.42567614352334093,-0.5443131983347214,0.47143628767558504,0.3943273017803828,0.3672844333781136,0.4331478218237559,0.47284148424863814,65.45443892754662,0.0,0.0,0.4801740050315857,0
2022-10-02,0.44885000586509705,112.12000274658203,10575.6201171875,-0.055271387373992065,0.055271387373992065,-0.08886437292507554,0.35498202102920606,0.3651570715319168,-0.45104334119953726,-0.5678628760557312,0.465182432106563,0.39824700156847637,0.3686184333430396,0.4310989775591426,0.4711180444061756,63.9279615296932,0.0,0.0,0.48968300223350525,1
2022-10-03,0.4628790020942688,111.75,10815.4296875,0.031255421735224775,0.031255421735224775,-0.01026135131880046,0.4027954676703829,0.42239177594633537,-0.3919998615800899,-0.5613228426483109,0.4644968594823565,0.40267733534177147,0.3701457222302755,0.42944100548823677,0.46946492448449134,62.21645057572222,-0.003300060092027657,0.022675698224330354,0.49318400025367737,1
2022-10-04,0.4801740050315857,110.06999969482422,11176.41015625,0.037363982507451654,0.037363982507451654,0.06996362966004943,0.4471833980983402,0.4451233173901836,-0.3906421160072815,-0.539624020156007,0.46898228781563894,0.4076231688261032,0.3717890779177348,0.42773086114062203,0.46787446454167364,60.85183859665606,-0.015033559777859362,0.03337643340857799,0.5182780027389526,1
2022-10-05,0.48968300223350525,111.06999969482422,11148.6396484375,0.019803231958160694,0.019803231958160694,0.08656184881897233,0.4706961441366868,0.4311898021389322,-0.35060125871870595,-0.5488883860380442,0.474555288042341,0.41284726858139037,0.37342832254038916,0.42626212239265443,0.4662260144948959,65.97637829917889,0.009085127671232485,-0.002484743081567209,0.5171129703521729,1
2022-10-06,0.49318400025367737,112.26000213623047,11073.3095703125,0.007149519187318321,0.007149519187318321,0.016000658648767985,0.5306386547813042,0.4436288054932278,-0.35412034192944564,-0.5423549015412995,0.47566485830715727,0.4185464690128962,0.37511227826277416,0.42475989477501974,0.46466132953763006,51.96352059343758,0.010713986176968504,-0.006756885189625583,0.5340610146522522,1
2022-10-07,0.5182780027389526,112.80000305175781,10652.400390625,0.050881623232643,0.050881623232643,0.08025446276383752,0.5362439287508178,0.5024641743504004,-0.31500344614966724,-0.5147327605845622,0.4811654303755079,0.42457683583100636,0.3770381228791343,0.42343580573797224,0.46306195959448815,52.6590545412619,0.004810269955919377,-0.038011145359464704,0.49701398611068726,0
2022-10-08,0.5171129703521729,112.80000305175781,10652.400390625,-0.0022478908628630334,0.0022478908628630334,0.08840684564578472,0.5198252949531599,0.5878775599438368,-0.2559771832394542,-0.5134844803422454,0.4871658555098942,0.43047243456045786,0.3791653447681003,0.4224474166830381,0.46146203950047493,57.41191215391672,0.0,0.0,0.48539701104164124,0
2022-10-09,0.5340610146522522,112.80000305175781,10652.400390625,0.03277435545377472,0.03277435545377472,0.1898429490335476,0.493805913166415,0.6992240796726208,-0.2547438248100191,-0.5395732240922944,0.4993388567652021,0.43635723491509754,0.381607167257203,0.42143323338694044,0.4599429096281529,60.12561252419617,0.0,0.0,0.48837000131607056,0
2022-10-10,0.49701398611068726,113.13999938964844,10542.099609375,-0.06936853191893755,0.06936853191893755,0.07374493952410188,0.38954537005043344,0.5947364681620659,-0.3133743482890746,-0.5634303891629309,0.5042152830532619,0.4410016675790151,0.38366666701104907,0.42017303324408,0.45821313962340354,56.76885821314883,0.0030141518501078934,-0.010354547069698405,0.4808120131492615,0
2022-10-11,0.48539701104164124,113.22000122070312,10426.1904296875,-0.023373537553647128,0.023373537553647128,0.010877319378653105,0.3668573767839316,0.4993884507689521,-0.3321624431820931,-0.5734228409469964,0.5049614267689841,0.44534426828225454,0.3854629672235913,0.4188318000899421,0.45651448965072633,58.74372414963019,0.000707104750629961,-0.01099488564729767,0.4889659881591797,0
2022-10-12,0.48837000131607056,113.31999969482422,10417.099609375,0.0061248631672647935,0.0061248631672647935,-0.0026813283521093245,0.3586779441426491,0.4656039629941433,-0.37840709197228006,-0.5567763088924094,0.5047738552093506,0.4496417681376139,0.38718684514363605,0.4171801057126787,0.45479247957468033,58.95481655841283,0.0008832226907167229,-0.0008719215684585002,0.48150700330734253,0
2022-10-13,0.4808120131492615,112.36000061035156,10649.150390625,-0.015475946815819208,0.015475946815819208,-0.02508594580937773,0.44088558510137577,0.4372547244878724,-0.3850258231326019,-0.5738962867584837,0.5030064284801483,0.4545457681020101,0.38881214525964525,0.4155077225632138,0.45290982455015183,48.743884772779374,-0.008471576836021621,0.022275949155863284,0.47701001167297363,0
2022-10-14,0.4889659881591797,113.30999755859375,10321.3896484375,0.016958758905607718,0.016958758905607718,-0.0565565476922949,0.4293824199905787,0.3936173303155659,-0.3507755368920451,-0.5681717903407413,0.49881899782589506,0.45944190124670664,0.3903466449843513,0.41404001149866315,0.4510381343960762,52.47343815859284,0.008454938973671222,-0.030778111883558834,0.4799180030822754,0
2022-10-15,0.48150700330734253,113.30999755859375,10321.3896484375,-0.015254608771293365,0.015254608771293365,-0.06885529678472646,0.4754990554325822,0.402126270123349,-0.3730516289751945,-0.5778291210558271,0.493732431105205,0.4646143009265264,0.3918810337781906,0.41244828932815125,0.4491556695103645,51.69583868201019,0.0,0.0,0.4659770131111145,0
2022-10-16,0.47701001167297363,113.30999755859375,10321.3896484375,-0.009339410649233049,0.009339410649233049,-0.10682487845780442,0.3373312847272034,0.3026760862680875,-0.38455322335337094,-0.5797623892353134,0.4855822878224509,0.4686250348885854,0.3931125117672814,0.4107924395137363,0.44723664969205856,58.43892110331784,0.0,0.0,0.45122700929641724,0
2022-10-17,0.4799180030822754,112.04000091552734,10675.7998046875,0.006096290094840695,0.006096290094840695,-0.034397388214754354,0.2729785524367092,0.28586777039663414,-0.3619622023236665,-0.5611046462569148,0.4831400045326778,0.47205550173918404,0.3942979895406299,0.4092798839012782,0.44556341975927355,55.47086233346296,-0.011208160536846479,0.0343374456659189,0.4480839967727661,0
2022-10-18,0.4659770131111145,112.12999725341797,10772.400390625,-0.02904869140483335,0.02904869140483335,-0.04000848272397117,0.3004384394499857,0.2926426912534197,-0.3644421945247607,-0.570069257052906,0.4803657191140311,0.4756439685821533,0.39547013408607906,0.40779543386565315,0.44375460475683215,45.34130742880212,0.0008032518489398122,0.009048557270162183,0.46109798550605774,0
2022-10-19,0.45122700929641724,112.9800033569336,10680.509765625,-0.03165393012890971,0.03165393012890971,-0.07605502369015205,0.16574133922697198,0.2293807449605929,-0.37259346930853143,-0.5868187216045879,0.47505957739693777,0.4777824352184931,0.3964055895805359,0.4063067283895281,0.4418861448764801,37.80042321371271,0.007580541552985043,-0.008530190270310656,0.46546998620033264,1
2022-10-20,0.4480839967727661,112.87999725341797,10614.83984375,-0.006965479589867485,0.006965479589867485,-0.06806821685284181,0.079244546246096,0.24952309338327705,-0.3668492047717067,-0.607744896917749,0.47038414648600985,0.47887913485368094,0.3973998116122352,0.40486438936657376,0.4399118149280548,35.660142035477975,-0.0008851664059496001,-0.00614857561259452,0.46903300285339355,1
2022-10-21,0.46109798550605774,112.01000213623047,10859.7197265625,0.02904363652132691,0.02904363652132691,-0.05699374461204798,0.16195931338731318,0.2824628814821777,-0.34009982175904496,-0.5767083337117964,0.46640300324984957,0.48102146784464517,0.39852822257412807,0.4035441615515285,0.4380810497701168,30.306384566857943,-0.007707256718250455,0.02306957866695325,0.45382100343704224,0
2022-10-22,0.46546998620033264,112.01000213623047,10859.7197265625,0.009481717187457717,0.009481717187457717,-0.03330588547384761,-0.04046791821414486,0.2956354603345648,-0.32970541696153866,-0.5723253420092547,0.464112000805991,0.4803671002388,0.39970833361148833,0.4022721836964289,0.43632018983364107,32.59784058090651,0.0,0.0,0.461544007062912,0
2022-10-23,0.46903300285339355,112.01000213623047,10859.7197265625,0.007654664658716337,0.007654664658716337,-0.016722937934998572,-0.07519746637556812,0.3904896384325258,-0.26907632536476433,-0.5714624912839197,0.4629724281174796,0.4790958344936371,0.401171867052714,0.4013129280673133,0.43485878497362135,25.914826373067427,0.0,0.0,0.46937599778175354,0
2022-10-24,0.45382100343704224,111.98999786376953,10952.6103515625,-0.03243268453138293,0.03243268453138293,-0.05437803849329481,-0.07140139138808776,0.3433970074168804,-0.3042948333711011,-0.581455205112348,0.45924428531101774,0.47793266773223875,0.4024608115355174,0.4002101669708888,0.4331878900527954,30.915236828590622,-0.00017859362627814512,0.00855368530117695,0.4624069929122925,0
2022-10-25,0.461544007062912,110.94999694824219,11199.1201171875,0.017017730707435508,0.017017730707435508,-0.00951335779120388,-0.06309639567136216,0.2852154120153185,-0.2837204851489975,-0.5785594269461865,0.45861099873270306,0.47689656813939413,0.40359887811872697,0.39919450597630607,0.4317253302037716,39.08498550345163,-0.009286551793602604,0.022506941972041616,0.47398099303245544,1
2022-10-26,0.46937599778175354,109.69999694824219,10970.990234375,0.01696910933516671,0.01696910933516671,0.040221414302382685,0.003630675978020248,0.25711342691257166,-0.2323018682440432,-0.5764110161222409,0.4612037113734654,0.4769531677166621,0.404665544629097,0.3984054449531767,0.4302542853355408,41.67848957194947,-0.011266336497360308,-0.020370339850394603,0.47041600942611694,0
2022-10-27,0.4624069929122925,110.58999633789062,10792.669921875,-0.014847382274330578,0.014847382274330578,0.031964980322182424,0.030373696477134615,0.25424018728153985,-0.21237598546887415,-0.5354803656542609,0.46324985367911203,0.4774075339237849,0.4057070112890667,0.3977127558655209,0.42878325015306473,41.89470053558473,0.008113030213376948,-0.01625380286469269,0.45845499634742737,0
2022-10-28,0.47398099303245544,110.66999816894531,11102.4501953125,0.02502989854731341,0.02502989854731341,0.027939847779336002,0.05172052479945988,0.22234396348192598,-0.22022591839716488,-0.5523497960938191,0.46509028332574026,0.47818450033664706,0.40666497780217065,0.3969690725207329,0.42767804011702537,43.59380036565866,0.0007234092929189195,0.028702839582782413,0.4659149944782257,0
2022-10-29,0.47041600942611694,110.66999816894531,11102.4501953125,-0.00752136406046644,0.00752136406046644,0.010625869277112843,-0.030903323769582935,0.23644663205194516,-0.2341856816658393,-0.5650349607955201,0.4657968580722809,0.4776844670375188,0.40766451126999326,0.3961698891388045,0.4264470501244068,45.095214146161965,0.0,0.0,0.46457698941230774,0
2022-10-30,0.45845499634742737,110.66999816894531,11102.4501953125,-0.0254264583666729,0.0254264583666729,-0.022552797866278396,-0.044435509198844314,0.20653670517186873,-0.2420339443037336,-0.5770511259264587,0.4642857142857143,0.47697383364041646,0.40853650006983017,0.3953565892246034,0.42512007504701615,42.3025482077486,0.0,0.0,0.450874000787735,0
2022-10-31,0.4659149944782257,111.52999877929688,10988.150390625,0.01627204020074635,0.01627204020074635,0.026649253669594142,-0.0193534129809938,0.25238899801993964,-0.2792981747982719,-0.5814810378822591,0.4660134272915976,0.4766673336426417,0.40957976679007213,0.39435348361730577,0.4238155551254749,44.40233454969139,0.0077708559192231075,-0.010295007199019768,0.4551349878311157,0
2022-11-01,0.46457698941230774,111.4800033569336,10890.849609375,-0.002871779362706217,0.002871779362706217,0.006571382799868797,0.0350383944340138,0.25611590941432416,-0.22426475271805124,-0.5749007131939072,0.4664467104843685,0.47719156642754873,0.4106322666009267,0.39360732237497964,0.42221006512641907,49.3776345901466,-0.000448268832695109,-0.00885506457328944,0.5044040083885193,1
2022-11-02,0.450874000787735,111.3499984741211,10524.7998046875,-0.029495624916565766,0.029495624916565766,-0.03941828530103375,-0.025935506368225614,0.21414509819531724,-0.25174833994381696,-0.6031723453203686,0.4638035680566515,0.4767913997173309,0.41151585545804764,0.3927645668387413,0.420555230230093,49.84159936366941,-0.0011661722183148315,-0.03361076663591045,0.4933300018310547,1
2022-11-03,0.4551349878311157,112.93000030517578,10342.9404296875,0.009450505098844042,0.009450505098844042,-0.015726416755457828,-0.052145715799052694,0.2085529529659127,-0.2184470655089512,-0.6234807373012301,0.462764710187912,0.4759567658106486,0.4123885220951504,0.39205783357222873,0.41906513527035716,53.132465675435924,0.014189509229511899,-0.01727912914020502,0.47067001461982727,1
2022-11-04,0.5044040083885193,110.87999725341797,10475.25,0.1082514459988857,0.1082514459988857,0.06418615050663146,0.03006231804630688,0.3574902304759102,-0.10965584982491905,-0.5803637699080009,0.46711085523877827,0.4764474660158157,0.41386444436179265,0.39171270579099654,0.4177470703423023,64.55155822179478,-0.018152865015655717,0.012792258759678266,0.46585699915885925,0
2022-11-05,0.4933300018310547,110.87999725341797,10475.25,-0.021954636309977182,0.021954636309977182,0.04871006076704654,0.0002960387549113541,0.3243545380846351,0.0007911575119274872,-0.5752768086275721,0.47038428272519794,0.47645233273506166,0.41520693335268233,0.39171487241983416,0.41633840546011924,58.95797291182632,0.0,0.0,0.4062420129776001,0
2022-11-06,0.47067001461982727,110.87999725341797,10475.25,-0.04593271669495491,0.04593271669495491,0.026643876432187685,-0.09185801416909578,0.24268001691731178,-0.08363277272677694,-0.5915932375379946,0.47212928533554077,0.4748653997977575,0.41622822251584796,0.3914762281709247,0.4149308654665947,50.468786511265336,0.0,0.0,0.3331809937953949,0
2022-11-07,0.46585699915885925,110.12000274658203,10564.51953125,-0.01022588079008091,0.01022588079008091,-0.00012447618139310723,-0.09911948477797106,0.26556841237687645,0.12695704445886502,-0.6173765826611373,0.472121000289917,0.473156867424647,0.4173144002755483,0.3917677892578973,0.41359426036477087,53.66499658330165,-0.00685420748251786,0.008521947566883847,0.3957050144672394,0
2022-11-08,0.4062420129776001,109.62000274658203,10616.2001953125,-0.12796842440684286,0.12796842440684286,-0.12556578944751806,-0.23933408012917778,0.06607009624273252,0.05460973686708681,-0.6832117142517707,0.4637874322278159,0.46889623403549197,0.41759414474169415,0.3918846559193399,0.41202950045466424,37.20418027472686,-0.004540501158092458,0.004891908610668683,0.38415899872779846,0
2022-11-09,0.3331809937953949,110.55000305175781,10353.169921875,-0.17984604459468778,0.17984604459468778,-0.26103303092818664,-0.32963457144806785,-0.1245050050608576,-0.21311380447406825,-0.7353458871454179,0.44697414551462444,0.46343513429164884,0.41706767810715567,0.3913833447628551,0.4101568803191185,25.793839040793316,0.008483855882814861,-0.024776310600627016,0.3636769950389862,1
2022-11-10,0.3957050144672394,108.20999908447266,11114.150390625,0.18765782513464813,0.18765782513464813,-0.13057658706284447,-0.18478069401772101,0.04134271899270581,-0.07496714787545578,-0.6684146313688362,0.43848414931978497,0.46044540107250215,0.4172422339518865,0.39120518366495766,0.40864171043038366,40.099980970918416,-0.02116692811116072,0.07350217126661285,0.3402960002422333,0
2022-11-11,0.38415899872779846,106.29000091552734,11323.330078125,-0.029178340726831564,0.029178340726831564,-0.2383902737904129,-0.2133853478048241,0.016390473481803447,-0.1412966116147324,-0.6846927530469029,0.42130629079682486,0.4569717009862264,0.4173110673824946,0.3908540058467123,0.4070903754234314,36.667362068837384,-0.017743260190275834,0.018821023663351477,0.3764060139656067,0
2022-11-12,0.3636769950389862,106.29000091552734,11323.330078125,-0.053316475096617744,0.053316475096617744,-0.2628119236836306,-0.24361915864592243,-0.03393267946520473,-0.13922401199600976,-0.6942233477628068,0.4027844326836722,0.45306720038255055,0.4171691341532601,0.3905272169245614,0.4057002653181553,34.91394136348461,0.0,0.0,0.3885209858417511,1
2022-11-13,0.3402960002422333,106.29000091552734,11323.330078125,-0.06429055209897583,0.06429055209897583,-0.27699664378003885,-0.3040497529831213,-0.09441312128917367,-0.22239917745553706,-0.7145019388018503,0.3841595734868731,0.44811153411865234,0.41677493419912126,0.38998651140265994,0.40414015531539915,33.8221267077777,0.0,0.0,0.37630099058151245,1
2022-11-14,0.3764060139656067,106.66000366210938,11196.2197265625,0.10611354143942098,0.10611354143942098,-0.19201382689272295,-0.21827510009164008,-0.002202801348999528,-0.07327047123970798,-0.6833190514502832,0.3713808613164084,0.44460816780726115,0.41676570110850863,0.38982117821772894,0.4028003704547882,38.6362929521114,0.003481068241556251,-0.011225527356838128,0.38254401087760925,0
2022-11-15,0.3885209858417511,106.4000015258789,11358.41015625,0.03218591474803434,0.03218591474803434,-0.043621847494208166,-0.18550769096202624,0.02321257454269343,-0.0748971619187434,-0.6683194381291107,0.36884928601128714,0.44165853361288704,0.41686363418896993,0.3896464281611972,0.40168594047427175,40.601412990621945,-0.0024376722979884136,0.014486177803630484,0.3830629885196686,0
2022-11-16,0.37630099058151245,106.27999877929688,11183.66015625,-0.03145260025983765,0.03145260025983765,0.12941913731308863,-0.21590565854017196,0.01438407007982323,-0.08473093593266023,-0.6550653133754791,0.37500928555216106,0.43820463319619496,0.416922922929128,0.38945289469427535,0.40063199028372765,40.75077292667101,-0.0011278453464387272,-0.01538507569246772,0.3846989870071411,1
2022-11-17,0.38254401087760925,106.69000244140625,11144.9599609375,0.016590496576820657,0.016590496576820657,-0.033259633081348605,-0.1790496094999653,0.1417554060399493,-0.07748030291825203,-0.651056124953854,0.37312914218221394,0.4354235331217448,0.4174506452348497,0.38927440030707255,0.3995054903626442,41.040652337148366,0.0038577687882814793,-0.0034604230432442318,0.3619450032711029,0
2022-11-18,0.3830629885196686,106.93000030517578,11146.0595703125,0.001356648195507626,0.001356648195507626,-0.0028530119345362426,-0.15106369825475308,0.13486353563399311,-0.09299210699274973,-0.632360954878781,0.37297256929533823,0.43315139909585315,0.41795644495222306,0.3890562113788393,0.39834946021437645,32.97508295798498,0.0022494878458863,9.866427325477822e-05,0.36479899287223816,0
2022-11-19,0.3846989870071411,106.93000030517578,11146.0595703125,0.004270834135646329,0.004270834135646329,0.05780401910189936,-0.14145787446582037,0.11409433740143204,-0.049353735970658286,-0.647547607338016,0.37597571100507465,0.431038565436999,0.41839418941073947,0.3889452556769053,0.39724871024489405,34.34373301244099,0.0,0.0,0.37606099247932434,0
2022-11-20,0.3619450032711029,106.93000030517578,11146.0595703125,-0.0591475010450595,0.0591475010450595,0.06361815305927543,-0.2150366849383084,0.04996508577004577,-0.11442750336459473,-0.670253429675657,0.3790684257234846,0.4277334660291672,0.4185855673419105,0.3886854334010018,0.39582606524229047,34.3344303765725,0.0,0.0,0.38158100843429565,1
2022-11-21,0.36479899287223816,107.83999633789062,11024.509765625,0.007885147122745462,0.007885147122745462,-0.03083643901191524,-0.21627816252961773,0.05101526427524217,-0.10100423145465753,-0.6559061766870085,0.37741027985300335,0.42437776625156404,0.41878231167793273,0.38845773339271544,0.3946556301414967,35.35645844827543,0.008510203218158985,-0.010905181685126442,0.40199199318885803,1
2022-11-22,0.37606099247932434,107.22000122070312,11174.41015625,0.03087179467907797,0.03087179467907797,-0.03207032262473941,-0.19822061519864864,0.08642617428139987,-0.043515544628214164,-0.6372245859388009,0.3756302808012281,0.42127869923909506,0.419114711549547,0.38836268335580826,0.3935230851173401,44.91400269289316,-0.005749213077167581,0.013597011913617951,0.40841200947761536,1
2022-11-23,0.38158100843429565,106.08000183105469,11285.3203125,0.014678512436449465,0.014678512436449465,0.014031368465503569,-0.15918169158243534,0.09180055585433933,-0.0005395512451128459,-0.642398668859762,0.37638456906591145,0.4188706994056702,0.4194712006383472,0.38836153894662856,0.3925192552804947,60.56003386420635,-0.010632338898242,0.009925370082103813,0.3966290056705475,1
2022-11-24,0.40199199318885803,106.08000183105469,11285.3203125,0.05349056767346161,0.05349056767346161,0.05083854865910031,-0.12902781308551703,0.18802493928691622,0.04055929371699074,-0.61423891893883,0.3791628522532327,0.416885632276535,0.42017811172538333,0.3884485888812277,0.3916965802013874,51.680534365253266,0.0,0.0,0.396820992231369,0
2022-11-25,0.40841200947761536,105.95999908447266,11226.3603515625,0.015970507864670802,0.015970507864670802,0.06617455018535479,-0.12988305450694282,0.21787883414510256,0.049859149599282615,-0.6042089778496191,0.3827841409615108,0.41485349933306376,0.4209899451997545,0.38855634447601106,0.39127394020557404,56.665589857638416,-0.0011312475915408182,-0.005224482717800627,0.39031800627708435,0
2022-11-26,0.3966290056705475,105.95999908447266,11226.3603515625,-0.0288507769938966,0.0288507769938966,0.031011307714165826,-0.1422512813386918,0.2275925447472984,-0.0515238969114411,-0.5764094507817193,0.3844884293419974,0.4126608997583389,0.42180698977576364,0.3884366444415516,0.39068895533680914,59.51116942156012,0.0,0.0,0.39854899048805237,0
2022-11-27,0.396820992231369,105.95999908447266,11226.3603515625,0.0004840456902464041,0.0004840456902464041,0.09635714996773537,-0.1627913396008328,0.18880931512167143,-0.05936946946729149,-0.5810403322099491,0.3894707134791783,0.41008889973163604,0.42250725626945496,0.38829749988185036,0.390606180280447,68.83677176077254,0.0,0.0,0.4087429940700531,1
2022-11-28,0.39031800627708435,106.68000030517578,11049.5,-0.01638770650140675,0.01638770650140675,0.06995362899421043,-0.17027057231055542,0.1941113817188771,-0.01951088810224899,-0.5970915117229524,0.39311628682272776,0.40741896629333496,0.4232122451066971,0.3882543499271075,0.3906317402422428,55.77587369541143,0.006795028566668249,-0.01575402410255644,0.39670801162719727,0
2022-11-29,0.39854899048805237,106.81999969482422,10983.7802734375,0.02108789263779154,0.02108789263779154,0.05979880513654812,-0.13066932705860812,0.21557012448856927,-0.0166616444889357,-0.5982211099590298,0.39632885796683176,0.4054220994313558,0.423997567097346,0.38821683327356976,0.3905074001848698,54.302094254225594,0.0013123302329203224,-0.005947755695959067,0.3962729871273041,0
2022-11-30,0.4087429940700531,105.94999694824219,11468.0,0.025577793007372618,0.025577793007372618,0.07118275028206611,-0.12270908016643478,0.22674180589053705,0.04600451298897168,-0.5907470868291305,0.40020914162908283,0.4035163660844167,0.4248370005024804,0.38831670549180775,0.3904122450947762,64.1640983897079,-0.008144567956071436,0.04408497935210032,0.3881469964981079,0
2022-12-01,0.39670801162719727,104.7300033569336,11482.4501953125,-0.029443886788168894,0.029443886788168894,-0.013144494545139662,-0.14608768693207352,0.19757650958938422,0.011213103665487445,-0.5996609212593504,0.39945428712027414,0.40125406682491305,0.4255642116069794,0.3883411443895764,0.3901589301228523,55.88626886116523,-0.011514805346380275,0.0012600449348185716,0.390735000371933,0
2022-12-02,0.3962729871273041,104.55000305175781,11461.5,-0.001096586121638543,0.001096586121638543,-0.029722491181975452,-0.12110038184733629,0.20094008971522737,0.0022585786075279835,-0.5924425514666866,0.3977201410702297,0.399434033036232,0.4263009226984448,0.3883461054828432,0.3900278000533581,55.49363846744176,-0.0017187081008898097,-0.0018245404905873341,0.3895840048789978,0
2022-12-03,0.3881469964981079,104.55000305175781,11461.5,-0.020506042281871917,0.020506042281871917,-0.021385246795301183,-0.147182688925389,0.16982569540982673,-0.03688236279381385,-0.5791276589515447,0.39650842547416687,0.3972010999917984,0.42692701154285007,0.3882635277178552,0.38978042006492614,51.3604840621484,0.0,0.0,0.3920939862728119,0
2022-12-04,0.390735000371933,104.55000305175781,11461.5,0.006667587015162457,0.006667587015162457,-0.015336869718544421,-0.22535310212886384,0.17351930903296053,-0.04161617706279197,-0.5386993669879532,0.395638998065676,0.3934121330579122,0.42756895588503946,0.388169266614649,0.3897032651305199,63.509584215063214,0.0,0.0,0.3837209939956665,0
2022-12-05,0.3895840048789978,105.29000091552734,11239.9404296875,-0.002945718944654452,0.002945718944654452,-0.0018805214883309551,-0.21029735991525134,0.20910722336000176,-0.02761524589251796,-0.5164021447447442,0.39553414072309223,0.38995393315951027,0.4283175783024894,0.38810779998699824,0.38955130517482756,61.81916113711072,0.00707793249325106,-0.019330765633861158,0.3945449888706207,0
2022-12-06,0.3920939862728119,105.58000183105469,11014.8896484375,0.006442721883804348,0.006442721883804348,-0.01619626286679554,-0.16694504834875312,0.16221796550896195,-0.02055835023990804,-0.526621202505662,0.39461199726377216,0.3873347322146098,0.4289256559477912,0.3880620777606964,0.38945609003305437,58.34191852124299,0.002754306325441158,-0.02002241761491763,0.38915300369262695,0
2022-12-07,0.3837209939956665,105.0999984741211,10958.5498046875,-0.021354554189259134,0.021354554189259134,-0.06121695157446094,-0.17631162633918918,0.1277784668251709,0.005199885860924347,-0.5312403976574871,0.39103742582457407,0.3845968653758367,0.4294087224536472,0.38807310544782214,0.38930133000016215,51.08132576930352,-0.004546347306393139,-0.005114880452569248,0.38669800758361816,0
2022-12-08,0.3945449888706207,104.7699966430664,11082.0,0.028207981956484884,0.028207981956484884,-0.005452430233774064,-0.028793240810433662,0.10356985665556317,0.0989345789117182,-0.5429841421032806,0.39072842257363455,0.3842069645722707,0.42982014450762007,0.3882704387108485,0.38916236996650694,45.833375019592545,-0.003139884261139536,0.011265194529635147,0.3817490041255951,0
2022-12-09,0.38915300369262695,104.80999755859375,11004.6201171875,-0.013666338009838297,0.013666338009838297,-0.01796737013615768,0.16799280553081086,0.0879890096329854,0.12637990683981792,-0.5481647912703794,0.3897112820829664,0.38607269823551177,0.4301698333687253,0.3885130109058486,0.3890847799181938,39.0991179432508,0.0003817974306481453,-0.006982483560052377,0.3873940110206604,0
2022-12-10,0.38669800758361816,104.80999755859375,11004.6201171875,-0.006308562662278416,0.006308562662278416,-0.0037330932032519915,-0.02276192252895226,0.0889251730641023,0.24419402643740384,-0.5172893928405853,0.3895042836666107,0.3857724646727244,0.4305207113424937,0.3889346553219689,0.38897470489144326,43.71526676295378,0.0,0.0,0.39510199427604675,1
2022-12-11,0.3817490041255951,104.80999755859375,11004.6201171875,-0.012798109535004265,0.012798109535004265,-0.022997674223666387,-0.006273430038563288,0.062051212617754814,0.18502968501733452,-0.5451648938115597,0.3882205699171339,0.38569213151931764,0.4307685335477193,0.3892657998535368,0.3888545249402523,41.00350871200881,0.0,0.0,0.3864139914512634,0
2022-12-12,0.3873940110206604,105.12999725341797,11143.740234375,0.014787221011866913,0.014787221011866913,-0.005621364919788263,0.06521450711814136,0.1609328198315847,0.12711849783733453,-0.5395424069331836,0.3879077136516571,0.3864826987187068,0.43136522240108915,0.3895085276828872,0.3888256449997425,48.23660129356285,0.0030531409434040313,0.012641973617082636,0.3782370090484619,0
2022-12-13,0.39510199427604675,103.9800033569336,11256.8095703125,0.019897011920959384,0.019897011920959384,0.0076716504423557375,0.16105388836425005,0.15499208206184734,0.2661252722077705,-0.49533144135928564,0.38833742908069063,0.38830956518650056,0.4319543335172865,0.3899698942899704,0.38889221996068957,47.90799383586917,-0.01093877985854308,0.010146443972977481,0.3519879877567291,0
2022-12-14,0.3864139914512634,103.7699966430664,11170.8896484375,-0.02198926593803341,0.02198926593803341,0.007018113415049099,0.026588250756724552,0.1841021531899676,0.20235480083610935,-0.5147070767591291,0.3887221430029188,0.3886431644360224,0.43262187772327,0.3903311886721187,0.3888926748931408,36.19603463275565,-0.0020196836611583446,-0.007632706348839391,0.3548099994659424,0
2022-12-15,0.3782370090484619,104.55999755859375,10810.5302734375,-0.021161196498323043,0.021161196498323043,-0.04133363819634406,-0.026469552914904715,0.060414190193009754,0.22768349312739633,-0.5428778973964034,0.3863924315997532,0.38830036520957945,0.4328613112370173,0.3907208942704731,0.38883877992630006,38.009103875028345,0.0076129993358742265,-0.03225878925859804,0.35027000308036804,0
2022-12-16,0.3519879877567291,104.69999694824219,10705.41015625,-0.06939834194905448,0.06939834194905448,-0.09550232320769303,-0.06461052039010451,-0.06635476008001484,0.07954226685506716,-0.5634149262602952,0.3810831436089107,0.3874899317820867,0.43258335557248856,0.39086497757169936,0.3885078448057175,28.467921803019095,0.0013389383408313194,-0.009723863171244296,0.33886998891830444,0
2022-12-17,0.3548099994659424,104.69999694824219,10705.41015625,0.00801735231704459,0.00801735231704459,-0.08246230260387477,-0.07249887757500417,-0.009804026756325745,0.09730756387439965,-0.5560940972020775,0.37652771387781414,0.3865654647350311,0.4325443221463097,0.39103977762990527,0.3881725597381592,32.90953114897165,0.0,0.0,0.3493730127811432,0
2022-12-18,0.35027000308036804,104.69999694824219,10705.41015625,-0.01279557056567715,0.01279557056567715,-0.0824599428028121,-0.08560729285287438,-0.09508027208160752,0.06586209182506098,-0.5766510776222892,0.372030713728496,0.3854723652203878,0.43213539984491134,0.3911600220534537,0.387933484762907,29.662346237104174,0.0,0.0,0.34602001309394836,0
2022-12-19,0.33886998891830444,104.72000122070312,10546.0302734375,-0.03254636155482582,0.03254636155482582,-0.12525754328134953,-0.11912950030197489,-0.1838057371818569,0.05048282748326982,-0.5941837159550474,0.36509871057101656,0.3839447319507599,0.4312874774138133,0.3912504942880736,0.3876013247668743,26.891868916679385,0.00019106277979008546,-0.014887788556092962,0.3495999872684479,1
2022-12-20,0.3493730127811432,103.97000122070312,10547.1103515625,0.030994257993648633,0.030994257993648633,-0.11573968787146638,-0.03473453252936076,-0.11958577393979786,0.04125406180119784,-0.6029075885044601,0.3585659989288875,0.3835256656010946,0.430760199824969,0.3913273943795098,0.38739435985684395,31.855609190025007,-0.007161955607881798,0.00010241561013923928,0.3542729914188385,0
2022-12-21,0.34602001309394836,104.16000366210938,10709.3701171875,-0.009597191438753816,0.009597191438753816,-0.1045354962577999,-0.05147760861518247,-0.28670523697158656,-0.05867178934493622,-0.6348636462156851,0.3527954305921282,0.3828996996084849,0.429214855366283,0.39120757778485615,0.3871629148721695,33.27448937040573,0.0018274736864041241,0.01538428633212896,0.35217899084091187,0
2022-12-22,0.3495999872684479,104.43000030517578,10476.1201171875,0.010346147734314748,0.010346147734314748,-0.0757118449409716,-0.07036359989485286,-0.31068613079666896,-0.04885246919821584,-0.6338112906314222,0.34870442748069763,0.3820176661014557,0.42746406661139597,0.3911078221268124,0.38693401485681533,28.69117445920574,0.0025921335788567923,-0.02177999242230466,0.3463920056819916,0
2022-12-23,0.3542729914188385,104.30999755859375,10497.8603515625,0.013366717164100983,0.013366717164100983,0.0064917092105103436,-0.07156545114104995,-0.2750943556847699,-0.01279319698130077,-0.6433319829624033,0.3490308565752847,0.38110739886760714,0.425970255335172,0.39108231647147074,0.38669032484292987,33.349561068686,-0.001149121384959706,0.0020752181276857407,0.36572301387786865,1
2022-12-24,0.35217899084091187,104.30999755859375,10497.8603515625,-0.0059106977631580015,0.0059106977631580015,-0.0074152606436985735,-0.12391540924185462,-0.2851000969823082,-0.002989555034338509,-0.6138587377406691,0.34865499820028034,0.3794469654560089,0.4244097219573127,0.3910764497187402,0.3864127098023891,33.46489853091241,0.0,0.0,0.3681260049343109,1
2022-12-25,0.3463920056819916,104.30999755859375,10497.8603515625,-0.01643194315794494,0.01643194315794494,-0.011071451635230822,-0.15185646444371526,-0.2593365564942104,0.026866962049170384,-0.6254488624821215,0.3481009985719408,0.37737963199615476,0.42306209968196024,0.3911267997490035,0.3861414298415184,33.19837850269816,0.0,0.0,0.3565309941768646,1
2022-12-26,0.36572301387786865,104.30999755859375,10497.8603515625,0.055806738835722625,0.055806738835722625,0.07924285371295592,-0.07792166319361504,-0.1850655818962197,0.11169443420267111,-0.6029842050734152,0.3519371449947357,0.37634943226973216,0.42213928865061867,0.391330938703484,0.385968424975872,40.88726474325716,0.0,0.0,0.34284600615501404,0
2022-12-27,0.3681260049343109,104.18000030517578,10353.23046875,0.006570521857409695,0.006570521857409695,0.05367613257786208,-0.0723121706230887,-0.1831620238085555,0.11065994494112297,-0.6025346955930735,0.35461614387375967,0.37539293269316354,0.42122211092048223,0.3915347054600716,0.38590037494897844,38.12676688920464,-0.0012462588098992589,-0.013777081992805584,0.3450169861316681,0
2022-12-28,0.3565309941768646,104.45999908447266,10213.2900390625,-0.03149739654908468,0.03149739654908468,0.03037680100908613,-0.08656278100640469,-0.26551606555347984,0.13661817567538037,-0.5820073647683269,0.35611771259989056,0.37426669895648956,0.41979004409578113,0.3917727831337187,0.38588790491223335,37.1754524499997,0.0026876442549113033,-0.013516595627798833,0.3399290144443512,0
2022-12-29,0.34284600615501404,103.83999633789062,10478.08984375,-0.03838372608655127,0.03838372608655127,-0.0193191686481603,-0.13976445973386098,-0.285401027571189,0.08640311702420811,-0.5802128886432509,0.3551528581551143,0.372409932812055,0.41826862196127573,0.39192426651716233,0.3858746849000454,35.49727720928301,-0.005935312579130492,0.025926983731464404,0.3387629985809326,0
2022-12-30,0.3450169861316681,103.5199966430664,10466.48046875,0.006332230615725631,0.006332230615725631,-0.026126759621445506,-0.15590727881066313,-0.27381661049027206,0.07247057105888799,-0.5890938031896562,0.3538305716855185,0.3702857325474421,0.4168231440915002,0.3920537887348069,0.38604575976729394,46.44107819926846,-0.0030816612683898237,-0.0011079667356473921,0.3485560119152069,0
2022-12-31,0.3399290144443512,103.5199966430664,10466.48046875,-0.0147470179493574,0.0147470179493574,-0.03478338207316378,-0.1431254109286898,-0.2426667929096169,0.033878783165381954,-0.5910200299026125,0.35208057505743845,0.3683930993080139,0.4156129108534919,0.39211567209826576,0.3861346898972988,42.57457722544972,0.0,0.0,0.34382399916648865,0
2023-01-01,0.3387629985809326,103.5199966430664,10466.48046875,-0.0034301745772556957,0.0034301745772556957,-0.02202420083580925,-0.14512719871035817,-0.2681391961004509,0.04099278860419231,-0.6012075688817708,0.35099071690014433,0.36647609968980155,0.41423384414778813,0.3921897831890318,0.3861099898815155,44.05807744500608,0.0,0.0,0.3477939963340759,1
2023-01-02,0.3485560119152069,103.5199966430664,10466.48046875,0.02890815518606482,0.02890815518606482,-0.046939900720588956,-0.10199997665856986,-0.27410478646739944,0.04900809905788739,-0.5942862120296319,0.3485382880483355,0.3651564002037048,0.41277142200205064,0.3922802499598927,0.3862924899160862,55.08602340006742,0.0,0.0,0.33803901076316833,0
2023-01-03,0.34382399916648865,104.5199966430664,10386.98046875,-0.01357604685317959,0.01357604685317959,-0.0660154551487303,-0.12005835453898595,-0.2978641333306149,0.004889692093204889,-0.5871891220891672,0.34506657293864657,0.36359270016352335,0.4111507664124171,0.39228954447640313,0.3864047048985958,46.89829270665499,0.009659969401351276,-0.007595676525395945,0.3446449935436249,0
2023-01-04,0.3477939963340759,104.25,10458.759765625,0.011546597029909123,0.011546597029909123,-0.02450557731442149,-0.10726828622725815,-0.29479870361734706,0.018048905129165016,-0.5782643573874777,0.3438184303896768,0.3621996998786926,0.40953532192442155,0.39232380009359785,0.38660322487354276,50.98480268706784,-0.0025832056232114597,0.006910506579939524,0.34426799416542053,0
2023-01-05,0.33803901076316833,105.04000091552734,10305.240234375,-0.028048171255772303,0.028048171255772303,-0.014020858652418644,-0.13786229170072783,-0.3477650817192167,-0.020040402022762138,-0.5634589919879589,0.3431317167622702,0.3603978673617045,0.40753266645802394,0.3922853946685791,0.3866631549596786,43.99385887932599,0.007577946431917004,-0.014678559857027706,0.3453580141067505,1
2023-01-06,0.3446449935436249,103.87999725341797,10569.2900390625,0.019542072276044875,0.019542072276044875,-0.0010781863009529102,-0.10183440849859504,-0.33352088749793096,0.05828722691331922,-0.5589086226050555,0.34307857496397837,0.3590953340133031,0.40561635560459564,0.39239085018634795,0.3867696499824524,45.09655950784369,-0.011043446801207168,0.02562286746180975,0.3493399918079376,0
2023-01-07,0.34426799416542053,103.87999725341797,10569.2900390625,-0.001093877425370482,0.001093877425370482,0.012764370020493354,-0.12743032131549148,-0.35537703610590865,0.09535886255877424,-0.548840606777383,0.3436984292098454,0.35741943418979644,0.40350754426585306,0.392557355761528,0.3868478599190712,45.89929324527865,0.0,0.0,0.35124099254608154,1
2023-01-08,0.3453580141067505,103.87999725341797,10569.2900390625,0.003166195986276321,0.003166195986276321,0.019467933491686518,-0.11253925620594207,-0.3051342140101512,0.10812780939610955,-0.5380987574818901,0.34464057428496225,0.35595960120360054,0.4018224779102537,0.3927445724606514,0.38696172505617143,49.436590396752734,0.0,0.0,0.37415799498558044,1
2023-01-09,0.3493399918079376,103.0,10635.650390625,0.01152999941665267,0.01152999941665267,0.0022492221219281294,-0.09660772758856895,-0.2803004883399077,0.07910913580719714,-0.5369944510772333,0.3447525714124952,0.3547143340110779,0.4003107332521015,0.39288685023784636,0.3870307700335979,39.27994343198285,-0.008471286837553493,0.00627860067395658,0.37519699335098267,1
2023-01-10,0.35124099254608154,103.23999786376953,10742.6298828125,0.005441692284658517,0.005441692284658517,0.02157206418857749,-0.07991641431886076,-0.28078917296404504,0.054078238332191164,-0.5249230831741707,0.3458121418952942,0.3536974002917608,0.3987870775991016,0.39298696137136885,0.3869490399956703,38.878408762110105,0.00233007634727711,0.010058575475722531,0.3858039975166321,1
2023-01-11,0.37415799498558044,103.19000244140625,10931.669921875,0.0652458082223768,0.0652458082223768,0.07580348979394236,-0.03416680603865618,-0.2218206185513334,0.11844199248614617,-0.5144298880756599,0.3495784274169377,0.3532561997572581,0.39760203295283847,0.39320708910624186,0.3869820499420166,60.10340779733329,-0.0004842640778552898,0.01759718440686031,0.39544299244880676,1
2023-01-12,0.37519699335098267,102.25,11001.099609375,0.0027768974051785023,0.0027768974051785023,0.10992217289929118,-0.05037939877154107,-0.2326726143806147,0.06936074262491054,-0.530738608200615,0.3548867106437683,0.35259269972642265,0.39633793301052517,0.3933422889974382,0.3870637148618698,71.68675878233428,-0.009109433270340417,0.006351242581983385,0.38488098978996277,1
2023-01-13,0.3858039975166321,102.19999694824219,11079.16015625,0.02827049351039701,0.02827049351039701,0.11942434895053045,-0.0015786020903134634,-0.19875724575832154,0.12344351446824375,-0.49786550538947383,0.3607665683541979,0.35257236659526825,0.3952745662795173,0.39357780002885395,0.38722655981779097,74.56368734315484,-0.0004890274010543871,0.007095704033847516,0.38657599687576294,0
2023-01-14,0.39544299244880676,102.19999694824219,11079.16015625,0.024984175887807325,0.024984175887807325,0.14864872468742085,0.045489952037296,-0.17099645128640872,0.07992309834057698,-0.48928771134212357,0.3680772823946817,0.35314589937527974,0.3943682660659154,0.3937403889165984,0.387517129778862,81.69546597987542,0.0,0.0,0.3877109885215759,0
2023-01-15,0.38488098978996277,102.19999694824219,11079.16015625,-0.026709292769200643,0.026709292769200643,0.11444059228055359,0.09344921752263646,-0.1980276061367504,0.031230454016587972,-0.5074613835956425,0.3737234217779977,0.35424233277638756,0.3933122992515564,0.39380514439609315,0.3877966447174549,73.77951688701086,0.0,0.0,0.3794519901275635,0
2023-01-16,0.38657599687576294,102.19999694824219,11079.16015625,0.004403977153366823,0.004403977153366823,0.10658958590775125,0.08952960023007961,-0.1703968522078534,0.07238044563434887,-0.5037242475904222,0.3790428510734013,0.3553011993567149,0.3924300657378303,0.3939500999119547,0.38807228475809097,71.39030914649625,0.0,0.0,0.3937849998474121,0
2023-01-17,0.3877109885215759,102.38999938964844,11095.1103515625,0.002936011689773199,0.002936011689773199,0.1038318327001928,0.10689178380090181,-0.14076289642740947,0.0563295504878536,-0.4916878876540467,0.38425285049847197,0.35654923220475515,0.39172433217366537,0.39406496087710063,0.38844245463609695,75.73263417690862,0.0018591237483351897,0.0014396574368051862,0.41334399580955505,1
2023-01-18,0.3794519901275635,102.36000061035156,10957.009765625,-0.021301945620643248,0.021301945620643248,0.01414908999121356,0.11975684639055673,-0.15316772555929403,0.05813648313594699,-0.4958326380668553,0.3850091355187552,0.3579019655783971,0.390961754322052,0.3941807829671436,0.38876181960105893,67.67339884496158,-0.000292985442676974,-0.012446977232457357,0.403533011674881,1
2023-01-19,0.3937849998474121,102.05999755859375,10852.26953125,0.03777292013946276,0.03777292013946276,0.04954199214235455,0.12711911178465818,-0.1459841243608324,0.09524366070373214,-0.4676775606403034,0.38766456501824514,0.35938236514727273,0.39021383225917816,0.3943710274166531,0.3891222296655178,79.60739894918486,-0.0029308621528815193,-0.009559198779177658,0.400967001914978,0
2023-01-20,0.41334399580955505,102.01000213623047,11140.4296875,0.04966922551575581,0.04966922551575581,0.07138339278544081,0.19456673073221187,-0.11198571752453057,0.1505427936587731,-0.4254491054676425,0.3915988504886627,0.3616264979044596,0.38963465458816954,0.39467149409982893,0.38954499959945676,82.07385977840063,-0.0004898630566259055,0.02655298556861485,0.4249430000782013,1
2023-01-21,0.403533011674881,102.01000213623047,11140.4296875,-0.023735639646727535,0.023735639646727535,0.020458117555646194,0.15427067039627618,-0.13964900290606208,0.19630914687421286,-0.365252663766087,0.39275456752095905,0.3634242653846741,0.38890687690840825,0.39503937198056116,0.389935549646616,75.42930243597036,0.0,0.0,0.40770700573921204,0
2023-01-22,0.400967001914978,102.01000213623047,11140.4296875,-0.006358859586859111,0.006358859586859111,0.041794769166940915,0.131802343467204,-0.11646442346601649,0.1869390494621015,-0.32728395462965976,0.39505256925310406,0.36498073240121204,0.3883196102248298,0.39539021088017356,0.3902790246903896,73.56213648382787,0.0,0.0,0.41769298911094666,1
2023-01-23,0.4249430000782013,102.13999938964844,11364.41015625,0.059795439646445514,0.059795439646445514,0.09924828109482609,0.2066108743839259,-0.07930122897191405,0.18329625034885888,-0.3241527570736886,0.4005335697105953,0.3674061993757884,0.38791293236944413,0.39575590524408555,0.39069298475980757,77.39259316208823,0.001274357912907087,0.020105191184978777,0.4101029932498932,0
2023-01-24,0.40770700573921204,101.91999816894531,11334.26953125,-0.04056072069858163,0.04056072069858163,0.05157454343475054,0.17701043630178703,-0.13138505661556177,0.09194750814548036,-0.3339633405608653,0.403390143598829,0.36945003271102905,0.3872277213467492,0.3959466329879231,0.3910233798623085,68.4127513223914,-0.0021539183671213102,-0.0026521944021373756,0.41279101371765137,0
2023-01-25,0.41769298911094666,101.63999938964844,11313.3603515625,0.024493038459393324,0.024493038459393324,0.10077954518179588,0.14210200961111275,-0.09669837283327376,0.13295720202931438,-0.32364312167912945,0.408853143453598,0.3711823652187983,0.3867308990822898,0.3962189551856783,0.3913870848715305,65.50358702836806,-0.0027472408195371445,-0.00184477523053872,0.40813401341438293,0
2023-01-26,0.4101029932498932,101.83999633789062,11512.41015625,-0.018171231164805235,0.018171231164805235,0.04143883949059557,0.11402885901275228,-0.13476911674006364,0.05760974717091827,-0.3407467214531579,0.4111842853682382,0.3725815981626511,0.38602114352915023,0.39634306066566044,0.3918092848360539,61.87650794764586,0.001967699227107156,0.017594224748618492,0.41376399993896484,0
2023-01-27,0.41279101371765137,101.93000030517578,11621.7099609375,0.006554500971711397,0.006554500971711397,-0.0013378253888038927,0.1577983975016708,-0.1224979476756437,0.08498445721512016,-0.32192617080235053,0.41110528792653767,0.37445693214734393,0.38538086579905617,0.3965226885345247,0.39230175495147707,59.70511699290926,0.0008837781865833616,0.009494085356936521,0.39459100365638733,0
2023-01-28,0.40813401341438293,101.93000030517578,11621.7099609375,-0.011281738575960931,0.011281738575960931,0.011401797638327826,0.19042954004792945,-0.10976209951676497,0.07410470326816432,-0.33367179999388885,0.41176257388932364,0.3766331990559896,0.3848217437664668,0.39667912191814847,0.3927841299772263,54.7335836331655,0.0,0.0,0.4063889980316162,0
2023-01-29,0.41376399993896484,101.93000030517578,11621.7099609375,0.013794455594333677,0.013794455594333677,0.031915339573754586,0.1992568962418011,-0.11193242363376676,0.11220606213930306,-0.3293232025036201,0.4135907164641789,0.3789247661828995,0.3842422882715861,0.39691102753082913,0.3932343000173569,61.1844764125587,0.0,0.0,0.41389200091362,0
2023-01-30,0.39459100365638733,102.27999877929688,11393.8095703125,-0.046338000129072965,0.046338000129072965,-0.07142604164847599,0.16080412936032173,-0.15064453761356766,0.0668889090515572,-0.34581659452683267,0.4092547169753483,0.3807468324899673,0.3834646662076314,0.3970484664042791,0.3935411500930786,52.73365053582556,0.003433714049575265,-0.019609884551499812,0.40974700450897217,1
2023-01-31,0.4063889980316162,102.0999984741211,11584.5498046875,0.029899298934606966,0.029899298934606966,-0.003232732548233086,0.1996262866191607,-0.09866393422197273,0.0943527660910437,-0.34363298845729195,0.4090664301599775,0.3830010324716568,0.3829703883992301,0.39724312192863886,0.3939004200696945,55.93850178402361,-0.0017598778580765195,0.016740690038561823,0.4122050106525421,0
2023-02-01,0.41389200091362,101.22000122070312,11816.3203125,0.018462613206423617,0.018462613206423617,-0.009099956897569705,0.1874476031539727,-0.09061704333923792,0.09903745764923655,-0.3422277611597023,0.4085234318460737,0.3851788987716039,0.3825121329890357,0.3974503275420931,0.39421557500958443,61.002778460655485,-0.00861897420734059,0.02000686360023396,0.4113050103187561,0
2023-02-02,0.40974700450897217,101.75,12200.8203125,-0.010014681113667878,0.010014681113667878,-0.000868047165664354,0.19173474074612762,-0.18766108576725893,0.10274213990635439,-0.31877207985960054,0.4084725763116564,0.38737633228302004,0.38146038850148517,0.3976624164316389,0.39454724997282026,55.454561008437324,0.005236107220955688,0.032539740784891746,0.3989369869232178,0
2023-02-03,0.4122050106525421,102.91999816894531,12006.9501953125,0.005998838591914968,0.005998838591914968,-0.0014196119722462708,0.18519875270243524,-0.16444366018163747,0.10657283046383581,-0.3216787020146449,0.40838886158806936,0.3895233660936356,0.3805589997106128,0.39788296653164756,0.394777390062809,49.559274155046744,0.011498753503148107,-0.015889924793735077,0.3928239941596985,0
2023-02-04,0.4113050103187561,102.91999816894531,12006.9501953125,-0.0021833803824006237,0.0021833803824006237,0.007769499233462929,0.21673829712783732,-0.1261287153570254,0.08594238278368471,-0.3728930668433331,0.408841861145837,0.3919655660788218,0.379899388551712,0.39806380553378,0.39496779009699823,53.230096420455915,0.0,0.0,0.403903990983963,0
2023-02-05,0.3989369869232178,102.91999816894531,12006.9501953125,-0.03007019872175465,0.03007019872175465,-0.03583446848429117,0.15753019598911044,-0.14364925794067862,0.08377044906577535,-0.40200744532024646,0.40672371642930166,0.3937752991914749,0.37915583286020493,0.3982351165678766,0.39516005501151086,49.219873101679,0.0,0.0,0.39805200695991516,0
2023-02-06,0.3928239941596985,103.62000274658203,11887.4501953125,-0.015323203823905729,0.015323203823905729,-0.004478078517541562,0.1410412841658084,-0.0330296187722009,0.03085820737939149,-0.4253993546296313,0.4064712865012033,0.3953938325246175,0.3790067437622282,0.3983004442519612,0.3952889949083328,35.69245498984819,0.0068014437435923725,-0.009952568975146847,0.38246598839759827,0
2023-02-07,0.403903990983963,103.43000030517578,12113.7900390625,0.028206008260686977,0.028206008260686977,-0.006114848235777903,0.16952256639718777,0.21226600107927762,0.061332816479796604,-0.5120865841648248,0.40611628549439566,0.39734536508719126,0.3797925548421012,0.39843011647462845,0.3955154947936535,48.207629961154645,-0.001833646365276831,0.019040234872172324,0.38264501094818115,0
2023-02-08,0.39805200695991516,103.41000366210938,11910.51953125,-0.014488552118021025,0.014488552118021025,-0.03827083857320224,0.13944013366428076,0.005931166921995246,0.04751909648205599,-0.5467379434152433,0.403853429215295,0.3989690989255905,0.37981863253646425,0.39853043324417536,0.39570804983377456,40.36781775844903,-0.0001933350382616883,-0.01678009171011119,0.38400799036026,0
2023-02-09,0.38246598839759827,103.22000122070312,11789.580078125,-0.039155734149800336,0.039155734149800336,-0.06658014777695964,0.08889906506974721,-0.004407056286086952,0.011911183456526642,-0.5607005129222575,0.39995614119938444,0.40000993212064107,0.37979982131057316,0.3985554443465339,0.395824079811573,37.432128855427955,-0.0018373700287941386,-0.010154003174058679,0.3752819895744324,0
2023-02-10,0.38264501094818115,103.62999725341797,11718.1201171875,0.0004680744327958397,0.0004680744327958397,-0.07171188835760622,0.02268297370721095,0.05215621600470377,0.016453736379693495,-0.5389874671612883,0.3957332840987614,0.40029283265272775,0.38001057704289753,0.39858985559807886,0.39605072990059853,35.97103703695484,0.003972059948325279,-0.006061281272442431,0.3716750144958496,0
2023-02-11,0.38400799036026,103.62999725341797,11718.1201171875,0.0035619944676696935,0.0035619944676696935,-0.06636685494626304,0.02348365569399702,0.1284528471886568,0.02191209165792074,-0.49487654373256884,0.39183370981897625,0.400586532553037,0.3804962658219867,0.398635600010554,0.39628168985247614,38.417433391317594,0.0,0.0,0.382407009601593,0
2023-02-12,0.3752819895744324,103.62999725341797,11718.1201171875,-0.022723487544207832,0.022723487544207832,-0.05929507196418016,-0.027272936542722337,-0.002986201998560589,-0.0051824253377693585,-0.5436790738641762,0.3884544244834355,0.4002357989549637,0.38048377666208477,0.3986247388852967,0.39636250972747805,32.058667582600805,0.0,0.0,0.4013519883155823,1
2023-02-13,0.3716750144958496,103.3499984741211,11891.7900390625,-0.009611372724475986,0.009611372724475986,-0.05383830921298305,-0.06010468868286778,-0.04335923144384035,-0.021153136293150854,-0.541296552738775,0.38543314167431425,0.39944353302319846,0.3802965992026859,0.39858011669582794,0.396354004740715,37.50191388539703,-0.0027019085855243263,0.014820629942192687,0.3851569890975952,1
2023-02-14,0.382407009601593,103.2300033569336,11960.150390625,0.028874674614059348,0.028874674614059348,-0.053222998193210524,-0.006427909546064758,0.016226422924491057,0.030843895008805022,-0.5233128649745876,0.38236214433397564,0.3993610670169195,0.3803644438584646,0.3986436833937963,0.3964226648211479,36.766658970396996,-0.0011610558196335496,0.005748533344260842,0.3953019976615906,1
2023-02-15,0.4013519883155823,103.91999816894531,12070.58984375,0.049541400231462474,0.049541400231462474,0.008290327138080311,0.03822273384596109,0.04916552580401112,0.19789041091747572,-0.5291136398999285,0.3828335702419281,0.39985360006491344,0.38057342138555317,0.3990120333102014,0.3964906047284603,43.85618580740419,0.0066840529843437135,0.009233951875017299,0.3946300148963928,0
2023-02-16,0.3851569890975952,103.86000061035156,11855.830078125,-0.04035111246353906,0.04035111246353906,0.007035921576376891,-0.006587379516169167,0.005466465413478838,0.1410672279005547,-0.540952957116049,0.38321799891335623,0.39976846675078076,0.3805966880586412,0.39927656650543214,0.39651409968733786,39.22473302906944,-0.0005773437225836675,-0.01779198600938292,0.38631701469421387,0
2023-02-17,0.3953019976615906,103.86000061035156,11787.26953125,0.026339931122020266,0.026339931122020266,0.03307762116653712,0.041770785096419294,0.02756183668935064,0.14480082358542057,-0.4847289963730167,0.38502613987241474,0.40029680033524834,0.3807144992881351,0.39955434434943726,0.3965907296538353,43.060646347219844,0.0,-0.005782855053017344,0.3985249996185303,0
2023-02-18,0.3946300148963928,103.86000061035156,11787.26953125,-0.0016999225128455642,0.0016999225128455642,0.027660946654176843,0.0021458792216770828,0.09030380673830796,0.14478092995739478,-0.4978559043328328,0.3865435719490051,0.4003249675035477,0.38107766608397164,0.39983161671294104,0.39670377478003505,43.14141588477108,0.0,0.0,0.3919050097465515,0
2023-02-19,0.38631701469421387,103.86000061035156,11787.26953125,-0.021065301392144464,0.021065301392144464,0.02940462219435358,-0.06538617081495879,0.05898596827955571,0.1130104173151103,-0.5303296513772371,0.3881200041089739,0.39942406813303627,0.38131675521532693,0.40004953344662986,0.3967860998213291,44.63016166731593,0.0,0.0,0.3955860137939453,1
2023-02-20,0.3985249996185303,103.86000061035156,11787.26953125,0.03160095066995572,0.03160095066995572,0.07224048987823606,-0.012410414790018587,0.05973500998096992,0.15132385264568637,-0.48795188104435416,0.3919557162693569,0.3992571343978246,0.38156635529465144,0.40034053342209924,0.3969219698011875,52.30617737362885,0.0,0.0,0.38912999629974365,0
2023-02-21,0.3919050097465515,104.18000030517578,11492.2998046875,-0.016611228601255745,0.016611228601255745,0.024837411204501336,-0.022600343981293625,0.027055857299128627,0.12134015589264346,-0.4428941686385446,0.39331257343292236,0.39895506799221037,0.38168106642034316,0.4005761335293452,0.39699851989746093,44.96445896252739,0.0030810677156141164,-0.025024432145246744,0.37847700715065,0
2023-02-22,0.3955860137939453,104.58999633789062,11507.0703125,0.009392592479933626,0.009392592479933626,-0.014366378364876087,-0.06908452728684433,-0.01593558952280716,0.169093061511582,-0.4527283259634909,0.3924888627869742,0.3979765017827352,0.3816098888715108,0.4008940002984471,0.3971185949444771,48.945903962035466,0.0039354581638879615,0.0012852525659377,0.3780849874019623,0
2023-02-23,0.38912999629974365,104.5999984741211,11590.400390625,-0.01632013587205461,0.01632013587205461,0.01031529302235179,-0.0455646068818133,-0.047212160099147416,0.16038014364608077,-0.4431023833207385,0.393056435244424,0.3973572681347529,0.3813956442806456,0.40119279474020003,0.3972017149627209,53.08971072867082,9.563186328209738e-05,0.007241641517952591,0.37804099917411804,0
2023-02-24,0.37847700715065,105.20999908447266,11394.9404296875,-0.027376427544505533,0.027376427544505533,-0.04256237158038356,-0.09388709646232574,-0.04576568596946007,0.17141092984594342,-0.4564236409243808,0.3906528651714325,0.39605006873607634,0.3811939554082023,0.40150047259198296,0.3972003300487995,48.238612219626944,0.005831745881932138,-0.016863952439089114,0.3791149854660034,0
2023-02-25,0.3780849874019623,105.20999908447266,11394.9404296875,-0.001035782204153013,0.001035782204153013,-0.0419254158829615,-0.07807308499311771,-0.04721525623947487,0.13267937868832713,-0.5082800053829241,0.38828928981508526,0.39498280187447865,0.38098577757676444,0.4017465169231097,0.3972502499818802,47.47624283068987,0.0,0.0,0.3771499991416931,0
2023-02-26,0.37804099917411804,105.20999908447266,11394.9404296875,-0.00011634481481670456,0.00011634481481670456,-0.02142286051430231,-0.08418306937103603,-0.03145385789414734,0.1565519720085078,-0.49659840485565954,0.387107001883643,0.3938244680563609,0.38084936638673145,0.4020308057467143,0.3972351299226284,51.26952656287239,0.0,0.0,0.38387900590896606,0
2023-02-27,0.3791149854660034,104.66999816894531,11466.98046875,0.002840925439916875,0.002840925439916875,-0.048704633764773075,-0.07110171412965816,-0.04876189749784732,0.15629661867681222,-0.474904185712295,0.3843341427189963,0.3928571671247482,0.3806334329975976,0.4023155000474718,0.39722788989543917,53.505123373760576,-0.005132600705506918,0.006322107562301227,0.3775799870491028,0
2023-02-28,0.3771499991416931,104.87000274658203,11455.5400390625,-0.005183087980273227,0.005183087980273227,-0.037649456470078335,-0.08849005907394736,-0.07729305550603605,0.13192318339626485,-0.5177381294538532,0.3822262840611594,0.39163670043150584,0.38028239972061584,0.4025597001115481,0.3972136649489403,47.30030199347528,0.00191081094043688,-0.000997684588255665,0.3776710033416748,0
2023-03-01,0.38387900590896606,104.4800033569336,11379.48046875,0.017841725527208308,0.017841725527208308,-0.02959408946919251,-0.02714709065376808,-0.032338660531734176,0.15884848938499396,-0.5108961641957019,0.38055385436330524,0.39127963383992515,0.3801398552126355,0.4028520334098074,0.39724324002861977,39.73951526360333,-0.003718884136876266,-0.00663954471401107,0.3738130033016205,0
2023-03-02,0.3775799870491028,105.02999877929688,11462.98046875,-0.016408865196855915,0.016408865196855915,-0.029681621464473285,-0.07089023354975799,-0.047172027075860434,0.1442893112866943,-0.5086766900719859,0.3789038530417851,0.39031933347384135,0.37993215521176654,0.4031165389551057,0.3972488850355148,44.96551292592012,0.005264121407848155,0.007337769086146251,0.3671939969062805,0
2023-03-03,0.3776710033416748,104.5199966430664,11689.009765625,0.0002410516862489942,0.0002410516862489942,-0.0021295978190146725,-0.08751316162668377,-0.026989757104778134,0.13825238403578743,-0.49790143404252285,0.37878870964050293,0.38911196688810984,0.3798157552878062,0.40337138341532813,0.39725837007164955,36.47867481422971,-0.004855775894105796,0.019718196108873487,0.3704710006713867,0
2023-03-04,0.3738130033016205,104.5199966430664,11689.009765625,-0.010215240264458525,0.010215240264458525,-0.011299004834063986,-0.08769802051491227,-0.043308116893047144,0.12269639762111306,-0.47547678898741885,0.37817842619759695,0.3879141668478648,0.3796277330981361,0.40359834449158777,0.39724125012755396,34.77910512417887,0.0,0.0,0.38054800033569336,0
2023-03-05,0.3671939969062805,104.5199966430664,11689.009765625,-0.017706731271729614,0.017706731271729614,-0.028692661091083482,-0.1091956977306191,-0.05747157915189938,0.13961792186953415,-0.5135858957514812,0.37662885444504873,0.3864137997229894,0.3793789552317725,0.403848266767131,0.39717868506908416,35.66254281158612,0.0,0.0,0.3891879916191101,1
2023-03-06,0.3704710006713867,104.3499984741211,11675.740234375,0.008924448092060056,0.008924448092060056,-0.02280043028104417,-0.09927914472941513,-0.05514745535112664,0.0981246021477793,-0.4897051417559608,0.37539399947438923,0.3850526660680771,0.37913869983620113,0.4040321778919962,0.3971762150526047,25.714201682319967,-0.0016264655033031428,-0.0011352143180701768,0.37213000655174255,0
2023-03-07,0.38054800033569336,105.62000274658203,11530.330078125,0.027200508666115786,0.027200508666115786,0.009009681033364192,-0.04609496534615298,-0.008269012406469933,0.11845285269124384,-0.4738630619423141,0.37587942821638926,0.38443969984849297,0.37910344435109034,0.40425608340236874,0.3974037100374699,40.723677676535374,0.012170620901119644,-0.012454041742200883,0.37062200903892517,0
2023-03-08,0.3891879916191101,105.66000366210938,11576.0,0.022704077477204265,0.022704077477204265,0.01382984124795561,-0.009256060206725092,-0.013577658828831995,0.08858596164811083,-0.4601936162795148,0.3766378547464098,0.38431849976380666,0.37904392215940685,0.40443203333351346,0.39766194492578505,45.16576053668835,0.00037872481052025897,0.003960851212893246,0.3668319880962372,0
2023-03-09,0.37213000655174255,105.30999755859375,11338.349609375,-0.04382967983262398,0.04382967983262398,-0.014433976069424204,-0.07866717126219747,-0.04374371257411658,0.0403963311118023,-0.5149732164581897,0.37585928610392977,0.3832593669493993,0.3788547777467304,0.4045123055577278,0.3977960850298405,38.92883829708774,-0.003312569481209837,-0.02052957762828267,0.37331798672676086,0
2023-03-10,0.37062200903892517,104.58000183105469,11138.8896484375,-0.004052340543002408,0.004052340543002408,-0.0186643778325033,-0.0689105881678227,-0.041572488684769815,0.04365584362833408,-0.4974378486026796,0.3748522869178227,0.3823450336853663,0.37867615554067824,0.40459843344158597,0.3979255901277065,44.19275377646167,-0.006931874888069345,-0.017591622044585642,0.37378600239753723,0
2023-03-11,0.3668319880962372,104.58000183105469,11138.8896484375,-0.010226108677452883,0.010226108677452883,-0.018675153469047467,-0.040876838138894867,-0.039075454993067193,0.020551078258777222,-0.5426918987826358,0.3738549990313394,0.3818239003419876,0.3785104109181298,0.40463947223292457,0.39802429005503653,42.07858893702865,0.0,0.0,0.3742789924144745,1
2023-03-12,0.37331798672676086,104.58000183105469,11138.8896484375,0.017681115172600848,0.017681115172600848,0.016677804844514865,-0.02437513610410924,-0.036335162375932595,0.1187501373154547,-0.5253951733534191,0.37472985471997944,0.38151299953460693,0.3783540106481976,0.40485961652464336,0.39816015496850016,46.95175526332797,0.0,0.0,0.36055800318717957,0
2023-03-13,0.37378600239753723,103.5999984741211,11188.83984375,0.0012536649382470788,0.0012536649382470788,0.008948073452828664,-0.02661920642102511,-0.05395060563429255,0.09267955973179798,-0.5090490356875839,0.37520342639514376,0.3811722666025162,0.37811716629399195,0.40503574990563923,0.39828160002827645,46.53354596045306,-0.00937084853485426,0.0044843065053172815,0.36602500081062317,0
2023-03-14,0.3742789924144745,103.5999984741211,11428.150390625,0.0013189097873518296,0.0013189097873518296,-0.01647363253962386,-0.0026726493352245972,-0.03140413987395552,0.14691644354613786,-0.5168449047060182,0.3743078538349697,0.3811388333638509,0.37798233297136097,0.4053021053473155,0.39846114501357077,48.09597390435734,0.0,0.0213883253506999,0.3803820013999939,0
2023-03-15,0.36055800318717957,104.6500015258789,11434.0498046875,-0.03665978990373142,0.03665978990373142,-0.07356339108209198,-0.02991056938209702,-0.04674055007403366,0.010849847637077525,-0.5297783028063932,0.370217855487551,0.3807682663202286,0.37778589957290226,0.40532360540495976,0.3985872000455856,35.84633533052403,0.010135164741533309,0.0005162177483539754,0.3744330108165741,1
2023-03-16,0.36602500081062317,104.41999816894531,11717.2802734375,0.015162602341697307,0.015162602341697307,-0.016405572336641194,-0.04283919588199303,0.03987923890060552,-0.029121698508832505,-0.5387429302209105,0.3693457118102482,0.3802221993605296,0.3779418663846122,0.4052626109785504,0.39880185008049013,42.91565943653582,-0.0021978342434779696,0.024770791940567527,0.3884649872779846,1
2023-03-17,0.3803820013999939,103.70999908447266,11630.509765625,0.03922409823802964,0.03922409823802964,0.026334087353251823,-0.05224836932687549,0.07207238232446178,0.06156175600343494,-0.5206294016474857,0.37073999643325806,0.37952319979667665,0.378225999739435,0.40538516094287236,0.39903477504849433,51.414645404012,-0.006799455055763515,-0.00740534542040483,0.3746280074119568,0
2023-03-18,0.3744330108165741,103.70999908447266,11630.509765625,-0.015639516490066785,0.015639516490066785,0.020720719476467364,-0.027843135616328563,0.06898394816487308,-0.03265533647751406,-0.5309420496165032,0.37182585682187763,0.37916573385397595,0.3784944776031706,0.405314938724041,0.39927259504795076,50.316621181415236,0.0,0.0,0.46970999240875244,1
2023-03-19,0.3884649872779846,103.70999908447266,11630.509765625,0.037475265417461934,0.037475265417461934,0.04057399077936785,-0.017295663629453673,0.14635405902420184,-0.06435239386615543,-0.5258997040619933,0.373989714043481,0.37893783350785576,0.3790455331405004,0.4051665052771568,0.3995755699276924,60.097983844040776,0.0,0.0,0.4224799871444702,1
2023-03-20,0.3746280074119568,103.27999877929688,11675.5400390625,-0.03561963193384565,0.03561963193384565,0.0022526392347994584,-0.05068546924817008,0.0722866211954214,-0.05594360428552392,-0.5352707456250029,0.37411000047411236,0.3782710999250412,0.3793261441919539,0.4050431720084614,0.39978274002671244,51.79362336969632,-0.004146179818452667,0.0038717368666496554,0.44484999775886536,1
2023-03-21,0.46970999240875244,103.26000213623047,11860.1103515625,0.25380372827341624,0.25380372827341624,0.2549728997041816,0.2158666963725313,0.35746481311536416,-0.03172745780946695,-0.43958852660783,0.38774300047329496,0.38105086584885917,0.3807004772954517,0.4049576663308673,0.4004749949276447,72.19197469691485,-0.0001936158336827143,0.015808289114035645,0.42590200901031494,0
2023-03-22,0.4224799871444702,102.3499984741211,11669.9599609375,-0.1005514168904067,0.1005514168904067,0.17173931353603744,0.060109121256808784,0.20846682645917802,-0.16698705604955366,-0.49530342049010134,0.3965889981814793,0.38184936543305714,0.38151025507185193,0.40448716084162395,0.40093754991889,56.95095267950678,-0.008812741073826569,-0.016032767401691905,0.4447160065174103,1
2023-03-23,0.44484999775886536,102.52999877929688,11787.400390625,0.05294927877079658,0.05294927877079658,0.21535413366210276,0.1350964817891811,0.25567008644173606,-0.08975766694059273,-0.4690811487264618,0.4078497120312282,0.38361419836680094,0.3825166662534078,0.4042434607942899,0.40150280490517615,64.85354869154159,0.0017586742340918171,0.0100634818011891,0.44881701469421387,0
2023-03-24,0.42590200901031494,103.12000274658203,11823.9599609375,-0.04259410777567618,0.04259410777567618,0.11966919423838385,0.07663565990520782,0.20933394690402074,-0.13544727864231298,-0.494758975966042,0.4143525702612741,0.38462473154067994,0.3833358108997345,0.4038727664285236,0.4019675149023533,60.540367363160506,0.005754452104843821,0.0031015804249405754,0.47999098896980286,1
2023-03-25,0.4447160065174103,103.12000274658203,11823.9599609375,0.04417447466569646,0.04417447466569646,0.18770512660612115,0.1428468911321068,0.2838518188138728,-0.049097890926145804,-0.4610332669861177,0.4243929982185364,0.3864775985479355,0.3844282997979058,0.403745199739933,0.40258005499839783,64.04561147265136,0.0,0.0,0.5150579810142517,1
2023-03-26,0.44881701469421387,103.12000274658203,11823.9599609375,0.009221633844301635,0.009221633844301635,0.15536027542436281,0.18585014733950667,0.22720473599753843,9.137742435738616e-05,-0.46105656075368917,0.4330147164208548,0.3888222654660543,0.385351566473643,0.40374542756213083,0.40313730508089063,63.73364143027848,0.0,0.0,0.5435770153999329,1
2023-03-27,0.47999098896980286,102.86000061035156,11768.83984375,0.0694580937329845,0.0694580937329845,0.2812469422287065,0.269531996676448,0.303876886001176,0.06505615676400334,-0.44014125167922946,0.44806657092911856,0.3922191321849823,0.386594510740704,0.4039083108305931,0.40383603498339654,67.37789796781396,-0.0025213550165376075,-0.0046617307035543565,0.5342490077018738,1
2023-03-28,0.5150579810142517,102.43000030517578,11716.080078125,0.07305760493486058,0.07305760493486058,0.0965446538042487,0.362439476510394,0.44463732305625703,0.06106290488664823,-0.4033874861069283,0.4545448550156185,0.39678636491298674,0.3883559217055639,0.4040729829006725,0.4046237398684025,70.69373004939851,-0.004180442374336346,-0.004483004809774704,0.5384920239448547,1
2023-03-29,0.5435770153999329,102.63999938964844,11926.240234375,0.05537053193413577,0.05537053193413577,0.2866337624036439,0.4338051415503261,0.5854844613653178,0.13298556689350294,-0.36646034057594623,0.47184443048068453,0.4022684325774511,0.39058626625272963,0.4044274441070027,0.4055532199144363,75.78117895963936,0.0020501716669627523,0.017937753484835728,0.5147410035133362,0
2023-03-30,0.5342490077018738,102.13999938964844,12013.4697265625,-0.017160415973799137,0.017160415973799137,0.20096439337618688,0.4165425133705474,0.5484716091572068,0.12447436169736315,-0.3793676415459233,0.48461571761540007,0.40750506619612376,0.39268884427017636,0.40475599418083824,0.40644887000322344,73.4420678698797,-0.004871395196543893,0.007314081426607499,0.5189530253410339,0
2023-03-31,0.5384920239448547,102.51000213623047,12221.91015625,0.007942019885507579,0.007942019885507579,0.2643566185474673,0.40276497452573357,0.5841308069129525,0.1997148644500626,-0.3389199242857298,0.5007000054631915,0.41265883346398674,0.39489509993129307,0.4052540053923925,0.4073441050946712,72.67174622580005,0.0036225058624734796,0.017350560198826193,0.49696001410484314,0
2023-04-01,0.5147410035133362,102.51000213623047,12221.91015625,-0.04410654081285115,0.04410654081285115,0.1574600328517397,0.363263470440228,0.5194723321896719,0.11204224253945583,-0.3781368605402986,0.5107035764626094,0.41723086734612785,0.39685041109720864,0.4055421276224984,0.40824935004115104,69.14181791273313,0.0,0.0,0.50347900390625,0
2023-04-02,0.5189530253410339,102.51000213623047,12221.91015625,0.008182798337316832,0.008182798337316832,0.15626860914487573,0.3740875543774347,0.4888655125744308,0.08076034917154118,-0.37090425296701324,0.5207230065550122,0.4219402680794398,0.3987437112463845,0.4057575666242176,0.4091337051987648,68.29223478287463,0.0,0.0,0.5062350034713745,0
2023-04-03,0.49696001410484314,102.08999633789062,12189.4501953125,-0.04237957996629449,0.04237957996629449,0.03535279937538127,0.3294347968517788,0.44539070951880233,0.014860658503861757,-0.4104513647445114,0.5231471530028752,0.4260451684395472,0.40044522252347736,0.40579799446794723,0.40998683020472526,66.76552249587539,-0.004097217730828606,-0.0026558827975756705,0.5032979846000671,0
2023-04-04,0.50347900390625,101.58999633789062,12126.330078125,0.013117735061943137,0.013117735061943137,-0.022480919692187684,0.3711526009363211,0.4476356958808161,0.02087456942495547,-0.3913830342873451,0.5214930134160178,0.4305880020062129,0.40217505594094594,0.40585518893268374,0.4107207852602005,56.11161620236865,-0.004897639513524288,-0.00517825793420712,0.5137360095977783,1
2023-04-05,0.5062350034713745,101.8499984741211,11996.8603515625,0.005473911610498261,0.005473911610498261,-0.06869681916385706,0.36646323883367193,0.49756385314369833,-0.02323656262456497,-0.3808598140978743,0.5161584402833667,0.4351134687662125,0.40404390030437043,0.4057882833811972,0.4113669402897358,68.06660844933086,0.002559328138626027,-0.010676744384193637,0.5057160258293152,0
2023-04-06,0.5032979846000671,101.81999969482422,12087.9599609375,-0.005801690620299893,0.005801690620299893,-0.05793370255369423,0.32256110702484886,0.4603374313527062,-0.026715604798497328,-0.3389087797916953,0.5117368655545371,0.4392051349083583,0.4058067113161087,0.40571153346035216,0.4120918151736259,63.761399073128224,-0.0002945388291242246,0.007593620889580155,0.5058339834213257,0
2023-04-07,0.5137360095977783,101.81999969482422,12087.9599609375,0.020739254511431326,0.020739254511431326,-0.04597285242169458,0.32002019759273725,0.49225608625973094,-0.03805745878625544,-0.3480507389841462,0.5082002920763833,0.4433567355076472,0.40768968926535715,0.4055986167656051,0.4127251301705837,71.54355859863728,0.0,0.0,0.5183179974555969,0
2023-04-08,0.5057160258293152,101.81999969482422,12087.9599609375,-0.015611099122178063,0.015611099122178063,-0.017533045983167295,0.3589767471734324,0.4643239918358979,0.017508641530844082,-0.3293388802114622,0.5069110095500946,0.44780960281689963,0.4094714449511634,0.40564696143070855,0.4131777952611446,65.79835766071237,0.0,0.0,0.5175179839134216,1
2023-04-09,0.5058339834213257,101.81999969482422,12087.9599609375,0.0002332486731404515,0.0002332486731404515,-0.025279825493043417,0.3648244601906512,0.4479704450769735,0.0421036222201443,-0.3375537728624921,0.505036860704422,0.4523166686296463,0.41121026708020103,0.4057605001661513,0.4137228251993656,65.07786667288747,0.0,0.0,0.5061150193214417,0
2023-04-10,0.5183179974555969,102.58000183105469,12084.3603515625,0.024680061924334806,0.024680061924334806,0.04297726727415929,0.41295746901880825,0.47567626915755135,0.061322349978135016,-0.31495058601875536,0.5080880011831012,0.4573662022749583,0.41306667824586235,0.40592687792248194,0.41388891011476514,61.247171898708714,0.007464173428681553,-0.00029778468712937656,0.5132920145988464,0
2023-04-11,0.5175179839134216,102.19999694824219,12031.8798828125,-0.0015434801533084075,0.0015434801533084075,0.027883943318887106,0.3862658706884212,0.3831536165179794,0.07634162575044745,-0.25539444919884147,0.5100935697555542,0.462172868847847,0.41465956701172724,0.40613079998228285,0.4139406451582909,50.90362804294641,-0.0037044733479177916,-0.004342842088717935,0.5239930152893066,0
2023-04-12,0.5061150193214417,101.5,11929.33984375,-0.022033948474122322,0.022033948474122322,-0.00023701274923726423,0.35402346817462393,0.3489314367932317,0.03507203277435167,-0.2937411023133736,0.5100764291627067,0.4665838360786438,0.41611421174473234,0.40622607237762876,0.41402764022350313,34.25993589855965,-0.006849285412373285,-0.008522362262689986,0.5204439759254456,1
2023-04-13,0.5132920145988464,101.01000213623047,12166.26953125,0.01418056173679072,0.01418056173679072,0.01985708328778779,0.3714155082218178,0.33044763118795406,0.06601152438735292,-0.2908862247521201,0.5115041477339608,0.4712176034847895,0.41753074526786804,0.40640265577369267,0.4141309653222561,41.03260245812791,-0.004827565160290925,0.019861089599533255,0.5213919878005981,0
2023-04-14,0.5239930152893066,101.55000305175781,12123.4697265625,0.02084778330094106,0.02084778330094106,0.01996551828157589,0.4532835512107096,0.32507852028037054,0.09849479563658181,-0.27905980638509154,0.512969434261322,0.4766654372215271,0.41895907885498473,0.40666367246045004,0.41441254034638403,44.12086435400153,0.005346014296673918,-0.003517906995037845,0.5111269950866699,0
2023-04-15,0.5204439759254456,101.55000305175781,12123.4697265625,-0.006773066167497621,0.006773066167497621,0.029122964952471575,0.4218809501341054,0.3522205298044525,0.0844435353183084,-0.3375836280090512,0.5150734271321978,0.48181273639202116,0.4204653342564901,0.4068888167540232,0.41477088019251823,52.76555930604348,0.0,0.0,0.532263994216919,1
2023-04-16,0.5213919878005981,101.55000305175781,12123.4697265625,0.001821544525454133,0.001821544525454133,0.03075713552110959,0.3707062528763658,0.3487438227266917,0.11892212089927634,-0.33312271791472436,0.5172959991863796,0.4865130692720413,0.42196328971121044,0.40719667772452034,0.4151244801282883,51.221398517570414,0.0,0.0,0.4915989935398102,0
2023-04-17,0.5111269950866699,102.0999984741211,12157.7197265625,-0.019687668690938853,0.019687668690938853,-0.013873726947988163,0.36506926558635877,0.3183195994410819,0.13274911420673297,-0.3213512657303713,0.5162687131336757,0.49106953541437787,0.42333457867304486,0.4075294554233551,0.4152530300617218,58.0389150014087,0.005416005965878323,0.0028250988184479464,0.47485798597335815,0
2023-04-18,0.532263994216919,101.75,12153.41015625,0.04135371313476588,0.04135371313476588,0.028493715700446565,0.370172374984292,0.4027176245352764,0.1878665563832722,-0.3069632594389201,0.5183752860341754,0.4958628356456757,0.42503248982959324,0.4079971220758226,0.4155154800415039,64.00961026332493,-0.0034279968594691512,-0.00035447192478732514,0.449396014213562,0
2023-04-19,0.4915989935398102,101.97000122070312,12157.23046875,-0.07640005921673554,0.07640005921673554,-0.02868127841986079,0.31223235800207316,0.24839441251012628,0.06614864734287962,-0.3657302602188859,0.5163015680653709,0.4997618685166041,0.426119311981731,0.4081665721204546,0.4155979250371456,44.796715010691514,0.0021621741592445787,0.00031434078590986125,0.47266098856925964,0
2023-04-20,0.47485798597335815,101.83999633789062,12059.5595703125,-0.03405419414288591,0.03405419414288591,-0.07487751130421472,0.010959940490526732,0.1488203307352387,0.02016886169108445,-0.3686893560283476,0.5108109925474439,0.49993346830209096,0.4268028007613288,0.40821872767474915,0.41572796493768693,40.7928992804034,-0.001274932639562465,-0.008033976051417424,0.4650160074234009,0
2023-04-21,0.449396014213562,101.81999969482422,12072.4599609375,-0.053620182269030425,0.053620182269030425,-0.1423625867122641,0.06370959072172022,0.11365365710310704,-0.041866965694031366,-0.3870574372843921,0.5001542781080518,0.500830669204394,0.4273123896784253,0.40810963329341676,0.4156605499982834,31.01728524630755,-0.00019635353285030188,0.001069723197583139,0.4612730145454407,1
2023-04-22,0.47266098856925964,101.81999969482422,12072.4599609375,0.051769427453447925,0.051769427453447925,-0.09181197125246565,0.06251768225357957,0.17880271022772032,0.04151413220087119,-0.3427906908900684,0.49332813705716816,0.5017577022314071,0.4281089895301395,0.40821429987748464,0.41562298491597177,41.05241928652848,0.0,0.0,0.46999499201774597,0
2023-04-23,0.4650160074234009,101.81999969482422,12072.4599609375,-0.016174343410485514,0.016174343410485514,-0.1081259046864329,0.09183802279772446,0.09430207660280332,0.007522577061683355,-0.34292396734864383,0.4852744255747114,0.50306150217851,0.4285542451673084,0.40823358876837623,0.41549964994192123,39.38369787476145,0.0,0.0,0.46203699707984924,0
2023-04-24,0.4612730145454407,101.3499984741211,12037.2001953125,-0.00804916996019056,0.00804916996019056,-0.09753736550889025,0.03723051966959545,0.1313835868704496,-0.0172633097444419,-0.3398493290266611,0.4781524283545358,0.5036134024461111,0.42914942304293313,0.40818857219484117,0.41534009501338004,34.45648802147704,-0.004616001002865966,-0.0029206777855622645,0.46686801314353943,0
2023-04-25,0.46999499201774597,101.86000061035156,11799.16015625,0.018908492795530973,0.018908492795530973,-0.11698894322315523,0.047186217612451786,0.125216377268202,0.016409784501015823,-0.3231892355157939,0.4692568566117968,0.5043193350235621,0.4297305564085642,0.408230727745427,0.415098679959774,37.586911091193386,0.0050320882477437046,-0.01977536596551721,0.48027101159095764,1
2023-04-26,0.46203699707984924,101.47000122070312,11854.349609375,-0.016932084539309833,0.016932084539309833,-0.06013437140523148,-0.03740485197125887,0.12663649055180248,-0.02519931416698884,-0.27997864186842136,0.4650337142603738,0.5037208686272303,0.43030760089556375,0.408164372212357,0.4148233000934124,38.275746005584146,-0.003828778591316917,0.00467740520462101,0.4784089922904968,1
2023-04-27,0.46686801314353943,101.5,12142.240234375,0.01045590741482405,0.01045590741482405,-0.01682602602426697,-0.09356221949190391,0.1310033349293711,-0.007542252413785588,-0.2842938373988494,0.4638922895703997,0.5021145363648732,0.4309084564447403,0.40814466112189823,0.4144873350858688,37.495687354255054,0.00029564185410446697,0.02428565332444066,0.4723320007324219,0
2023-04-28,0.48027101159095764,101.66999816894531,12226.580078125,0.02870832455873873,0.02870832455873873,0.06870331823353282,-0.11646188491321374,0.17674831257774448,0.047585947186400857,-0.2546576666253184,0.4683030034814562,0.5000043362379074,0.43170997864670224,0.4082658612065845,0.4144036202132702,38.39242692270627,0.0016748588073429715,0.0069459870766872545,0.4649659991264343,0
2023-04-29,0.4784089922904968,101.66999816894531,12226.580078125,-0.0038770178826589285,0.0038770178826589285,0.01216094380591115,-0.10452057861853303,0.15623638683178798,0.026816045760156504,-0.21752775742180974,0.4691241468702044,0.4981430023908615,0.43242825633949705,0.40833527230554156,0.41436868011951444,38.73943928242048,0.0,0.0,0.4649510085582733,0
2023-04-30,0.4723320007324219,101.66999816894531,12226.580078125,-0.012702502787374281,0.012702502787374281,0.01573277735009171,-0.12286165861429377,0.19701664851875833,0.0166926289869076,-0.19547058692740826,0.4701692887714931,0.49593766828378044,0.4332920451958974,0.40837835570176445,0.41428849011659624,37.20903344433165,0.0,0.0,0.4634940028190613,0
2023-05-01,0.4649659991264343,102.1500015258789,12212.599609375,-0.015594966241045394,0.015594966241045394,0.008006071165105766,-0.09669912450565488,0.14414022372293878,0.031254847948825715,-0.23505701647295085,0.47069685799734934,0.4942785014708837,0.43394290076361763,0.4084566445814239,0.41420926004648206,37.780138972472166,0.0047211897863514984,-0.0011434488352971561,0.4615730047225952,0
2023-05-02,0.4649510085582733,101.95999908447266,12080.509765625,-3.2240138395422946e-05,3.2240138395422946e-05,-0.010731994053422178,-0.10405954709922494,0.12336311775039466,0.02156727342350573,-0.24308243651780315,0.4699762889317104,0.49247843424479165,0.4345102230707804,0.40851117802990805,0.41408918514847753,29.9371051752192,-0.0018600336619487567,-0.010815866234458515,0.46779999136924744,0
2023-05-03,0.4634940028190613,101.33999633789062,12025.330078125,-0.003133675833352778,0.003133675833352778,0.0031534395479595467,-0.06734145672879344,0.13117118055444443,-0.08110563137703475,-0.23370292841261675,0.47018443260874065,0.4913629005352656,0.43510741194089253,0.4082839002211889,0.4139991201460361,39.06819783095106,-0.006080842998717251,-0.004567662174075893,0.4595490097999573,0
2023-05-04,0.4615730047225952,101.4000015258789,11966.400390625,-0.004144601839036088,0.004144601839036088,-0.011341553226770884,-0.08323286345314584,0.1197656331054806,-0.06437272614799316,-0.2860145929839424,0.46942800283432007,0.48996603389581045,0.43565594520833756,0.4081074724594752,0.4139219351112843,44.15926239805537,0.0005921175267089573,-0.004900463198694083,0.45036399364471436,0
2023-05-05,0.46779999136924744,101.20999908447266,12235.41015625,0.013490794701901176,0.013490794701901176,-0.02596663117434128,-0.07592326061724097,0.13735544093350205,-0.006097739735763774,-0.21888309095469183,0.4676464285169329,0.48868486682573953,0.4362836672200097,0.4080915278858609,0.4138613450527191,59.73838579988853,-0.0018737913071703582,0.02248042492676028,0.42891499400138855,0
2023-05-06,0.4595490097999573,101.20999908447266,12235.41015625,-0.017637840362372814,0.017637840362372814,-0.039422299318085385,-0.08692459763150828,0.15193382630226093,-0.0135406130428255,-0.2373516573161717,0.4649521453039987,0.48722656766573585,0.43695713414086235,0.40805648350053364,0.41382920503616333,41.751183143176725,0.0,0.0,0.4298880100250244,0
2023-05-07,0.45036399364471436,101.20999908447266,12235.41015625,-0.01998702197017288,0.01998702197017288,-0.04650967339422862,-0.1233552150698568,0.14647781281309302,0.10861008772508995,-0.22663976571112798,0.4618138585771833,0.4851141671339671,0.43759646746847364,0.40830160561535095,0.41382488995790484,40.95755324971896,0.0,0.0,0.43087300658226013,0
2023-05-08,0.42891499400138855,101.37000274658203,12256.919921875,-0.04762592024673851,0.04762592024673851,-0.07753471263012224,-0.15186592456108527,0.06192313910168479,0.2873333172923529,-0.2429045973453683,0.45666371498789105,0.4825541327397029,0.4378743675020006,0.4088334611720509,0.41372904494404794,33.61187359760093,0.001580907652966479,0.0017579930178321934,0.42187899351119995,0
2023-05-09,0.4298880100250244,101.63999938964844,12179.5498046875,0.0022685521309444567,0.0022685521309444567,-0.07541224319949913,-0.15014011688701312,0.07997950646764407,0.08638504519283785,-0.12791008542639015,0.45165471519742695,0.48002260029315946,0.4382281008693907,0.4090233667029275,0.41357299506664275,27.95714493966649,0.0026634767263584713,-0.006312362133444105,0.43071800470352173,0
2023-05-10,0.43087300658226013,101.4800033569336,12306.4404296875,0.002291286414753513,0.002291286414753513,-0.0703806220542097,-0.16870915403787035,0.12656555001784797,0.12160071222895286,-0.16111523979792075,0.4469945728778839,0.47710776726404824,0.4387659566269981,0.4092828889687856,0.4134000101685524,31.45045128146907,-0.00157414436910297,0.010418334588292,0.424903005361557,0
2023-05-11,0.42187899351119995,102.05999755859375,12328.509765625,-0.02087393021531292,0.02087393021531292,-0.08599725461685381,-0.1848032210958328,0.10253363153957862,0.16003761377860726,0.020569626527250362,0.4413239998476846,0.4739198009173075,0.43920188976658714,0.40960623340474234,0.41316424012184144,24.48590030784291,0.00571535457700123,0.0017933159522116604,0.4258599877357483,0
2023-05-12,0.43071800470352173,102.68000030517578,12284.740234375,0.020951531904342513,0.020951531904342513,-0.07926889129943548,-0.14897209476021123,0.12163813127805057,0.2657157427560808,0.11814974102480158,0.43602657318115234,0.4714065670967102,0.4397208899259567,0.4101085778739717,0.4130487251281738,20.36339849243454,0.006074884983473305,-0.0035502694228333187,0.42756199836730957,0
2023-05-13,0.424903005361557,102.68000030517578,12284.740234375,-0.013500711088145434,0.013500711088145434,-0.07539131561502388,-0.1722002422078749,0.132223280534711,0.1288422331115613,0.003509550613242318,0.4310771439756666,0.46846026678880054,0.44027223454581366,0.4103780056039492,0.41286552011966704,19.44401044990768,0.0,0.0,0.4414219856262207,1
2023-05-14,0.4258599877357483,102.68000030517578,12284.740234375,0.0022522372450084482,0.0022522372450084482,-0.05440933612534071,-0.18727926649819404,0.14578589123994967,0.09610549559658987,-0.004474382031020019,0.42757657170295715,0.4651891658703486,0.44087428980403476,0.4105854445033603,0.412647940069437,21.812593229420102,0.0,0.0,0.4485889971256256,1
2023-05-15,0.42756199836730957,102.43000030517578,12365.2099609375,0.003996643687073531,0.003996643687073531,-0.0031544610307435716,-0.17846681267272746,0.11808096512864874,0.1362234197326495,-0.044278702415783355,0.42738328661237446,0.4620930999517441,0.4413760119014316,0.4108702278799481,0.4124737150967121,25.638923374226607,-0.002434748726694358,0.0065503807998585906,0.46029898524284363,1
2023-05-16,0.4414219856262207,102.55999755859375,12343.0498046875,0.03241632163718222,0.03241632163718222,0.026830186774748244,-0.1533778885090219,0.0998375452898752,0.15391163650304485,0.04478823512980501,0.42903099741254536,0.45942743321259816,0.44182123409377205,0.4111973277396626,0.41231092005968095,37.017038119936124,0.0012691326079337095,-0.0017921374825017322,0.4679819941520691,1
2023-05-17,0.4485889971256256,102.87999725341797,12500.5703125,0.016236190613019508,0.016236190613019508,0.04111650131877842,-0.12235315012160519,0.16469130724240166,0.1710580519908218,0.025058105005580478,0.43156185320445467,0.45734283328056335,0.44252603418297237,0.4115613611208068,0.4122017849981785,42.2631694074281,0.0031201219036827155,0.01276187897683756,0.46908101439476013,1
2023-05-18,0.46029898524284363,103.58000183105469,12688.83984375,0.026104046671342473,0.026104046671342473,0.09106874796463105,-0.1352054802804239,0.16442362539461675,0.19651727919496498,0.13327801856512922,0.43705042345183237,0.4549439996480942,0.44324822293387517,0.41198136111100514,0.41221100494265556,49.39969302883367,0.006804088222440718,0.015060875347562286,0.4575499892234802,0
2023-05-19,0.4679819941520691,103.19999694824219,12657.900390625,0.016691344442508527,0.016691344442508527,0.08651597806828959,-0.048041187427346865,0.1858753173524681,0.2929643728263951,0.11430652844411071,0.44237385051591055,0.4541567663351695,0.44406324492560495,0.41257045550478827,0.4122213399410248,50.084597352893844,-0.0036687089794834593,-0.0024383200911972658,0.46160098910331726,0
2023-05-20,0.46908101439476013,103.19999694824219,12657.900390625,0.002348424205256716,0.002348424205256716,0.10397198531371021,-0.012165682686701484,0.21423855681339177,0.2858615938094,0.14093598412638242,0.448684994663511,0.4539642006158829,0.4449828449222777,0.4131498000688023,0.41224386006593705,54.746160450705766,0.0,0.0,0.46542999148368835,0
2023-05-21,0.4575499892234802,103.19999694824219,12657.900390625,-0.024582161326989538,0.024582161326989538,0.0744141323448213,0.018144297572793455,0.14810862470723007,0.2166909048633543,0.10339951863276697,0.45321213773318697,0.45423599978288015,0.44563867814011043,0.41360251671738096,0.4122772400081158,53.49635605926588,0.0,0.0,0.45360898971557617,0
2023-05-22,0.46160098910331726,103.19999694824219,12720.7802734375,0.008853677139654348,0.008853677139654348,0.07961182440438841,-0.023399433702834038,0.17783896001186306,0.20970640283529796,0.09296839706341231,0.4580748506954738,0.4538673331340154,0.4464130779107412,0.41404707216554215,0.41230957001447677,69.14460569541372,0.0,0.004967639250745837,0.45373401045799255,0
2023-05-23,0.46542999148368835,103.48999786376953,12560.25,0.008295048040969588,0.008295048040969588,0.054387879714257625,0.0008902576549596475,0.17655825851852214,0.15780910906110224,0.15014413220423517,0.46150456581796917,0.45388113260269164,0.4471891221072939,0.41439950548940235,0.41211469992995264,70.14347818302632,0.002810086473866713,-0.012619530405120427,0.4691399931907654,0
2023-05-24,0.45360898971557617,103.88999938964844,12484.16015625,-0.025398023299765038,0.025398023299765038,0.011190627996042313,-0.016614942969115587,0.1657003932592358,0.11066515966504165,0.10984719194425185,0.46222170761653353,0.45362566510836283,0.4479055553674698,0.41465059982405766,0.41191609486937525,61.476089230609084,0.003865122563877721,-0.0060579879978504,0.4722450077533722,1
2023-05-25,0.45373401045799255,104.20999908447266,12698.08984375,0.0002756134583989933,0.0002756134583989933,-0.014262414203210838,-0.03459820175943373,0.19884167831993826,0.14397586654284744,0.11816360082359689,0.46128385407584055,0.4530836323897044,0.4487417442931069,0.4149678498506546,0.41183141484856606,67.66013172108123,0.0030801780412379465,0.017136089638588814,0.48288899660110474,1
2023-05-26,0.4691399931907654,104.20999908447266,12975.6904296875,0.033953775510948025,0.033953775510948025,0.0024744521224464577,0.015373219365133695,0.24083211135806804,0.18224590527012818,0.19322429035195188,0.46144928250994,0.4533203989267349,0.4497534665796492,0.4153696220782068,0.4118478298187256,69.85508505221165,0.0,0.021861601969538347,0.4941509962081909,1
2023-05-27,0.4722450077533722,104.20999908447266,12975.6904296875,0.006618524550611626,0.006618524550611626,0.006745089358806133,0.011517162149593752,0.24918992592088052,0.20989808350816475,0.23693317261284097,0.46190128156117033,0.453499632080396,0.45080017778608533,0.4158247720864084,0.41217784479260444,75.16958406825573,0.0,0.0,0.5219380259513855,1
2023-05-28,0.48288899660110474,104.20999908447266,12975.6904296875,0.02253912412620207,0.02253912412620207,0.0553797573476682,0.0054510577298318985,0.2737270092543127,0.21161766338881427,0.2499617946641206,0.4655211397579738,0.4535868982474009,0.4519532223542531,0.41629332767592536,0.412926384806633,77.4883471849373,0.0,0.0,0.5173860192298889,1
2023-05-29,0.4941509962081909,104.20999908447266,12975.6904296875,0.023322129280964443,0.023322129280964443,0.07051546221359639,0.0329049080836159,0.3102240417148754,0.2089528221332646,0.2702587891975392,0.47017114077295574,0.45411163171132407,0.4532532334327698,0.4167678165766928,0.41341861471533775,79.38794428702055,0.0,0.0,0.5073170065879822,1
2023-05-30,0.5219380259513855,104.16999816894531,13017.4296875,0.05623186021360893,0.05623186021360893,0.1214103850238828,0.10502363833498896,0.3596420171911121,0.3156730155524865,0.2481329853099694,0.4782437171254839,0.45576516588528954,0.4547872225443522,0.41746353887849386,0.41410750985145567,81.64438795183094,-0.000383849111205925,0.0032167273131766816,0.5253869891166687,0
2023-05-31,0.5173860192298889,104.31999969482422,12935.2900390625,-0.008721354825985683,0.008721354825985683,0.14059913044118133,0.11273946955678471,0.3702686502889385,0.3056303004163059,0.22641970885114127,0.4873547213418143,0.457512499888738,0.4563406229019165,0.41813638905684153,0.4148760549724102,77.60602412837149,0.0014399685947543706,-0.00630997442731529,0.5193510055541992,0
2023-06-01,0.5073170065879822,103.55999755859375,13100.98046875,-0.019461315666963963,0.019461315666963963,0.11809340912289934,0.09111927332102776,0.34327762020167074,0.3070228835081432,0.2743936821786326,0.49500943507467,0.4589246998230616,0.4577811340490977,0.41879844466845195,0.41571116000413894,69.11859478122953,-0.007285296572601241,0.012809177775460867,0.5359110236167908,1
2023-06-02,0.5253869891166687,104.0199966430664,13240.76953125,0.035618720236126666,0.035618720236126666,0.11989384137419234,0.13353567882467132,0.40548077374597624,0.34461204810565516,0.2962852502831317,0.5030447202069419,0.46098779936631523,0.4594652894470427,0.41954651127258935,0.4164560648798943,71.524007044331,0.004441860711829282,0.010670122196841714,0.5103939771652222,0
2023-06-03,0.5193510055541992,104.0199966430664,13240.76953125,-0.011488643014585853,0.011488643014585853,0.099749064632628,0.1251762998278647,0.4143777129525186,0.33309119227188555,0.32905885487042297,0.5097741484642029,0.4629137327273687,0.461155922876464,0.4202674390541183,0.4171102149784565,68.17582605146312,0.0,0.0,0.5304639935493469,1
2023-06-04,0.5359110236167908,104.0199966430664,13240.76953125,0.03188598440263024,0.03188598440263024,0.10980168814963776,0.14559861800805685,0.44656672896282057,0.36679225486491807,0.3660431188602966,0.517348723752158,0.4651841004689535,0.46299414535363514,0.42106642259491817,0.4179082651436329,77.33835150580525,0.0,0.0,0.5196279883384705,0
2023-06-05,0.5103939771652222,104.0,13229.4296875,-0.04761433396043535,0.04761433396043535,0.032870481050670364,0.1106410116896952,0.34120788104256916,0.3301174164345728,0.2908948091360122,0.5196691496031625,0.4668789327144623,0.4644368784295188,0.42177016139030454,0.418547514975071,64.80521695441459,-0.0001922384513721731,-0.0008564338895286072,0.5245460271835327,1
2023-06-06,0.5304639935493469,104.12999725341797,13276.419921875,0.0393225964295183,0.0393225964295183,0.01633521064578569,0.17785613644731613,0.3630019552825787,0.34449557975072076,0.31625191666965535,0.5208871449742999,0.46954893271128334,0.4660066117842992,0.42252526697185305,0.4192845200002193,67.96280177624531,0.0012499735905573406,0.003551947097114816,0.5379170179367065,0
2023-06-07,0.5196279883384705,104.0999984741211,13104.900390625,-0.020427409480467285,0.020427409480467285,0.004333261868804783,0.21149410863633333,0.3963614306556038,0.33527939758342296,0.2745289198432568,0.5212074262755257,0.4725726991891861,0.4676454782485962,0.42325012799766326,0.41995916500687597,68.33462724565518,-0.000288089696419247,-0.012919110141085155,0.5081989765167236,0
2023-06-08,0.5245460271835327,103.33999633789062,13238.51953125,0.00946453800686875,0.00946453800686875,0.033961054669596535,0.22019227089631577,0.4153126754230114,0.356474605238577,0.30924409953467524,0.523668714932033,0.475727966427803,0.4693557451168696,0.4240159503287739,0.42077217012643814,69.15576536814224,-0.007300693058313601,0.01019612027883765,0.5212209820747375,0
2023-06-09,0.5379170179367065,103.55999755859375,13259.1396484375,0.02549059579188362,0.02549059579188362,0.023849141831822962,0.2484351763029511,0.4663852537188926,0.40908558273470264,0.34370418809580605,0.5254587190491813,0.47929610013961793,0.47125668989287484,0.4248835504055023,0.4216377602517605,68.81239143909976,0.0021289067979428644,0.0015575848295441563,0.52572101354599,0
2023-06-10,0.5081989765167236,103.55999755859375,13259.1396484375,-0.055246516524003475,0.055246516524003475,-0.021473009425629686,0.20460839324352875,0.36130321759365147,0.3118400441395066,0.33128382648518406,0.5238655720438276,0.4821734329064687,0.47275536755720776,0.42555468910270267,0.4222984501719475,58.58458076471553,0.0,0.0,0.5200859904289246,1
2023-06-11,0.5212209820747375,103.55999755859375,13259.1396484375,0.02562383271070079,0.02562383271070079,-0.027411344224479883,0.21012118458691353,0.39443686690117663,0.3192061534130728,0.4517679266332859,0.5217669946806771,0.48519019881884257,0.4743935339980655,0.4262553501460287,0.4229966500401497,59.04960463985302,0.0,0.0,0.4802199900150299,0
2023-06-12,0.52572101354599,103.62999725341797,13461.919921875,0.008633634535087031,0.008633634535087031,0.030029814352229733,0.23727299386514167,0.40462335370351066,0.3605123654335811,0.5216677775649048,0.5239565713065011,0.488550799091657,0.476076223121749,0.427029278046555,0.42361529514193536,57.69901990511572,0.0006759337241641905,0.015293622272195995,0.4801180064678192,0
2023-06-13,0.5200859904289246,103.33999633789062,13573.3203125,-0.010718656800604576,0.010718656800604576,-0.019564010463712922,0.22126052084434078,0.44244750035108193,0.37502671073175753,0.6733675111722026,0.5224739994321551,0.4916916658480962,0.47784875631332396,0.4278173279431131,0.4241736650466919,49.49363127908948,-0.0027984263554323707,0.008275223093845652,0.47574299573898315,0
2023-06-14,0.4802199900150299,103.01000213623047,13626.48046875,-0.07665270964329651,0.07665270964329651,-0.07583886782051341,0.12315872750338053,0.3119868559565684,0.3643078932197148,0.4907044611943854,0.5168442853859493,0.49344693223635355,0.47911758952670624,0.42852972795565925,0.4245916199684143,41.4830339531286,-0.003193286368824433,0.003916518215594023,0.47979000210762024,0
2023-06-15,0.4801180064678192,102.12000274658203,13782.8203125,-0.0002123683922601316,0.0002123683922601316,-0.08469804061668862,0.08766219649595075,0.2621995906766028,0.353169322145626,0.3968979148874956,0.5104974252837045,0.4947367995977402,0.4802257673607932,0.4292258835501141,0.4250081050395966,43.46872355259096,-0.00863993176576594,0.011473237282990212,0.4875729978084564,0
2023-06-16,0.47574299573898315,102.30000305175781,13689.5703125,-0.009112365439118975,0.009112365439118975,-0.11558292473475718,0.060532021042311035,0.2705690523959663,0.3582179220463415,0.5245436335614011,0.5016154221126011,0.4956419328848521,0.4813514338599311,0.42992295573155087,0.425435229986906,37.23976654058943,0.0017626351384112393,-0.006765668991231766,0.49339500069618225,1
2023-06-17,0.47979000210762024,102.30000305175781,13689.5703125,0.008506707203015829,0.008506707203015829,-0.05590128221788837,0.04234425338672776,0.23509201040114247,0.4158527393917115,0.49290094352088976,0.49755699719701496,0.4962916334470113,0.482366156246927,0.4307058446937137,0.4258414350450039,39.726401007232134,0.0,0.0,0.4928700029850006,1
2023-06-18,0.4875729978084564,102.30000305175781,13689.5703125,0.01622167128670271,0.01622167128670271,-0.0645560816303753,0.041862729551986444,0.30148570892165183,0.3955657133537258,0.5825667684131561,0.49275014230183195,0.4969446669022242,0.48362110058466595,0.4314736223883099,0.4262355850636959,36.84752550653433,0.0,0.0,0.500694990158081,1
2023-06-19,0.49339500069618225,102.30000305175781,13689.5703125,0.011940782024218999,0.011940782024218999,-0.06148891145090185,0.05183323467651668,0.05042474861130608,0.4259146350653997,0.5132356103999782,0.4881321404661451,0.49775513311227165,0.48388426734341516,0.4322923723194334,0.42671902000904083,44.819443306613316,0.0,0.0,0.4949750006198883,0
2023-06-20,0.4928700029850006,102.54000091552734,13667.2900390625,-0.0010640515417482677,0.0010640515417482677,-0.05232978381416964,0.07719378121167231,0.16661147979172797,0.4098112726947549,0.5242805532434058,0.4842441422598703,0.4989324669043223,0.48466637863053214,0.43308831685119203,0.42720200508832934,36.99351101016623,0.0023460201037150963,-0.0016275363600825044,0.4965659976005554,0
2023-06-21,0.500694990158081,102.06999969482422,13502.2001953125,0.01587637130620534,0.01587637130620534,0.04263670935982966,0.08469219515908288,0.12553668130956575,0.41330274191332705,0.5236012358551061,0.4871691422803061,0.5002356002728144,0.485286878546079,0.4339017723997434,0.4277647450566292,43.31032559730326,-0.004583589004356625,-0.0120791937010305,0.48731300234794617,0
2023-06-22,0.4949750006198883,102.38999938964844,13630.6103515625,-0.011424099802530119,0.011424099802530119,0.030944463552555534,0.0634789542504921,0.16218047848630945,0.4054643050626521,0.5344018508232882,0.489291570016316,0.5012204339106877,0.4860543562306298,0.43469508356518216,0.42828594505786893,39.610426190330095,0.0031351003799449106,0.009510313459474506,0.4902769923210144,0
2023-06-23,0.4965659976005554,102.9000015258789,13492.51953125,0.0032142976487188335,0.0032142976487188335,0.043769434438498456,0.09470052150402553,0.1165912409791241,0.43353769560268796,0.4799407596998264,0.49226628456796917,0.5026523341735204,0.4866304672426648,0.4355293835202853,0.42882085502147677,34.16046865039718,0.004980976064758336,-0.010130934474014253,0.47933200001716614,0
2023-06-24,0.48731300234794617,102.9000015258789,13492.51953125,-0.01863396869161482,0.01863396869161482,0.01567977700093559,0.07400589578034822,0.08577212180772653,0.33246469009653823,0.3257079335598747,0.49334099888801575,0.5037716339031856,0.48705820043881737,0.43620488345623015,0.4292969501018524,40.51207041692536,0.0,0.0,0.4838399887084961,0
2023-06-25,0.4902769923210144,102.9000015258789,13492.51953125,0.006082312515338861,0.006082312515338861,0.005545824983565373,0.04505477988881279,0.02142957594534889,0.33181841475312335,0.3338837747067189,0.49372728381838116,0.5044762005408605,0.4871724893649419,0.43688350005282295,0.42982973009347913,34.52924446436404,0.0,0.0,0.46522200107574463,0
2023-06-26,0.47933200001716614,102.69000244140625,13335.7802734375,-0.022324099387233565,0.022324099387233565,-0.028502519602292664,0.015007024208702813,-0.06936302768619174,0.34443290442060004,0.3356925952113188,0.4917182837213789,0.5047124336163203,0.48677553402052987,0.43756572786304687,0.4302536651492119,28.211499035965872,-0.00204080739901491,-0.011616752338173497,0.4747219979763031,0
2023-06-27,0.4838399887084961,102.48999786376953,13555.669921875,0.009404731357740559,0.009404731357740559,-0.018321290039595595,0.001969380362951023,-0.10989616006387926,0.41124580722032156,0.3697396351855289,0.49042828168187824,0.5047441333532333,0.4861117892795139,0.4383490277661218,0.4307271000742912,32.79341126244711,-0.001947653840507435,0.01648869761865246,0.4740369915962219,0
2023-06-28,0.46522200107574463,102.91000366210938,13591.75,-0.03847963803580612,0.03847963803580612,-0.07084750153209396,-0.05854282467187055,-0.12920380876897797,0.34840317948346744,0.3791343191726604,0.485360711812973,0.5037798335154852,0.48534482253922356,0.43901683340469994,0.43111972004175186,41.08089963550803,0.004098017436765966,0.002661622651845219,0.47352200746536255,0
2023-06-29,0.4747219979763031,103.33999633789062,13591.330078125,0.02042035174302037,0.02042035174302037,-0.04091722333091796,-0.0904629010101674,-0.11842334358341788,0.39653274008482287,0.4430204906931723,0.4824674257210323,0.5022059659163157,0.48463626669512855,0.4397656833132108,0.4315845850110054,47.11369117228838,0.0041783369981509555,-3.0895350120463405e-05,0.4844929873943329,1
2023-06-30,0.4740369915962219,102.91000366210938,13787.919921875,-0.001442963214262849,0.001442963214262849,-0.04536961071276602,-0.08378469077728556,-0.0790766844671228,0.3993174980205858,0.4302002355966781,0.47924899629184176,0.5007609983285268,0.4841839998960495,0.4405172054966291,0.4320177999138832,49.04996023521633,-0.0041609511420467316,0.014464356514040322,0.4895470142364502,1
2023-07-01,0.47352200746536255,102.91000366210938,13787.919921875,-0.0010863796285712768,0.0010863796285712768,-0.028300075754467025,-0.06661515124421258,-0.08754360348090473,0.3585248605052207,0.5095846618048363,0.4772788541657584,0.49963449835777285,0.48367921080854204,0.4412114610274633,0.4324098999798298,46.36654468711745,0.0,0.0,0.48784199357032776,1
2023-07-02,0.4844929873943329,102.91000366210938,13787.919921875,0.02316889132079636,0.02316889132079636,-0.01179742271669637,-0.07783596200410436,-0.025086579114351193,0.4091308011333106,0.5352510521694342,0.47645256774766104,0.4982713649670283,0.4835406882895364,0.44199295540650685,0.43290029495954513,48.278205980863476,0.0,0.0,0.4782719910144806,0
2023-07-03,0.4895470142364502,102.98999786376953,13816.76953125,0.01043157893636093,0.01043157893636093,0.02131093734388312,-0.05738699068454711,-0.027671441235301297,0.4075775297921256,0.5217359927837733,0.47791185549327303,0.49727789858977,0.4833858884043164,0.44278047217263117,0.4334568449854851,47.83026030423442,0.0007773219202558135,0.0020923830090737727,0.4637390077114105,0
2023-07-04,0.48784199357032776,102.98999786376953,13816.76953125,-0.0034828537740788645,0.0034828537740788645,0.008271339606538364,-0.08969591579223668,-0.03633294769212225,0.4431529440018154,0.48374944549499,0.47848357047353474,0.4956755975882212,0.48318152162763806,0.44361271096600424,0.43413611501455307,47.20212086376177,0.0,0.0,0.468764990568161,0
2023-07-05,0.4782719910144806,103.37000274658203,13791.650390625,-0.019617012643392995,0.019617012643392995,0.028051102287854235,-0.06293566849897059,-0.049724009138389036,0.38772359957099245,0.4696932537586369,0.480347854750497,0.49460486471652987,0.4829034550322427,0.4443550831741757,0.43475342497229574,37.76023238267398,0.0036897260966559653,-0.0018180183557514606,0.4706439971923828,0
2023-07-06,0.4637390077114105,103.16999816894531,13679.0400390625,-0.03038644030197879,0.03038644030197879,-0.023135625295882756,-0.1257860790729225,-0.09732041545133696,0.34702910398514786,0.3956608358735758,0.4787788561412266,0.49238069852193195,0.4823479327890608,0.44501881102720897,0.435320769995451,34.446078166579895,-0.0019348415625666249,-0.008165110655578123,0.4685499966144562,0
2023-07-07,0.468764990568161,102.2699966430664,13660.7197265625,0.01083795577506863,0.01083795577506863,-0.011121497101541644,-0.09788348378413136,-0.0730667674621519,0.3573305712351742,0.3700530160142055,0.4780257131372179,0.49068526526292167,0.48193736573060353,0.44570440534088346,0.43597024500370024,36.614430948264115,-0.008723481068644734,-0.0013392981121250758,0.4776639938354492,0
2023-07-08,0.4706439971923828,102.2699966430664,13660.7197265625,0.0040084192762441795,0.0040084192762441795,-0.0060778807058724515,-0.10275939040196025,-0.06956825239563236,0.3472376716924426,0.3776505951732392,0.4776145688125065,0.4888885309298833,0.48154636588361527,0.4463783164819082,0.4365765999257565,41.36078799046676,0.0,0.0,0.47571900486946106,0
2023-07-09,0.4685499966144562,102.2699966430664,13660.7197265625,-0.004449224021592424,0.004449224021592424,-0.032906546007239856,-0.1289548740962354,-0.09601827658975748,0.33398437698864014,0.35830496390911604,0.4753369987010956,0.48657629688580833,0.4809933880964915,0.4470300331711769,0.437189249843359,38.63686027912939,0.0,0.0,0.47110500931739807,0
2023-07-10,0.4776639938354492,101.97000122070312,13685.48046875,0.0194514935158403,0.0194514935158403,-0.02427350194247435,-0.0600846992856342,-0.07700986500333828,0.2766371432310508,0.4667432079452849,0.4736394243580954,0.48555846412976583,0.480550565984514,0.44760506649812065,0.437829569876194,49.11060507585497,-0.002933366893618894,0.0018125503401811294,0.8153650164604187,1
2023-07-11,0.47571900486946106,101.7300033569336,13760.7001953125,-0.004071876865515245,0.004071876865515245,-0.024850236061359166,-0.08729882098021913,-0.06005752307594647,0.26791795590015255,0.5135970723465653,0.4719075688294002,0.4840417315562566,0.48021283249060315,0.44816352211766775,0.4384367999434471,45.54814382781702,-0.0023536124438213735,0.005496316094583564,0.7191569805145264,1
2023-07-12,0.47110500931739807,100.5199966430664,13918.9599609375,-0.009698993533649336,0.009698993533649336,-0.014985158720836611,-0.1038878089734454,-0.08218909330669955,0.2210993466885698,0.5116040185737738,0.47088371430124554,0.4822211980819702,0.4797440879874759,0.448637416627672,0.43903143003582956,53.80999309418124,-0.011894295428475643,0.01150085121968658,0.7132790088653564,1
2023-07-13,0.8153650164604187,99.7699966430664,14138.5703125,0.7307500458163925,0.7307500458163925,0.7582411720858053,0.567750394099199,0.5560608494184602,1.0619028078136297,1.5186576370098583,0.5211160012653896,0.49206383228302003,0.4829815546671549,0.4509703167610698,0.4413762950897217,91.3436860836861,-0.00746120200006728,0.015777784559968477,0.7468600273132324,0
2023-07-14,0.7191569805145264,99.91000366210938,14113.7001953125,-0.11799382362949673,0.11799382362949673,0.53415249642018,0.4975573601007701,0.3818144003602546,0.8685178005465655,1.1581983287602649,0.5568862855434418,0.5000283986330032,0.48518947694036696,0.4528274055984285,0.44314346492290496,74.1503230589333,0.001403297822529348,-0.0017590263115579985,0.739205002784729,1
2023-07-15,0.7132790088653564,99.91000366210938,14113.7001953125,-0.008173419445869134,0.008173419445869134,0.5155383115909431,0.4856326970797862,0.3680283271597642,0.8451197555718617,1.1321506063358542,0.5915484300681523,0.5078004320462545,0.4873215549521976,0.45464242233170404,0.4448692299425602,73.37491800527462,0.0,0.0,0.7795400023460388,1
2023-07-16,0.7468600273132324,99.91000366210938,14113.7001953125,0.04707977948390041,0.04707977948390041,0.5939815018882224,0.5698812888524329,0.4612024692348524,0.9263318539440106,1.1286492365289833,0.6313070058822632,0.5168376664320627,0.4899408108658261,0.45663769476943544,0.44682087510824203,74.49917184701741,0.0,0.0,0.8206940293312073,1
2023-07-17,0.739205002784729,99.83999633789062,14244.9501953125,-0.010249610701541734,0.010249610701541734,0.5475418124971301,0.5406844651567377,0.3887939271042882,0.9480857183967448,1.1525310043092096,0.6686700071607318,0.5254848331212998,0.4922401554054684,0.45863632261753084,0.44880267009139063,73.19974016257342,-0.0007007038499919904,0.009299474849521872,0.7940580248832703,1
2023-07-18,0.7795400023460388,99.94000244140625,14353.6396484375,0.05456537687023233,0.05456537687023233,0.6386564218933135,0.5988170096578687,0.5857233488882456,0.9796081685389313,1.12886122826652,0.7120730068002429,0.5352170666058859,0.4954394999477598,0.4607794059647454,0.45097528517246244,75.29062317689507,0.0010016637338123857,0.007630033916212975,0.7725020051002502,0
2023-07-19,0.8206940293312073,100.27999877929688,14358.01953125,0.05279270705969519,0.05279270705969519,0.7420617762488708,0.6633610558947798,0.728293623721961,0.9854988524118673,1.1989256391638885,0.7620142953736442,0.5461270342270533,0.49928212265173594,0.46304246170653235,0.45337911024689675,78.14692805226288,0.00340200449854855,0.0003051409203362887,0.73328697681427,0
2023-07-20,0.7940580248832703,100.87999725341797,14063.3095703125,-0.03245546268886956,0.03245546268886956,-0.026131844201072285,0.6110901862035933,0.7669449656176033,0.9677647228599677,1.2027552291548926,0.7589704394340515,0.5561666349569957,0.5031117005480661,0.46521204511324565,0.45565558537840845,76.62235383170449,0.0059832317653056855,-0.02052580861142228,0.7386829853057861,0
2023-07-21,0.7725020051002502,101.06999969482422,14032.8095703125,-0.027146655669387454,0.027146655669387454,0.07417716302712907,0.5428594659122781,0.6343680222871926,0.926597454181662,1.1047035548570787,0.7665911572320121,0.5652268687884013,0.5064432673984104,0.4672761284642749,0.45777531534433363,73.84461265793098,0.0018834501048701213,-0.0021687640343482917,0.7027649879455566,0
2023-07-22,0.73328697681427,101.06999969482422,14032.8095703125,-0.0507636588993593,0.0507636588993593,0.028050689421999175,0.4814626514388174,0.5769069561224938,0.7256125566942504,1.0448376157278707,0.7694494383675712,0.573170601328214,0.5094240559471979,0.4689891505572531,0.45972263023257254,69.47681727192008,0.0,0.0,0.7095999717712402,0
2023-07-23,0.7386829853057861,101.06999969482422,14032.8095703125,0.007358658563607401,0.007358658563607401,-0.010948560250121475,0.4875826957044147,0.6014008234011214,0.811798607596852,1.054516696266655,0.7682812895093646,0.5812411675850551,0.512506388955646,0.47082790599928964,0.4616770751774311,69.93462726969587,0.0,0.0,0.7157989740371704,0
2023-07-24,0.7027649879455566,101.3499984741211,14058.8701171875,-0.048624373479187244,0.048624373479187244,-0.049296223242396575,0.44212238245138313,0.49526058762562686,0.6824917014800309,0.9561459721529204,0.7630755731037685,0.5884229004383087,0.5150927222437329,0.47241163932614855,0.46350070506334307,65.97931666707709,0.002770345108759509,0.0018571154083166785,0.7136459946632385,0
2023-07-25,0.7095999717712402,101.3499984741211,14144.5595703125,0.009725845685148338,0.009725845685148338,-0.08971961716436982,0.4473450373674106,0.5358076869515433,0.7302969825895682,1.1036716013101837,0.7530841401645115,0.5957336664199829,0.5178434219625261,0.4740755114290449,0.46532547995448115,66.4881138194458,0.0,0.006095045505843499,0.7125679850578308,0
2023-07-26,0.7157989740371704,100.88999938964844,14127.2802734375,0.008735911094326587,0.008735911094326587,-0.12781262144616434,0.4933260746445798,0.533193437728827,0.7340468911631302,1.1189019290664217,0.7380991322653634,0.6036158988873164,0.5206093215280109,0.4757588889863756,0.4671831348538399,67.2119421918249,-0.004538718218038418,-0.0012216214148701443,0.7127389907836914,0
2023-07-27,0.7136459946632385,101.7699966430664,14050.1103515625,-0.003007798910061088,0.003007798910061088,-0.10126719672891993,0.4749628210106378,0.4859235253429042,0.7485580010668358,0.9872185902723161,0.7266116993767875,0.6112760990858078,0.5232023768954807,0.47745617777109145,0.4690245747566223,36.20643444636992,0.008722343728235327,-0.005462475464587224,0.7051360011100769,0
2023-07-28,0.7125679850578308,101.62000274658203,14316.66015625,-0.0015105663220549292,0.0015105663220549292,-0.07758429058658767,0.5316730150554827,0.4894535774635884,0.7221604227601801,0.9084460769993343,0.7180496965135846,0.619520965218544,0.5258041434817844,0.4791161999106407,0.47084071472287176,48.795822628142574,-0.0014738518368084819,0.018971367342880407,0.6985210180282593,0
2023-07-29,0.7127389907836914,101.62000274658203,14316.66015625,0.00023998513748368921,0.00023998513748368921,-0.028021752302009206,0.5013818483702739,0.5089788320047812,0.8062727841721136,0.9332447367485053,0.7151142699377877,0.6274548649787903,0.5284753322601319,0.4808836887280146,0.4726482047140598,49.899206019336425,0.0,0.0,0.7072110176086426,0
2023-07-30,0.7051360011100769,101.62000274658203,14316.66015625,-0.010667284618812056,0.010667284618812056,-0.04541458902268081,0.48751260684461917,0.5165323968523883,0.7351257158177762,0.8184668732732667,0.710321843624115,0.6351581652959187,0.5311438878377278,0.4825433943006727,0.4743030947446823,41.375915152408155,0.0,0.0,0.6851950287818909,0
2023-07-31,0.6985210180282593,101.86000061035156,14346.01953125,-0.009381145015151415,0.009381145015151415,-0.006038960378069058,0.4751606198141807,0.5023540226189489,0.6876890988140694,0.8360003546907062,0.7097155622073582,0.642658132314682,0.5337391101651722,0.4841246666179763,0.4759197148680687,41.55457472702491,0.0023617187294122655,0.0020507139709664557,0.6641349792480469,0
2023-08-01,0.7072110176086426,102.30000305175781,14283.91015625,0.012440569941492674,0.012440569941492674,-0.0033666209944097636,0.4596929904230742,0.5258256057408439,0.7259699517660705,0.8611991533409846,0.7093742830412728,0.650082066655159,0.5364470769961674,0.48577724446853005,0.47752674996852873,32.71453084273925,0.004319678370015012,-0.004329380345865719,0.6355389952659607,0
2023-08-02,0.6851950287818909,102.58999633789062,13973.4501953125,-0.031130720928523425,0.031130720928523425,-0.04275494428648108,0.3996511241123475,0.48447812539143653,0.6622675879101791,0.8418181979856849,0.7050022908619472,0.6566036671400071,0.5389317661523819,0.4872938556803597,0.4789755101501942,14.357563271590422,0.0028347338952285916,-0.02173494215109273,0.6284229755401611,0
2023-08-03,0.6641349792480469,102.54000091552734,13959.7197265625,-0.030735846947523293,0.030735846947523293,-0.06937755663934653,0.36137312490771567,0.41969857097288155,0.6147018941815243,0.795677643198234,0.697929288659777,0.6624800999959309,0.5411132660177019,0.4886984666188558,0.4803717800974846,14.791465365156483,-0.00048733233402808995,-0.0009826112061147585,0.6230869889259338,0
2023-08-04,0.6355389952659607,102.0199966430664,13909.240234375,-0.043057488124572774,0.043057488124572774,-0.10810054816821246,0.3288233624509249,0.38296238641143465,0.5930811534110298,0.7114239332185812,0.6869251472609383,0.6677223334709803,0.5430687103006575,0.49001292222075993,0.48161659508943555,14.247826108603704,-0.005071233351063853,-0.0036160820687143325,0.6219310164451599,0
2023-08-05,0.6284229755401611,102.0199966430664,13909.240234375,-0.011196826282581784,0.011196826282581784,-0.11829858662681092,0.35512209473487966,0.39536682418691527,0.5997571046657664,0.6686971186721946,0.6748800022261483,0.6732117990652721,0.5450471434328291,0.4913218054506514,0.4828201550245285,17.11613945107773,0.0,0.0,0.6424059867858887,1
2023-08-06,0.6230869889259338,102.0199966430664,13909.240234375,-0.0084910749955327,0.0084910749955327,-0.11635913079884663,0.32920973507583984,0.4527050759244773,0.5426611344146721,0.6768988472274378,0.6631587147712708,0.6783558656771977,0.5472046100431018,0.4925394887725512,0.48403833001852037,13.737087484803027,0.0,0.0,0.6433650255203247,1
2023-08-07,0.6219310164451599,102.05000305175781,13994.400390625,-0.0018552345038796991,0.0018552345038796991,-0.1096459513835285,0.32144682638103683,0.4467279894802285,0.5624365800717843,0.6695866072357914,0.6522172859736851,0.683398766318957,0.5493384212255478,0.4937832610474692,0.4851790601015091,17.56884663267401,0.00029412281590635025,0.006122559882137724,0.6329860091209412,0
2023-08-08,0.6424059867858887,102.52999877929688,13884.3203125,0.03292160995243454,0.03292160995243454,-0.09163464540171484,0.37105109684695825,0.490940432498975,0.679642128382056,0.6961035496847676,0.6429594244275775,0.6891939659913381,0.5516887876722548,0.4952273721496264,0.4863243700563908,25.700828216257037,0.004703534671092635,-0.007866008907301492,0.6316750049591064,0
2023-08-09,0.6433650255203247,102.48999786376953,13722.01953125,0.0014928857360658743,0.0014928857360658743,-0.061048316909026124,0.34689872760633067,0.5249989580323695,0.6813626392935017,0.7477948284488747,0.6369837096759251,0.6947173337141673,0.5541497435834672,0.4966758166750272,0.487523530125618,22.774100580166788,-0.00039013865213677335,-0.011689501365355404,0.6272050142288208,0
2023-08-10,0.6329860091209412,102.5199966430664,13737.990234375,-0.016132391391635692,0.016132391391635692,-0.04690156534500489,0.3305880207469001,0.4696065690512463,0.6483667658245875,0.661097164022455,0.6325338568006244,0.6999595671892166,0.556397165854772,0.4980590278903643,0.4886836251616478,21.447795620019065,0.00029269957968725,0.0011638740994814878,0.6261019706726074,0
2023-08-11,0.6316750049591064,102.83999633789062,13644.849609375,-0.0020711423995853906,0.0020711423995853906,-0.006079863447619349,0.34083695241187173,0.4866334127752372,0.6832009595648922,0.659843495182886,0.6319818581853595,0.7053119003772735,0.5586946325169669,0.4994834335313903,0.48971728518605234,21.41247533903949,0.0031213393025979475,-0.006779785355134793,0.6342819929122925,0
2023-08-12,0.6272050142288208,102.83999633789062,13644.849609375,-0.00707640906351048,0.00707640906351048,-0.0019381234594317842,-0.2307678137190866,0.4727962999379265,0.6875092211392773,0.6505612792454831,0.6318078637123108,0.699039900302887,0.5609317994780011,0.5009030446410179,0.49081477522850037,20.663737582876223,0.0,0.0,0.6095989942550659,0
2023-08-13,0.6261019706726074,102.83999633789062,13644.849609375,-0.0017586650795029524,0.0017586650795029524,0.004838781422592087,-0.12939457220500317,0.46435364476600727,0.6372659364296318,0.6565122267791179,0.6322385753904071,0.6959380666414897,0.5631377991702822,0.5022569055358569,0.49185682013630866,21.628062727745416,0.0,0.0,0.5883280038833618,0
2023-08-14,0.6342819929122925,103.19000244140625,13788.330078125,0.013064999988576131,0.013064999988576131,0.019859077840703954,-0.11075191470828216,0.4369062112130009,0.5803634001522817,0.6848992752224006,0.6340030005999974,0.6933048327763875,0.5652806881401274,0.5035509611169497,0.4929777151346207,27.19547257706445,0.003403404472765992,0.010515357285537208,0.5071420073509216,0
2023-08-15,0.6095989942550659,103.20999908447266,13631.0498046875,-0.03891486583734638,0.03891486583734638,-0.051068939589065776,-0.1837841470133993,0.35892542652879666,0.5827286314687623,0.6222490128586331,0.6293162873813084,0.688729465007782,0.5670696881082323,0.5047978611456023,0.4939617550373077,18.881672455859004,0.0001937846941884036,-0.011406767356623049,0.5060999989509583,0
2023-08-16,0.5883280038833618,103.41999816894531,13474.6298828125,-0.034893414477655704,0.034893414477655704,-0.08554556037989691,-0.2041071128211852,0.2781431694292633,0.48830010312018857,0.5595713468499262,0.6214538557188851,0.6837002317110698,0.5684922327597935,0.5058702278468344,0.4948627249896526,18.97178942898786,0.002034677708898869,-0.011475265963829862,0.5196290016174316,0
2023-08-17,0.5071420073509216,103.44000244140625,13316.9296875,-0.13799444526957383,0.13799444526957383,-0.19881008419883606,-0.3494342742839762,0.08367846132585943,0.28510753923283816,0.33561402835430254,0.6034761411803109,0.6746202985445658,0.5689273440175586,0.5064952944715818,0.4953296150267124,13.696184267944503,0.00019342750739803627,-0.011703489942506917,0.5395470261573792,1
2023-08-18,0.5060999989509583,103.37999725341797,13290.7802734375,-0.0020546678935281504,0.0020546678935281504,-0.19879685759653842,-0.38332681747010544,0.07891810459215143,0.31006396223981403,0.36427963160533183,0.5855368546077183,0.6641338308652242,0.5693386660681831,0.5071607554952303,0.4958871600031853,15.696450392821177,-0.0005800965445865724,-0.001963621846486574,0.524537980556488,1
2023-08-19,0.5196290016174316,103.37999725341797,13290.7802734375,0.026731876495784013,0.026731876495784013,-0.1715165060401488,-0.34560323637076873,0.1356770054771661,0.3038805648700147,0.5509044838285562,0.5701688528060913,0.6549861967563629,0.5700284328725603,0.5078335555063354,0.49645336002111434,22.115555012374358,0.0,0.0,0.5209299921989441,0
2023-08-20,0.5395470261573792,103.37999725341797,13290.7802734375,0.03833124109306696,0.03833124109306696,-0.13824416559852737,-0.30155906056533754,0.16886020371289923,0.37672908674045535,0.5984636054556609,0.5578038607324872,0.6472210307916005,0.5708944999509388,0.50865378893084,0.49708163514733317,30.07747446657413,0.0,0.0,0.5299019813537598,0
2023-08-21,0.524537980556488,103.33000183105469,13497.58984375,-0.027817863639773233,0.027817863639773233,-0.17302085441826454,-0.28467571749969156,0.1269965196793108,0.3259770625503253,0.5190702695536806,0.5421261446816581,0.6402627309163411,0.571551255385081,0.5093701887461874,0.4976555900275707,28.213325895035737,-0.00048360827714788446,0.015560378401998198,0.5184130072593689,0
2023-08-22,0.5209299921989441,103.55999755859375,13505.8701171875,-0.006878412033607506,0.006878412033607506,-0.14545463967583472,-0.29478544577103094,0.14841196715607374,0.33870428173744793,0.5111641243729854,0.5294591443879264,0.6330042978127798,0.572299266523785,0.5101024109456275,0.4981992149353027,20.60801602316252,0.0022258368669643147,0.0006134631095886522,0.5262460112571716,0
2023-08-23,0.5299019813537598,103.36000061035156,13721.0302734375,0.017223022842173474,0.017223022842173474,-0.09930858661146658,-0.24597555307520325,0.16786921222608897,0.4000902864433087,0.5266902646508922,0.5211125697408404,0.6272421975930532,0.5731455773115158,0.5109436608023114,0.49879219979047773,23.571589619194228,-0.0019312181629690395,0.015930862238648924,0.5234699845314026,0
2023-08-24,0.5184130072593689,103.9800033569336,13463.9697265625,-0.021681319373518027,0.021681319373518027,0.022224544102196875,-0.2694292166255975,0.10502838125882774,0.3711546994279793,0.49767583301125584,0.5227227125849042,0.6208692987759908,0.5736930552456114,0.5117232609126303,0.4993895798921585,23.450333946770726,0.005998478549930741,-0.018734784615455746,0.5238440036773682,0
2023-08-25,0.5262460112571716,104.08000183105469,13590.650390625,0.015109582298508561,0.015109582298508561,0.03980638677726134,-0.2648131244319939,0.11434954868173253,0.3920342301677002,0.5057240137925825,0.5256007143429348,0.6145508666833241,0.5742930663956536,0.5125466220908694,0.5000566899776459,26.28603773362302,0.0009617087025648452,0.00940886429747212,0.523248016834259,0
2023-08-26,0.5234699845314026,104.08000183105469,13590.650390625,-0.005275150151042962,0.005275150151042962,0.007391779331052062,-0.26648508021344375,0.08403792220558759,0.38076838056918216,0.5470342870716649,0.5261494261877877,0.6082116663455963,0.5747439662615458,0.5133485943078995,0.5006545199453831,26.487886239512747,0.0,0.0,0.5400649905204773,1
2023-08-27,0.5238440036773682,104.08000183105469,13590.650390625,0.0007144996982022533,0.0007144996982022533,-0.029104084942969566,-0.2648504919360728,0.0600889357646206,0.38895400999474194,0.5620954077440341,0.5239061372620719,0.6019208669662476,0.5750738885667589,0.5141635609997643,0.5012834799289704,26.745821414397284,0.0,0.0,0.528194010257721,0
2023-08-28,0.523248016834259,104.05999755859375,13705.1298828125,-0.0011377181735885422,0.0011377181735885422,-0.002459237977125106,-0.265863066844537,0.0025098590593886083,0.3630545270254848,0.6194866117610403,0.5237218567303249,0.5956045011679332,0.575088444021013,0.5149378332826826,0.5019873900711537,23.84802877608155,-0.0001922009234147648,0.008423400565617412,0.510798990726471,0
2023-08-29,0.5400649905204773,103.55000305175781,13943.759765625,0.03213958418411944,0.03213958418411944,0.03673237979783184,-0.2340981177102469,0.04383375361465158,0.43033266869158493,0.6179443730827083,0.5264554279191154,0.5901021341482798,0.5753404325909085,0.5158405277464125,0.5027744899690151,32.99237024503448,-0.004900965969644289,0.017411719907285406,0.498075008392334,0
2023-08-30,0.528194010257721,103.16000366210938,14019.3095703125,-0.021980651349601255,0.021980651349601255,-0.0032231830718492116,-0.24383948854012527,0.041151791480734,0.39855590072894653,0.6159195047659061,0.5262114320482526,0.5844245672225952,0.57557239929835,0.5166767666737239,0.5034954200685025,34.582610128142946,-0.003766290469866096,0.005418180315595267,0.4990909993648529,0
2023-08-31,0.510798990726471,103.62000274658203,14034.9697265625,-0.03293301172189078,0.03293301172189078,-0.014687163374140666,-0.2777276116912285,-0.027766196522537645,0.3664559183734972,0.5579314151207855,0.5251237154006958,0.5778774996598561,0.5754103104273478,0.5174377999371953,0.5041730050742627,51.39335900489541,0.004459083638454819,0.001117041903629934,0.5050489902496338,0
2023-09-01,0.498075008392334,104.23999786376953,14031.8095703125,-0.02490995981812849,0.02490995981812849,-0.05353200264176583,-0.2730901605083308,-0.040966508073208896,0.35643559695628246,0.4948499280196528,0.5210992864200047,0.5716401656468709,0.5751739104588827,0.5181649166676733,0.504805005043745,47.19231213576299,0.005983353606965114,-0.00022516302575414926,0.5083749890327454,1
2023-09-02,0.4990909993648529,104.23999786376953,14031.8095703125,0.0020398352766148875,0.0020398352766148875,-0.04657188738027296,-0.24850969312000648,-0.06870548025574197,0.3471796671274523,0.5066488184476621,0.5176165742533547,0.5661386996507645,0.5747647990783056,0.5188794722159703,0.5053884249925613,42.124878669095686,0.0,0.0,0.5054110288619995,0
2023-09-03,0.5050489902496338,104.23999786376953,14031.8095703125,0.011937684495138212,0.011937684495138212,-0.035879027526885876,-0.2053217914059221,-0.010472276623001986,0.32716238110334084,0.5305953203066278,0.514931572335107,0.5617890328168869,0.574705410334799,0.5195711443821589,0.5059069100022316,35.186088594603035,0.0,0.0,0.5032430291175842,0
2023-09-04,0.5083749890327454,104.23999786376953,14031.8095703125,0.006585497342480817,0.006585497342480817,-0.028424432244383957,-0.19103054977299083,-0.04164091207926013,0.30624531069879724,0.5321775781848499,0.5128068540777478,0.5577874332666397,0.5744599769512813,0.5202332943677902,0.5065230000019073,42.28533094812165,0.0,0.0,0.5048570036888123,0
2023-09-05,0.5054110288619995,104.80999755859375,14020.9501953125,-0.005830263554832182,0.005830263554832182,-0.06416628047872663,-0.1888596009150858,-0.027359880136422543,0.35815714928574294,0.5179331280873276,0.5078562881265368,0.5538649012645086,0.574302010734876,0.5209737444917361,0.5070735451579094,42.54690726636823,0.005468147606537244,-0.0007739112297372452,0.5048499703407288,0
2023-09-06,0.5032430291175842,104.86000061035156,13872.4697265625,-0.004289577434225866,0.004289577434225866,-0.04723828868858704,-0.19083786495482047,-0.04061225700313009,0.35783363330894447,0.5618577097399751,0.5042918622493744,0.549908635020256,0.5740653107563655,0.5217105279366175,0.5076166102290154,36.301613621481636,0.00047708284440961535,-0.010589900590306622,0.5038549900054932,0
2023-09-07,0.5048570036888123,105.05999755859375,13748.830078125,0.0032071473976660325,0.0032071473976660325,-0.011632730576087935,-0.21411535061381826,-0.06145932020277567,0.37626221286995465,0.4964623285293368,0.5034430069582803,0.5453236689170201,0.5736979772647222,0.5224773335787986,0.5082093101739883,42.24767940313485,0.0019072758638001286,-0.008912590971509537,0.49781399965286255,0
2023-09-08,0.5048499703407288,105.08999633789062,13761.5302734375,-1.3931366767416797e-05,1.3931366767416797e-05,0.013602292494583779,-0.2152977698275892,-0.006589950650726428,0.3523322965690343,0.48378361996537,0.5044108586651939,0.5407065004110336,0.573660766084989,0.5232080668210983,0.5087409350275993,36.561278139754975,0.0002855395011802653,0.000923729163887721,0.474373996257782,0
2023-09-09,0.5038549900054932,105.08999633789062,13761.5302734375,-0.001970843604415906,0.001970843604415906,0.009545334711912101,-0.2040029593936501,-0.03331790673529389,0.3479771494215078,0.40931755510875045,0.5050914287567139,0.5364021331071853,0.5734678106175528,0.5239306723078092,0.509300684928894,37.397994156324074,0.0,0.0,0.4807380139827728,0
2023-09-10,0.49781399965286255,105.08999633789062,13761.5302734375,-0.011989541579343621,0.011989541579343621,-0.014325324347634338,-0.21191436142848463,-0.0530833144844155,0.33006129048671284,0.39178203771889564,0.5040578586714608,0.5319400995969772,0.573157732685407,0.524616977903578,0.5098118248581887,34.41165195204607,0.0,0.0,0.48377498984336853,0
2023-09-11,0.474373996257782,104.56999969482422,13917.8896484375,-0.04708586623000932,0.04708586623000932,-0.06688171823648337,-0.2436699556028773,-0.08789314654186908,0.31566625082377153,0.3358170351069536,0.4992005739893232,0.526845732331276,0.572649821639061,0.5252492889761925,0.5102380448579789,27.01903566103519,-0.00494810791880218,0.011362063076793438,0.48945701122283936,1
2023-09-12,0.4807380139827728,104.70999908447266,13773.6103515625,0.013415612523441478,0.013415612523441478,-0.04881772155780073,-0.2321729742100529,0.00107872220755878,0.31340212531411415,0.33744524591838476,0.4956758575780051,0.5220002671082814,0.5726555774609248,0.5258865834938156,0.5107493498921394,19.062803340816842,0.0013388102711773264,-0.010366463632020317,0.5008749961853027,1
2023-09-13,0.48377498984336853,104.7699966430664,13813.58984375,0.006317319979410874,0.006317319979410874,-0.03868516431981606,-0.23728720782041157,0.0076168427892413515,0.27181356652743105,0.4497649605969396,0.49289470911026,0.516983367005984,0.572696210609542,0.5264609889851676,0.5112777999043465,24.48617315963665,0.0005729878628435436,0.0029026153032538637,0.49987998604774475,1
2023-09-14,0.48945701122283936,105.41000366210938,13926.0498046875,0.011745173890263416,0.011745173890263416,-0.030503672036736318,-0.19708363065631507,0.028826521055877796,0.3071951379378053,0.4308178158095137,0.4906947101865496,0.5129786342382431,0.5728485885593626,0.5271000112096469,0.5118348799645901,35.835455686918635,0.006108686069957292,0.008141255257291702,0.4930410087108612,0
2023-09-15,0.5008749961853027,105.31999969482422,13708.330078125,0.023327860671434886,0.023327860671434886,-0.007873575099436536,-0.14864668538776027,0.04394629730728106,0.2893697310920784,0.5348490856517991,0.49012685673577444,0.5100635339816412,0.5730828662713369,0.527724511259132,0.5124436800181865,51.89111895498931,-0.0008538465435753428,-0.015633990228098638,0.5032029747962952,0
2023-09-16,0.49987998604774475,105.31999969482422,13708.330078125,-0.0019865438385546774,0.0019865438385546774,-0.007889182476301548,-0.014319502620400826,0.02524132446752758,0.33433693199039327,0.4014488744294067,0.4895589990275247,0.5098214666048686,0.5732196105851067,0.5284203555848863,0.5130573299527168,50.533034701819496,0.0,0.0,0.5141509771347046,1
2023-09-17,0.4930410087108612,105.31999969482422,13708.330078125,-0.013681238552788022,0.013681238552788022,-0.00958790019029132,-0.025803181717379275,-0.0007174616378795573,0.04967110915069828,0.3077872168364735,0.4888771431786673,0.5093861669301987,0.5732156773408253,0.5285499723421203,0.5136031399667264,41.98291289428224,0.0,0.0,0.5213549733161926,1
2023-09-18,0.5032029747962952,105.19999694824219,13710.240234375,0.020610792826349478,0.020610792826349478,0.06077267886928417,-0.03161106629923993,0.020964903014414116,0.1910693763210638,0.40432783776534365,0.4929955686841692,0.5088386327028275,0.5733304881387287,0.5289984333846304,0.5142312549054623,46.83575553939698,-0.001139410813993047,0.0001393427382558876,0.5071790218353271,0
2023-09-19,0.5141509771347046,105.19999694824219,13678.1904296875,0.02175663278390072,0.02175663278390072,0.06950347628038656,-0.047069203964562045,0.02687461876216335,0.15578505052259084,0.32830490263523715,0.4977688491344452,0.507992097735405,0.5734799991051356,0.5293834388256073,0.5149136547744274,54.871226370904466,0.0,-0.0023376544932555143,0.5125100016593933,0
2023-09-20,0.5213549733161926,105.16000366210938,13469.1298828125,0.014011441195025842,0.014011441195025842,0.07768070748136724,-0.006068211184476091,0.05329556576244654,0.22411954460530836,0.25572329220032985,0.5031374182019915,0.5078859974940618,0.5737731099128723,0.529913733071751,0.5156513646245002,59.55816436237908,-0.0003801643278800171,-0.0152842254938379,0.5080339908599854,0
2023-09-21,0.5071790218353271,105.36000061035156,13223.98046875,-0.02719059413722713,0.02719059413722713,0.036207491579723916,-0.02639696421696036,0.02137283721812344,0.14045596381175351,0.2780827644029764,0.5056691340037754,0.5074276318152745,0.5738910324043698,0.5302607498235172,0.5163512897491455,51.08194173506161,0.0019018347401813518,-0.01820083525776428,0.5023880004882812,0
2023-09-22,0.5125100016593933,105.58000183105469,13211.8095703125,0.01051104165305361,0.01051104165305361,0.02322935974585194,-0.03282112599378195,0.05170598607064503,0.14191304001381155,0.056501607853740365,0.5073312776429313,0.5068478991587957,0.5741709990633859,0.5306145997511016,0.5170614847540855,53.40047278621585,0.0020880905412743456,-0.0009203657299904355,0.5054609775543213,0
2023-09-23,0.5080339908599854,105.58000183105469,13211.8095703125,-0.008733509170388176,0.008733509170388176,0.016311924941643463,-0.02002074842653545,0.03621829867012072,0.05842401739743219,0.0017016266582456918,0.5084961354732513,0.5065019319454829,0.5743682990471523,0.5307703942060471,0.517698914706707,51.79954220911055,0.0,0.0,0.5017079710960388,0
2023-09-24,0.5023880004882812,105.58000183105469,13211.8095703125,-0.01111341066401228,0.01111341066401228,0.018957838419687123,-0.04533623107545259,0.04810027386089266,-0.024599134452825577,0.027975335437417037,0.5098314200128827,0.5057066649198532,0.5746244768301646,0.5307000054253472,0.5182649147510529,51.9763585903955,0.0,0.0,0.4995970129966736,0
2023-09-25,0.5054609775543213,106.0,13271.3203125,0.006116740573129498,0.006116740573129498,0.004487260352425748,-0.03440313200231049,0.044686237910052995,-0.07012076810784207,0.026052130395378237,0.510153991835458,0.5051063646872839,0.5748647100395626,0.5304882496595382,0.5189315696060658,66.30136361192757,0.003978008729507154,0.00450435966933882,0.5095250010490417,0
2023-09-26,0.5017079710960388,106.2300033569336,13063.6103515625,-0.007424918292291194,0.007424918292291194,-0.024201074377041887,-0.042256916994248495,0.07842700890311893,-0.06090986812650068,0.07276365334898394,0.50837641954422,0.5043684969345729,0.5752701097064548,0.5303074661228392,0.5195869994163513,61.305796294338414,0.0021698429899394966,-0.01565103968908521,0.5217189788818359,1
2023-09-27,0.4995970129966736,106.66999816894531,13092.849609375,-0.004207543473454534,0.004207543473454534,-0.04173348569233504,-0.04520036976093689,0.052399120172249125,-0.07222950242279591,0.11324359043150856,0.5052681394985744,0.5035801301399867,0.5755464987622367,0.5300913827286826,0.5202508245408535,58.61636134708275,0.004141907164714409,0.0022382218257912534,0.515404999256134,1
2023-09-28,0.5095250010490417,106.22000122070312,13201.2802734375,0.01987199241408244,0.01987199241408244,0.004625544655268321,-0.05654873025930307,0.07486337581656088,-0.010133256198151863,0.13058943159994985,0.5056032793862479,0.5025621304909388,0.5759408099783792,0.5300624049372143,0.5209318596124649,60.44557140162421,-0.004218589631261427,0.008281670323690316,0.5242040157318115,1
2023-09-29,0.5217189788818359,106.16999816894531,13219.3203125,0.023932050061701515,0.023932050061701515,0.017968385382970187,-0.01225881257670014,0.10178401564577522,0.005329872658482504,0.07478512259290526,0.5069188475608826,0.5023462961117426,0.5764763318830066,0.5300777713457744,0.5216715244948864,60.76254050909896,-0.00047074986992245993,0.0013665370849522684,0.51283198595047,0
2023-09-30,0.515404999256134,106.16999816894531,13219.3203125,-0.012102261718050289,0.012102261718050289,0.014508888241259621,0.009017262393397285,0.06380280554327533,0.03711563229994508,0.07426621935499256,0.5079718487603324,0.5024998297293981,0.576819798681471,0.5301802434855037,0.5223771545290947,57.59877120380892,0.0,0.0,0.5383870005607605,1
2023-10-01,0.5242040157318115,106.16999816894531,13219.3203125,0.017072043322002628,0.017072043322002628,0.04342463439080313,0.05245998473967939,0.07079402077329822,0.04116360695235777,0.10333190608031106,0.5110884223665509,0.503370796640714,0.5772048764758639,0.5302953824400902,0.5231953845918178,64.96569498954204,0.0,0.0,0.5329310297966003,0
2023-10-02,0.51283198595047,106.9000015258789,13307.76953125,-0.021693900542645972,0.021693900542645972,0.014582744709222384,0.027532026430258094,0.05122558678733258,0.013031462529968119,0.14254646151124906,0.5121414235660008,0.5038288295269012,0.5774825430578656,0.5303320323427518,0.523929419517517,54.57110066562614,0.006875797019153751,0.006690905179622897,0.5233659744262695,1
2023-10-03,0.5383870005607605,107.0,13059.4697265625,0.049831163637204634,0.049831163637204634,0.07310832511708387,0.0660094583985773,0.12569209712399787,0.06971817299959171,0.1631268606371432,0.5173812849181039,0.5049400965372721,0.5781504876083798,0.5305269713203112,0.524719444513321,60.104079124387525,0.0009354394077991657,-0.018658258553729046,0.5261930227279663,0
2023-10-04,0.5329310297966003,106.80000305175781,13236.009765625,-0.0101339199469479,0.0101339199469479,0.06672180964410357,0.04830300721633907,0.1492046623954668,0.03736358721252664,0.10987063900209315,0.5221432873180935,0.5057586312294007,0.5789192878537708,0.5306336103214158,0.5255119346082211,54.8974781066736,-0.0018691303574036588,0.013518162893201069,0.5219060182571411,0
2023-10-05,0.5233659744262695,106.33000183105469,13219.830078125,-0.017948017352229284,0.017948017352229284,0.02716446366465064,0.03552543284363607,0.11647837393302352,0.0349009082083378,0.06878525911483968,0.524120569229126,0.5063571294148763,0.5795259654521943,0.5307316655913988,0.5261864395439625,57.126235542694126,-0.004400760367725409,-0.0012223991812109203,0.5179610252380371,0
2023-10-06,0.5261930227279663,106.04000091552734,13431.33984375,0.005401666214155165,0.005401666214155165,0.008575581926728582,0.04560419575135288,0.11802769368558841,0.04024846090596279,0.0669304406819975,0.5247597183500018,0.507122129201889,0.580143176847034,0.5308447713653247,0.5269442646205426,56.15969269556286,-0.002727366787674046,0.015999431488532334,0.5032269954681396,0
2023-10-07,0.5219060182571411,106.04000091552734,13431.33984375,-0.00814720888657905,0.00814720888657905,0.012613418593901526,0.033769987231548226,0.1138747668940625,0.0069224314400766485,0.007000134096016852,0.5256884353501456,0.5076904296875,0.5807360215319528,0.5308647048142221,0.5272052447497845,56.255422634924834,0.0,0.0,0.497435986995697,0
2023-10-08,0.5179610252380371,106.04000091552734,13431.33984375,-0.007558818793233946,0.007558818793233946,-0.011909467128096929,0.02597020039133513,0.08436271505209958,0.0008560887512840676,0.0016399799163551165,0.5247965795653207,0.5081274648507436,0.5811837663253149,0.5308671661549145,0.5276826499402523,57.13187605092481,0.0,0.0,0.48883798718452454,0
2023-10-09,0.5032269954681396,106.08000183105469,13484.240234375,-0.02844621323221419,0.02844621323221419,-0.018729312417065214,-0.0012463795135713163,0.05782403123925417,-0.005706259927188206,-0.057735012176819867,0.5234244380678449,0.5081065316994985,0.5814894106653001,0.5308511215779517,0.5279745349287986,49.07564517401942,0.0003772247753865976,0.00393857881941817,0.48304998874664307,0
2023-10-10,0.497435986995697,105.83000183105469,13562.83984375,-0.01150774605614191,0.01150774605614191,-0.07606241146686432,-0.0007593451719499766,0.0558919501120374,-0.030890851897513727,0.0008490724543026573,0.5175742932728359,0.508093931277593,0.581781977083948,0.5307630325357119,0.5283322048187256,48.261697982878914,-0.002356711874856088,0.0058289980012835585,0.48569899797439575,0
2023-10-11,0.48883798718452454,105.81999969482422,13659.6796875,-0.017284635683680216,0.017284635683680216,-0.08273686489770438,0.030490690975570667,-0.4004673032127142,-0.06709064258303588,0.0070889932665616495,0.5112752871853965,0.5085760643084843,0.5781538989808824,0.5305677268240186,0.5285528147220612,45.84160470957592,-9.451134893145863e-05,0.007140086063511575,0.4867750108242035,0
2023-10-12,0.48304998874664307,106.56999969482422,13574.2197265625,-0.011840320493948564,0.011840320493948564,-0.07703211070192728,0.0048092197758946575,-0.32831078354959264,-0.07185016814213108,-0.010893405727401384,0.5055158606597355,0.5086531301339468,0.5755304879612393,0.5303599824508031,0.5287239795923233,39.429033537068605,0.007087507107946811,-0.006256366393108337,0.4878459870815277,0
2023-10-13,0.48569899797439575,106.6500015258789,13407.23046875,0.005483923588583517,0.005483923588583517,-0.07695659768279628,0.003977072340283883,-0.31906169684284136,-0.06845711223290385,0.010164023966716451,0.499730999980654,0.5087172637383143,0.5730018211735619,0.5301616880628798,0.5287525196373463,34.43121902358368,0.0007506974878839223,-0.012301941561011387,0.49797698855400085,1
2023-10-14,0.4867750108242035,106.6500015258789,13407.23046875,0.0022153903020085686,0.0022153903020085686,-0.067312899648589,-0.005479542303286733,-0.34823796558595244,-0.04764370596066281,-0.004480837906997603,0.4947122846330915,0.5086278637250264,0.5701119876570172,0.5300263992614216,0.5286111047863961,37.038473214466414,0.0,0.0,0.49169400334358215,0
2023-10-15,0.4878459870815277,106.6500015258789,13407.23046875,0.0022001463376495334,0.0022001463376495334,-0.05814151391539457,-0.02601249653706983,-0.34003965714014783,-0.0834510837065735,0.013164883855570908,0.49041013632501873,0.5081935634215673,0.5673191097047594,0.5297796325551138,0.528332449644804,32.30135368625989,0.0,0.0,0.4883190095424652,0
2023-10-16,0.49797698855400085,106.23999786376953,13567.98046875,0.0207668029270478,0.0207668029270478,-0.01043268139709963,-0.0038069087518181055,-0.3611912319376418,0.012973978991017043,0.0439550038111185,0.48966013533728464,0.5081301301717758,0.5641906317737367,0.5298150658607483,0.5281510895490646,42.680329046046644,-0.0038443849624314463,0.011989799114342059,0.52012699842453,1
2023-10-17,0.49169400334358215,106.25,13533.75,-0.012617019169224863,0.012617019169224863,-0.01154316093371932,-0.0027320351522097663,-0.40088024797223265,0.03545484727547277,0.024537525547438044,0.48883985195841106,0.5080852299928665,0.5605350759294297,0.5299085992905829,0.5279170994460582,21.598311369217228,9.414661550821712e-05,-0.002522886057275797,0.5160040259361267,1
2023-10-18,0.4883190095424652,106.56999969482422,13314.2998046875,-0.006864012532523334,0.006864012532523334,-0.001061655713477605,-0.029578452432351465,-0.38503359422096384,0.08661179471522007,0.04794656346282711,0.4887657122952597,0.5075890978177389,0.5571379757589764,0.5301248381535212,0.5277849894762039,22.159288941130086,0.0030117618336396035,-0.01621503244204303,0.5212429761886597,1
2023-10-19,0.52012699842453,106.25,13186.1796875,0.06513772402976414,0.06513772402976414,0.07675605121964635,0.011623086516588943,-0.3266981897904183,0.10042294795462081,0.15269473614965157,0.49406242796352934,0.5077882985273997,0.5543338090181351,0.5303885382082727,0.5277908593416214,48.417897863415334,-0.003002718361082679,-0.009622745399077814,0.5224869847297668,0
2023-10-20,0.5160040259361267,106.16000366210938,12983.8095703125,-0.007926857288492739,0.007926857288492739,0.06239466848422137,-0.010263539534359989,-0.29631366402021575,0.10964787813487198,0.15157878802309566,0.498391717672348,0.5076099336147308,0.5519195540083779,0.5306718049777879,0.5278860794007778,45.08532817666978,-0.0008470243566176539,-0.01534713783548236,0.5468699932098389,1
2023-10-21,0.5212429761886597,106.16000366210938,12983.8095703125,0.010152925150203052,0.010152925150203052,0.07080882255252852,0.027729763550628173,-0.29436174034401874,0.1300096900364225,0.13043863251016474,0.5033157127244132,0.5080787320931752,0.5495035539070765,0.5310049714313613,0.5279748992621899,49.6830913690544,0.0,0.0,0.5585319995880127,1
2023-10-22,0.5224869847297668,106.16000366210938,12983.8095703125,0.002386619288768932,0.002386619288768932,0.07100806107983826,0.019466904134690655,-0.256526728434223,0.1116862809253909,0.12249339424625072,0.5082644266741616,0.508411298195521,0.5475004649824566,0.5312965936130948,0.5280561591684818,52.22056832371701,0.0,0.0,0.5553060173988342,1
2023-10-23,0.5468699932098389,105.54000091552734,13018.330078125,0.04666720739978447,0.04666720739978447,0.09818326103342834,0.07644370858751603,-0.22932635997040596,0.18360650048837712,0.16595205429664617,0.5152491416249957,0.5097058316071829,0.5456923541095522,0.5317678880360391,0.5282740192115307,69.56051565251586,-0.005840266816073192,0.002658734913320915,0.5536829829216003,0
2023-10-24,0.5585319995880127,106.2699966430664,13139.8701171875,0.02132500689921568,0.02132500689921568,0.13593412933638316,0.11175425974578213,-0.21970829821417304,0.19633811669228884,0.23073193033802997,0.5247974268027714,0.5115772982438406,0.5439449432823393,0.5322771324051752,0.5284979991614819,76.01382028853685,0.006916768250962324,0.009336069859430474,0.5461069941520691,0
2023-10-25,0.5553060173988342,106.52999877929688,12821.2197265625,-0.005775823393391999,0.005775823393391999,0.13717878384282667,0.09861303257412413,-0.22187468079201245,0.1562347174761054,0.2031485815027423,0.5343669993536813,0.5132387995719909,0.5421856102016237,0.5326939935485522,0.5287459491193295,79.65789716542834,0.0024466184665814517,-0.02425064995187376,0.5453910231590271,0
2023-10-26,0.5536829829216003,106.5999984741211,12595.6103515625,-0.0029227748779609986,0.0029227748779609986,0.0645149830689653,0.10359614520777116,-0.22297521846050328,0.15734234064186658,0.1796150325927981,0.5391607114246914,0.5149712999661763,0.5404202212889989,0.5331121823853917,0.5289851941168309,82.73291115674286,0.0006570890418315933,-0.01759656099899698,0.5563939809799194,0
2023-10-27,0.5461069941520691,106.55999755859375,12643.009765625,-0.013682899787808678,0.013682899787808678,0.05833863052004307,0.09309499445647251,-0.23379104943929374,0.15619308728870362,0.1810093759885083,0.5434611354555402,0.5165216326713562,0.5385687546597586,0.5335220434599452,0.5291241391003132,76.77186861397165,-0.0003752431153838387,0.0037631692898962843,0.5789440274238586,1
2023-10-28,0.5453910231590271,106.55999755859375,12643.009765625,-0.0013110452726460275,0.0013110452726460275,0.04632781269675523,0.07039109373660213,-0.22654491856828685,0.17296968850129502,0.150660113330076,0.546910856451307,0.517717166741689,0.5367938104603026,0.5339688491490152,0.5292635042965412,76.0608576538607,0.0,0.0,0.6002820134162903,1
2023-10-29,0.5563939809799194,106.55999755859375,12643.009765625,0.0201744388038525,0.0201744388038525,0.06489538924627847,0.06646298774179171,-0.203468519028285,0.19667227458048497,0.18277007974003934,0.5517547130584717,0.5188730001449585,0.5352146211597655,0.5344768656624688,0.5295148991048336,78.00349616208672,0.0,0.0,0.6095380187034607,1
2023-10-30,0.5789440274238586,106.12000274658203,12789.48046875,0.04052891874247844,0.04052891874247844,0.05865019952139283,0.12327980570508301,-0.1813701808810967,0.24908633963461813,0.26281539526536646,0.5563367179461888,0.5209909677505493,0.5337894323799345,0.535118254688051,0.5298431591689586,80.02985739149504,-0.004129080537654706,0.011585113500682365,0.6064389944076538,1
2023-10-31,0.6002820134162903,106.66000366210938,12851.240234375,0.03685673395298639,0.03685673395298639,0.07474954677453294,0.14513051293258528,-0.12392532315442384,0.3005136939866295,0.28839384980202465,0.5623010056359428,0.5235269010066986,0.5328459544314279,0.5358888602919049,0.5302246041595936,86.22839262508042,0.0050885874627886185,0.004828950306144497,0.6130020022392273,1
2023-11-01,0.6095380187034607,106.87999725341797,13061.4697265625,0.015419428002670266,0.015419428002670266,0.09766146882157001,0.18857254500956722,-0.08220762683875271,0.30298852062683235,0.3120280009445353,0.5700484343937465,0.5267504354317983,0.532239321536488,0.5366762937770949,0.5306700743734837,88.91538249433266,0.0020625687582527252,0.016358692885156012,0.6161839962005615,0
2023-11-02,0.6064389944076538,106.12000274658203,13294.1904296875,-0.00508421821234184,0.00508421821234184,0.09528198104929575,0.12639977149525028,-0.04578790770522134,0.31963943230263525,0.3450298605555582,0.5775850074631828,0.5290188352266948,0.531915988193618,0.5374923492471377,0.531095309406519,83.97095164879609,-0.0071107272302221025,0.017817344295621318,0.6611469984054565,1
2023-11-03,0.6130020022392273,105.0199966430664,13478.2802734375,0.010822206177529825,0.010822206177529825,0.12249432584364706,0.150246407069198,-0.02453916215854257,0.361125691417542,0.3468575667197231,0.5871414371899196,0.5316878676414489,0.5317446440458298,0.5383958937393294,0.5316046844422817,87.45732594324858,-0.010365681069029686,0.013847390311102048,0.715516984462738,1
2023-11-04,0.6161839962005615,105.0199966430664,13478.2802734375,0.005190837794510905,0.005190837794510905,0.12980223369186694,0.177348215798786,-0.011078698236455797,0.43661099476174225,0.22160804821745828,0.597254719052996,0.5347818017005921,0.531667944126659,0.5394362770848804,0.5320242844522,87.25484967980653,0.0,0.0,0.6864020228385925,1
2023-11-05,0.6611469984054565,105.0199966430664,13478.2802734375,0.07297009088541806,0.07297009088541806,0.18827129876755033,0.2564723777176714,0.06305519571036644,0.5379517059965693,0.34017188484691485,0.6122194358280727,0.5392802675565084,0.5321036772595511,0.5407210492425495,0.5328720244765281,90.51069341503518,0.0,0.0,0.6880760192871094,1
2023-11-06,0.715516984462738,105.22000122070312,13518.7802734375,0.08223585101106123,0.08223585101106123,0.2359001053117198,0.3709690239866241,0.11380808893553618,0.6606215138384055,0.5202094083700661,0.6317298582621983,0.5457339664300283,0.5329160216781829,0.5423024046752188,0.534075319468975,91.92549915524496,0.0019044428111769651,0.0030048343837911773,0.6674749851226807,0
2023-11-07,0.6864020228385925,105.54000091552734,13639.8603515625,-0.04069080435037764,0.04069080435037764,0.14346591684828436,0.3252001393794943,0.06689359167987319,0.6270116156432191,0.47341786015439147,0.6440327167510986,0.5513486663500468,0.5333942105372746,0.543771977060371,0.5352603495121002,79.25017240848034,0.003041243975591801,0.008956435098135707,0.6605749726295471,0
2023-11-08,0.6880760192871094,105.58999633789062,13650.41015625,0.0024387988275356154,0.0024387988275356154,0.1288484035018942,0.36732732044116445,0.08703195548140852,0.5975093025441001,0.6937588858517432,0.6552524311201913,0.5575103004773457,0.5340063217613432,0.5452017438080575,0.5363374246656895,80.58822479316146,0.0004737106493233334,0.0007734540102011245,0.6627349853515625,0
2023-11-09,0.6674749851226807,105.91000366210938,13521.4501953125,-0.029940055440055402,0.029940055440055402,0.10064654693691732,0.3418309140718734,0.05667468220606864,0.5708878890011972,1.0033405192751612,0.6639718583651951,0.5631782670815786,0.5344040993187162,0.5465493659178416,0.5373497195541859,74.10786602325584,0.0030306594878053428,-0.00944733231172945,0.6615359783172607,0
2023-11-10,0.6605749726295471,105.86000061035156,13798.1103515625,-0.010337484770107652,0.010337484770107652,0.07760654976091619,0.3513167755929656,0.053204227714531704,0.5511552896569436,0.6693621472523352,0.6707679969923837,0.5689028332630793,0.5347748766342799,0.5478533380561404,0.5383462293446064,74.32073800042653,-0.00047212775024862985,0.020460834618605483,0.6715239882469177,0
2023-11-11,0.6627349853515625,105.86000061035156,13798.1103515625,0.00326989790941834,0.00326989790941834,0.07554722199543962,0.37198012791832014,0.05850966199579455,0.550032481563576,0.7251580401508522,0.6774181382996696,0.57489233314991,0.5351819101307127,0.5491598546504974,0.5393099293112755,74.77973693041174,0.0,0.0,0.6296730041503906,0
2023-11-12,0.6615359783172607,105.86000061035156,13798.1103515625,-0.0018091802316211325,0.0018091802316211325,0.0005883410387437227,0.36202870723676983,0.042968247103834845,0.4986475523614362,0.8190206896269148,0.6774737068584987,0.5807535658280055,0.535484732190768,0.5503827101654477,0.5403074242174626,73.16208350687486,0.0,0.0,0.6496480107307434,0
2023-11-13,0.6715239882469177,105.66000366210938,13767.740234375,0.01509821121908339,0.01509821121908339,-0.06148420955912515,0.37953669213606256,0.10158316298983494,0.4969693696229023,0.9733525747258447,0.6711889931133815,0.5869118650754293,0.5361727876795663,0.5516212378938993,0.5413307040929795,71.58966632102458,-0.0018892588993867365,-0.0022010345194884984,0.61216801404953,0
2023-11-14,0.6296730041503906,104.11000061035156,14094.3798828125,-0.062322396264329116,0.062322396264329116,-0.08264692818590624,0.29072088491969317,0.07027542458309632,0.36796522333888926,0.6728558545505219,0.6630848475864956,0.5916394323110581,0.5366321765714221,0.5525622046656079,0.5420777140557766,56.255504182480955,-0.01466972362327923,0.02372500082634854,0.6137170195579529,0
2023-11-15,0.6496480107307434,104.38999938964844,14103.83984375,0.03172282509920343,0.03172282509920343,-0.05584849272349268,0.3045743591830554,0.28099822399688024,0.38819018434209807,0.6721053286819163,0.6575951320784432,0.5966951330502828,0.5382155766089757,0.5535714603132672,0.5429339091479778,58.16438397381706,0.0026894513270134812,0.0006711867436635099,0.6111890077590942,0
2023-11-16,0.61216801404953,104.37000274658203,14113.669921875,-0.05769277526002847,0.05769277526002847,-0.08285999072007966,0.2450182631610498,0.20957916482598127,0.30503685986820495,0.6268041524512682,0.6496941362108503,0.6007109334071478,0.539394110110071,0.554366388089127,0.5436330892145633,51.022962456361505,-0.00019155707618856432,0.0006969788535535759,0.627498984336853,1
2023-11-17,0.6137170195579529,103.81999969482422,14125.48046875,0.0025303600855850483,0.0025303600855850483,-0.07093510201433617,0.2567952661375612,0.1810676803020168,0.34131140643125724,0.6043043469691254,0.6430001429149083,0.6048908670743306,0.5404395325316323,0.5552339827020963,0.544376844316721,50.129999835278625,-0.005269742620331863,0.0008368161463585544,0.6128420233726501,0
2023-11-18,0.6111890077590942,103.81999969482422,14125.48046875,-0.00411918150922308,0.00411918150922308,-0.07777766185849466,0.1750764901848818,0.132781718976277,0.3240634708048591,0.5955313514391183,0.63563643183027,0.6079262673854828,0.5412355545494292,0.5560650272501839,0.545108034312725,49.089678635984434,0.0,0.0,0.5804619789123535,0
2023-11-19,0.627498984336853,103.81999969482422,14125.48046875,0.026685651035444513,0.026685651035444513,-0.05145146310407356,0.21607381492509448,0.19628893921300516,0.34821347102391154,0.6311428039325844,0.6307740041187831,0.6116427659988404,0.5423795657025443,0.5569654105438127,0.5459280592203141,43.15262233750153,0.0,0.0,0.6118990182876587,0
2023-11-20,0.6128420233726501,103.47000122070312,14284.5302734375,-0.023357744522395474,0.023357744522395474,-0.08738625261543209,0.17573195490088866,0.17643835553742648,0.35103588612059244,0.6931910036995901,0.622390866279602,0.61469606757164,0.5434008104933633,0.5578500385085742,0.5466844043135644,25.07731732046871,-0.0033712047307831172,0.011259780156814392,0.6202419996261597,0
2023-11-21,0.5804619789123535,103.58999633789062,14199.98046875,-0.05283587486722874,0.05283587486722874,-0.07815330324417658,0.11095969062764621,0.09541386772970029,0.2793001307670182,0.5911830631496453,0.6153607198170253,0.6166285673777262,0.5439625882440143,0.5585540827777651,0.5472477142512798,24.68602120337816,0.0011597092468527137,-0.005918976898016903,0.6218810081481934,1
2023-11-22,0.6118990182876587,103.91999816894531,14265.8603515625,0.05415865382640672,0.05415865382640672,-0.0581068391183458,0.118911305950677,0.18033114470354628,0.3042994141811388,0.6271270632284485,0.6099680066108704,0.6187962015469869,0.5450013216998842,0.5593471884727478,0.5480094642937183,34.06439588150448,0.0031856534677179305,0.004639434748342275,0.6234440207481384,0
2023-11-23,0.6202419996261597,103.91999816894531,14265.8603515625,0.013634572191091321,0.013634572191091321,0.013189166031756017,0.110486060035353,0.17861605857009155,0.313390272936624,0.6254530123790452,0.6111214331218174,0.6208532015482585,0.5460457215706508,0.5601693939831521,0.5488588543236256,39.58511199804856,0.0,0.0,0.6168190240859985,0
2023-11-24,0.6218810081481934,103.4000015258789,14250.849609375,0.002642530694505707,0.002642530694505707,0.0133025292277551,0.11988883365825909,0.18799745262354617,0.2878342901275599,0.5469984942113766,0.6122877172061375,0.6230723679065704,0.5471391773886151,0.5609415718250804,0.5498236843943596,41.26531483251065,-0.005003816899813995,-0.0010522142946574053,0.6041529774665833,0
2023-11-25,0.6234440207481384,103.4000015258789,14250.849609375,0.0025133628129268004,0.0025133628129268004,0.02005110175979241,0.12599454918847663,0.1901329715937976,0.26164679527525436,0.5265075616791057,0.6140384333474296,0.6253977358341217,0.5482458442449569,0.561659866405858,0.5507914644479751,41.1065789079594,0.0,0.0,0.6114220023155212,0
2023-11-26,0.6168190240859985,103.4000015258789,14250.849609375,-0.010626449916369185,0.010626449916369185,-0.017019884521631834,0.1294838386820567,0.17882725637043073,0.18178594663928638,0.5551535950911966,0.6125127247401646,0.627754803498586,0.5492855221033096,0.5621869830621613,0.5517211945354938,40.12107648355168,0.0,0.0,0.609358012676239,0
2023-11-27,0.6041529774665833,103.19999694824219,14241.01953125,-0.020534461689445838,0.020534461689445838,-0.014178280167943647,0.10774279702513945,0.11866717537891569,0.16770255672127354,0.5224824021263674,0.6112714324678693,0.6297135353088379,0.5499976108471553,0.5626690217190319,0.5526325644552708,35.29036963233537,-0.0019342802193930142,-0.0006897889174645178,0.606357991695404,0
2023-11-28,0.6114220023155212,102.75,14281.759765625,0.01203176202063827,0.01203176202063827,0.05333686706092178,0.0989011801290276,0.15757087441637396,0.20520698966452744,0.5664714219755378,0.6156942929540362,0.6315478026866913,0.5509223663144641,0.5632473828064071,0.5535360844433308,45.3063220355351,-0.0043604356739261885,0.0028607666948001764,0.6129149794578552,0
2023-11-29,0.609358012676239,102.7699966430664,14258.490234375,-0.003375720257801751,0.003375720257801751,-0.0041526551530192135,0.052533550415424735,0.19295069829639844,0.15982699476580198,0.5289413026238896,0.6153312921524048,0.6325616021951039,0.5520174665583505,0.5637138884928491,0.5544583594799042,38.587055624668224,0.0001946145310598446,-0.001629318209511399,0.6209759712219238,0
2023-11-30,0.606357991695404,103.5,14226.2197265625,-0.00492324859676363,0.00492324859676363,-0.02238482388990748,0.010121872958569034,0.2174029643699278,0.1675302160017187,0.4834700545142123,0.6133478624480111,0.6327641348044077,0.5532206108172735,0.5641972606380781,0.5553608494997024,47.954651323823796,0.00710327314176129,-0.002263248582567323,0.6237229704856873,1
2023-12-01,0.6129149794578552,103.2699966430664,14305.0302734375,0.010813723662019381,0.010813723662019381,-0.014417595284082929,0.005540197084962228,0.22806257824295684,0.14368794902066995,0.5450027765858092,0.6120670012065342,0.6328767001628876,0.5544853217071957,0.5646250603927506,0.5562876144051552,49.72726793655169,-0.002222254656363276,0.005539809477836721,0.6243739724159241,0
2023-12-02,0.6209759712219238,103.2699966430664,14305.0302734375,0.01315189224319302,0.01315189224319302,-0.003958734776625006,0.0239710456423885,0.2295361107741054,0.2166600685041089,0.5670408819020336,0.6117144227027893,0.6333612660566966,0.5557733992735545,0.5652394048041768,0.5571853843331337,53.20734549665237,0.0,0.0,0.6219969987869263,0
2023-12-03,0.6237229704856873,103.2699966430664,14305.0302734375,0.004423680449918255,0.004423680449918255,0.011192823389192696,0.017489287485681126,0.2268954687806486,0.17580642243471112,0.6069246345146657,0.6127007007598877,0.6337186316649119,0.5570550435119205,0.5657575102316008,0.558061054199934,48.64180083004276,0.0,0.0,0.6403329968452454,1
2023-12-04,0.6243739724159241,103.63999938964844,14185.490234375,0.0010437356984462909,0.0010437356984462909,0.0334699913822063,0.013291445843875538,0.23537860624408125,0.20157879565414238,0.5979473858794189,0.6155894143240792,0.6339916308720907,0.558376853995853,0.5663394323653645,0.5588814291357994,54.61270043505876,0.003582867808748613,-0.00835650374571173,0.6436319947242737,1
2023-12-05,0.6219969987869263,104.05000305175781,14229.91015625,-0.0038069710366055443,0.0038069710366055443,0.017295740799899928,-0.059215272417407316,0.23597737633360216,0.18578154547588732,0.5965670843701973,0.6171001281057086,0.6326866308848064,0.5596963425477346,0.56688082665205,0.5596515041589737,71.86074964550576,0.00395603690200641,0.0031313631845699685,0.6731380224227905,1
2023-12-06,0.6403329968452454,104.1500015258789,14146.7099609375,0.029479238797099683,0.029479238797099683,0.05083216028122339,-0.1050764541584519,0.268345278299712,0.1903936397130115,0.6331109868125171,0.621525125844138,0.6301804979642233,0.5612016313605839,0.567449804312653,0.5605077640712262,67.35937805899619,0.0009610617125244136,-0.00584685317046485,0.658814013004303,1
2023-12-07,0.6436319947242737,103.54000091552734,14339.990234375,0.005152003559525387,0.005152003559525387,0.061471941558236765,-0.06231046338914448,0.2748975587537015,0.26649604675678296,0.6773437075260533,0.6268499834196908,0.6287548303604126,0.5627436538537344,0.5682022099693617,0.5614381740987301,65.217151893482,-0.005856942884441496,0.013662559985409661,0.6615779995918274,1
2023-12-08,0.6731380224227905,104.01000213623047,14403.9697265625,0.04584300957747911,0.04584300957747911,0.09825676477707357,-0.021709805959805983,0.33597569891180745,0.29146378517484495,0.7061122087740572,0.6354532752718244,0.6282568971316019,0.5646245764361487,0.5690461935268508,0.5624958592653274,74.47311443610666,0.0045393202293533275,0.004461613372241491,0.6202110052108765,0
2023-12-09,0.658814013004303,104.01000213623047,14403.9697265625,-0.021279453754420086,0.021279453754420086,0.060933181855528984,-0.012975725400084959,0.3234139929043971,0.2531627917259769,0.6929434097974179,0.6408587098121643,0.6279681980609894,0.566413465473387,0.569785599079397,0.5634627793729305,65.05335810559193,0.0,0.0,0.6195489764213562,0
2023-12-10,0.6615779995918274,104.01000213623047,14403.9697265625,0.00419539738525021,0.00419539738525021,0.06069205544356149,0.0015184150230329596,0.3946337801204347,0.27205502891206845,0.7108389146503946,0.6462665711130414,0.6280016322930654,0.5684935099548764,0.5705716657969687,0.5645026244223118,69.69660248289176,0.0,0.0,0.6284859776496887,0
2023-12-11,0.6202110052108765,104.0999984741211,14432.490234375,-0.06252776604795363,0.06252776604795363,-0.006667425916137448,-0.06416438105818156,0.2901226596844526,0.2915143436479293,0.6246565112369686,0.6456718615123204,0.6265841662883759,0.5700432098574109,0.5713493936591678,0.5653350093960762,55.64144240204342,0.0008652661863495226,0.001980044970512962,0.6324319839477539,0
2023-12-12,0.6195489764213562,103.87000274658203,14533.400390625,-0.0010674250923605744,0.0010674250923605744,-0.00393574626621096,-0.06346896203998798,0.2806552414417849,0.29040979108306497,0.5992735013869757,0.6453221440315247,0.6251845995585124,0.5715518097082773,0.5721240101589097,0.5660870543122292,52.99413242450327,-0.002209373015468752,0.006991874209597793,0.6154919862747192,0
2023-12-13,0.6284859776496887,102.87000274658203,14733.9599609375,0.014425011691496126,0.014425011691496126,-0.018501341105212177,-0.06409005687136238,0.28404734887647254,0.3210619668156043,0.5906930027049753,0.6436297127178737,0.6237499992052714,0.573096576001909,0.5729725822806359,0.5668682591617107,56.70742361729432,-0.009627418634422846,0.013799906761109648,0.6198350191116333,0
2023-12-14,0.6324319839477539,101.95999908447266,14761.5595703125,0.006278590833198594,0.006278590833198594,-0.017401264803993732,0.0043816072456304145,0.26265433244701364,0.3181433151370565,0.6366694735159961,0.6420297111783709,0.6238419651985169,0.5745583203103807,0.5738205932908588,0.567615974098444,59.08286238824701,-0.008846151820868009,0.001873196984936376,0.6104180216789246,0
2023-12-15,0.6154919862747192,102.55000305175781,14813.919921875,-0.026785485400804943,0.026785485400804943,-0.08563776555154157,-0.05257620109942995,0.2312795139910484,0.26235863971391615,0.6272653694653629,0.6337945631572178,0.6227034310499827,0.5758428980906805,0.5745312543378935,0.5682226790487767,50.83714163232066,0.005786621935886194,0.0035470745020602656,0.612529993057251,0
2023-12-16,0.6198350191116333,102.55000305175781,14813.919921875,0.00705619721095041,0.00705619721095041,-0.05916539891876149,0.012524347705437089,0.257167270390543,0.25626530110164003,0.7609550344656146,0.628226135458265,0.6229589978853861,0.5772517204284668,0.5752336988846461,0.5687121640145779,49.620186656571114,0.0,0.0,0.6054559946060181,0
2023-12-17,0.6104180216789246,102.55000305175781,14813.919921875,-0.015192748299709624,0.015192748299709624,-0.07733022855123195,-0.005375438148031986,0.2130652087778928,0.2384970032300815,0.7204081694363791,0.6209175671849932,0.6228490312894185,0.5784429987271626,0.5758867434329457,0.5691773240268231,45.75921812460246,0.0,0.0,0.6173189878463745,0
2023-12-18,0.612529993057251,102.51000213623047,14904.8095703125,0.0034598771715774745,0.0034598771715774745,-0.012384514446037387,0.0021940599080363388,0.1913426606145916,0.22335954043370987,0.7487366536400448,0.6198202797344753,0.6228937307993571,0.5795360989040799,0.5765080490046077,0.5697033889591694,46.25971779936055,-0.00039006254838580556,0.00613542188136762,0.6239100098609924,0
2023-12-19,0.6054559946060181,102.16999816894531,15003.2197265625,-0.011548819700934576,0.011548819700934576,-0.022747163423208483,-0.03512832734562943,0.16131239864248825,0.22320519995508348,0.7866911039796527,0.6178069966179984,0.622158964474996,0.580470554696189,0.5771218323045306,0.5701037339866162,44.92691416161513,-0.0033167882177322916,0.00660257722755575,0.6254019737243652,1
2023-12-20,0.6173189878463745,102.41000366210938,14777.9404296875,0.019593485482088502,0.019593485482088502,-0.01776808107171257,0.007305250460936552,0.217161911808742,0.24317611521793014,0.766933807887102,0.6162117123603821,0.6223081966241201,0.5816943320963118,0.5777926822503408,0.570593573898077,42.64981966776838,0.0023490799399565887,-0.015015396760213684,0.6202049851417542,0
2023-12-21,0.6239100098609924,101.83999633789062,14963.8701171875,0.010676849642373476,0.010676849642373476,-0.013474925846674868,0.0748507783921526,0.21736162775538181,0.2803065111230394,0.8031038270945148,0.6149942874908447,0.623756464322408,0.5829321099652185,0.5785515545143022,0.571033568829298,43.83094461423268,-0.005565934028275432,0.012581569697390549,0.6135179996490479,0
2023-12-22,0.6254019737243652,101.69999694824219,14992.9697265625,0.002391312592829209,0.002391312592829209,0.016100920354181092,0.022067293839583613,0.23102387827574833,0.2756094687691897,0.7889073126428259,0.6164099999836513,0.624206562836965,0.5842361986637116,0.5793022488554319,0.5716086088120937,31.895121291777542,-0.001374699476460517,0.00194465797598542,0.6463369727134705,1
2023-12-23,0.6202049851417542,101.69999694824219,14992.9697265625,-0.008309837194248382,0.008309837194248382,0.0005968782316478904,-5.9677487864173706e-05,0.2345139305456423,0.29389438868997475,0.7506414549352933,0.6164628522736686,0.624205329020818,0.5855452762709723,0.5800848765505685,0.5720573137700558,34.26753869529905,0.0,0.0,0.6223689913749695,0
2023-12-24,0.6135179996490479,101.69999694824219,14992.9697265625,-0.010781895748835257,0.010781895748835257,0.005078450930391831,-0.013447923942955686,0.21377915782453027,0.2680183820413409,0.7420630293253052,0.6169057062694004,0.6239265620708465,0.5867459098498027,0.5808053099446826,0.5725267638266086,31.02315171113669,0.0,0.0,0.6348559856414795,1
2023-12-25,0.6463369727134705,101.69999694824219,14992.9697265625,0.0534930891729275,0.0534930891729275,0.055192366152525096,0.036720140387039635,0.2882732783803952,0.3893086982535845,0.8659119209201558,0.6217352747917175,0.624689660469691,0.588352898756663,0.5818115042315589,0.5731357185542584,61.062828707762996,0.0,0.0,0.6349980235099792,0
2023-12-26,0.6223689913749695,101.47000122070312,15074.5703125,-0.037082794811935216,0.037082794811935216,0.027934312187225085,0.00899772392266085,0.24574201843579346,0.3110178041634306,0.7017495967120255,0.6241514171872821,0.6248746593793233,0.5897170318497552,0.5826317653059959,0.5735579784214496,50.997275787900996,-0.0022615116464174134,0.005442589922190821,0.6234019994735718,0
2023-12-27,0.6348559856414795,100.98999786376953,15099.1796875,0.020063651048750186,0.020063651048750186,0.02840832396276327,0.050819923628687924,0.24597612351582065,0.3392541023090472,0.7245616368633463,0.6266567025865827,0.6258980929851532,0.5911095983452267,0.583525204161803,0.5741912634670734,52.19752584798371,-0.004730495231684895,0.00163250921849456,0.6218439936637878,0
2023-12-28,0.6349980235099792,101.2300033569336,15095.1396484375,0.00022373242390760772,0.00022373242390760772,0.017771815604396668,0.03855932744515744,0.21712655512537893,0.3410105834551489,0.7810457825020825,0.628240704536438,0.6266839603583018,0.5923682543966505,0.5844222931398286,0.5747601486742496,50.90909244484651,0.00237652736152949,-0.00026756679144923634,0.6149410009384155,0
2023-12-29,0.6234019994735718,101.33000183105469,15011.349609375,-0.01826151201591142,0.01826151201591142,-0.0031979020451171625,0.02304718491458413,0.20953813093257923,0.2867100570976473,0.8183148943893703,0.6279549939291817,0.6271520932515462,0.5935682210657331,0.5851940098736022,0.5752485536038876,52.912634144285875,0.0009878343455991256,-0.005550795886222426,0.6300820112228394,0
2023-12-30,0.6218439936637878,101.33000183105469,15011.349609375,-0.0024991992504027616,0.0024991992504027616,0.0026426884035106735,0.02553937142822882,0.1862633154300939,0.27024366522525356,0.80235761907234,0.628189138003758,0.627668293317159,0.5946531097094218,0.5859289930926429,0.5757573436200619,50.75523691426846,0.0,0.0,0.6253629922866821,0
2023-12-31,0.6149410009384155,101.33000183105469,15011.349609375,-0.011100843291419693,0.011100843291419693,0.0023194124543723937,0.0033055506040207128,0.19910812465938377,0.2605331419665189,0.8090276934541749,0.6283924239022392,0.627735827366511,0.5957876543203989,0.5866350986891322,0.5764309486746788,51.73308923046845,0.0,0.0,0.5825799703598022,0
2024-01-01,0.6300820112228394,101.33000183105469,15011.349609375,0.024621890980302652,0.024621890980302652,-0.025149360437155655,0.014664077875665926,0.17031431027601585,0.3174135702288332,0.8599493269992082,0.6260702865464347,0.6280393620332082,0.5968064877721998,0.5874784876902898,0.5771807686984539,56.114919977805755,0.0,0.0,0.5882260203361511,0
2024-01-02,0.6253629922866821,102.19999694824219,14765.9404296875,-0.007489531286568152,0.007489531286568152,0.004810652447671204,0.002629407410982054,0.17344075935184255,0.3485235916920144,0.7941535102220929,0.6264980009623936,0.6280940294265747,0.5978335095776453,0.588376398715708,0.5779288686811924,57.05106822467553,0.008585760401327303,-0.016348242234944355,0.5764859914779663,0
2024-01-03,0.5825799703598022,102.45999908447266,14592.2099609375,-0.06841310159790692,0.06841310159790692,-0.08234310845924497,-0.06693745079476332,0.1131407061730465,0.2427975255867405,0.6944133387201445,0.6190299987792969,0.626700896024704,0.5984914428657956,0.5890087041589949,0.5784428185224533,39.906320378348454,0.0025440522895723294,-0.011765621673558213,0.5685120224952698,0
2024-01-04,0.5882260203361511,102.41999816894531,14510.2998046875,0.009691459136265568,0.009691459136265568,-0.07365692717481831,-0.05429443954976998,0.11789019414697743,0.24983219555587977,0.6913058492566,0.6123482840401786,0.6255751967430114,0.5991806983947754,0.5896619376209047,0.5789460836350918,39.57450143144726,-0.0003904051911455264,-0.005613279720430908,0.5517410039901733,0
2024-01-05,0.5764859914779663,102.41000366210938,14524.0703125,-0.01995836371107107,0.01995836371107107,-0.07525803259409403,-0.09970906650420441,0.10457816409760934,0.230361745050496,0.7053830271733195,0.6056459971836635,0.6234469632307689,0.5997871425416734,0.5902615820368131,0.5793615385890007,36.51606195414364,-9.758354827782423e-05,0.0009490160780862844,0.5779229998588562,0
2024-01-06,0.5685120224952698,102.41000366210938,14524.0703125,-0.013832025583576213,0.013832025583576213,-0.08576422979386855,-0.11671261348837181,0.09759614101080505,0.19019233149718384,0.6495583372613478,0.5980271441595895,0.6209429641564687,0.6003488202889761,0.5907662933071455,0.5797397486865521,35.965439207908474,0.0,0.0,0.5666329860687256,0
2024-01-07,0.5517410039901733,102.41000366210938,14524.0703125,-0.029499848449090593,0.029499848449090593,-0.1027740821506411,-0.18034491350775173,0.09640581478921328,0.1598044188744845,0.6026497186522142,0.5889985731669835,0.6168963968753814,0.6008878648281097,0.5911886377467049,0.5799949787557125,34.098350192670836,0.0,0.0,0.5999889969825745,1
2024-01-08,0.5779229998588562,102.20999908447266,14843.76953125,0.04745341687374238,0.04745341687374238,-0.08278130534587858,-0.12278277563734585,0.1618037596139088,0.22673923738622692,0.673402603248175,0.5815472858292716,0.6142000297705332,0.6017821649710338,0.5917820710274908,0.5804097187519074,31.76698513395705,-0.0019529789130426911,0.022011682116056308,0.6020950078964233,1
2024-01-09,0.5666329860687256,102.56999969482422,14857.7099609375,-0.01953549831532564,0.01953549831532564,-0.09391346616659602,-0.14351295475617365,0.15914270356169213,-0.3050560489723533,0.6220100743010628,0.573157284940992,0.6110351959864299,0.6026465538475249,0.5904002264142036,0.5807600536942482,34.069253375356695,0.003522166261385351,0.0009391435011270044,0.5702990293502808,0
2024-01-10,0.5999889969825745,102.36000061035156,14969.650390625,0.05886704751389682,0.05886704751389682,0.029882638450512422,-0.03260504579635182,0.24208469301355318,-0.16570510578468178,0.7081975330765473,0.5756442887442452,0.6103611290454865,0.6039458761612574,0.5897381820612484,0.5813234336674213,41.09632910086122,-0.0020473733557323515,0.007534164415768263,0.575078010559082,0
2024-01-11,0.6020950078964233,102.29000091552734,14970.1904296875,0.0035100825589140516,0.0035100825589140516,0.023577650564228003,-0.02817205610725182,0.23964638676928773,-0.15587729287841834,0.6091998994158265,0.577625572681427,0.6097793300946553,0.6052391651603911,0.5891204931669765,0.5818825237452984,41.68129166542343,-0.0006838578976828824,3.6075596183460235e-05,0.5762330293655396,0
2024-01-12,0.5702990293502808,102.4000015258789,14972.759765625,-0.05280890578586617,0.05280890578586617,-0.010732198560148398,-0.09258273114860283,0.17158649616103983,-0.23640440177005506,0.5199989324455687,0.5767417209489005,0.6078397651513417,0.6061672098106808,0.588139598733849,0.5823373588919639,37.818470989223506,0.0010753798940954518,0.0001716301438894341,0.5759199857711792,0
2024-01-13,0.575078010559082,102.4000015258789,14972.759765625,0.008379781417909404,0.008379781417909404,0.011549426932069728,-0.09068797095089665,0.17881057913258247,-0.22203176602884,0.4905962982778329,0.5776797192437308,0.6059279660383861,0.607136454515987,0.5872277821103732,0.5827935490012169,39.42836308408205,0.0,0.0,0.5759469866752625,0
2024-01-14,0.5762330293655396,102.4000015258789,14972.759765625,0.0020084558707689215,0.0020084558707689215,0.04439043898901951,-0.06378467597408621,0.15714790564675374,-0.2608037719278594,0.45718356468318877,0.5811785800116402,0.6046193341414133,0.6080059660805597,0.5860982989271482,0.5833486041426659,41.016452839877246,0.0,0.0,0.5679730176925659,0
2024-01-15,0.5759199857711792,102.4000015258789,14972.759765625,-0.0005432586790539151,0.0005432586790539151,-0.003465884015978249,-0.07084955187494002,0.1712975587557497,-0.298252497047526,0.49635861746632437,0.5808924351419721,0.6031554996967315,0.6089418103297551,0.5847384431295924,0.5838545940816402,36.50067742625561,0.0,0.0,0.5519070029258728,0
2024-01-16,0.5759469866752625,103.36000061035156,14944.349609375,4.688308228639748e-05,4.688308228639748e-05,0.016437448640533647,-0.05647119478689577,0.17944822016022077,-0.2746789672455876,0.48986742925055227,0.5822230066571917,0.6020064651966095,0.6099154545201195,0.583526715139548,0.5843641440570354,37.38860911340293,0.00937499091960503,-0.0018974562268223583,0.5442559719085693,0
2024-01-17,0.5679730176925659,103.44999694824219,14855.6201171875,-0.0138449704003617,0.0138449704003617,-0.05336094403567604,-0.07274252015365468,0.09198910922325121,-0.2647617560308363,0.46493918023414116,0.5776492953300476,0.6005212326844533,0.6104470769564311,0.582390442987283,0.5848363991081714,45.46675091991675,0.0008707075982894441,-0.005937327117390034,0.5531259775161743,0
2024-01-18,0.5519070029258728,103.54000091552734,15055.650390625,-0.028286580992812893,0.028286580992812893,-0.08335562380079431,-0.08844406886249534,0.069578869902442,-0.24735196399695214,0.4544844072113938,0.5704795803342547,0.5987362662951151,0.6108459989229839,0.5813827764656808,0.5851734691858291,39.41315875431756,0.0008700238756911283,0.013464956148553586,0.546110987663269,0
2024-01-19,0.5442559719085693,103.29000091552734,15310.9697265625,-0.013862898960771308,0.013862898960771308,-0.04566561768723554,-0.11835536793173707,0.044150226998129094,-0.26320765100164256,0.38211453488442504,0.5667591435568673,0.5963008324305217,0.6111016988754272,0.5803026263912519,0.5854470139741897,40.3756543729162,-0.0024145257657856023,0.016958373056834786,0.5267159938812256,0
2024-01-20,0.5531259775161743,103.29000091552734,15310.9697265625,0.016297488802006432,0.016297488802006432,-0.038172269917895685,-0.11345231079172591,0.05864068136023359,-0.21292894921648386,0.3381734901769873,0.563623138836452,0.5939413646856944,0.6114421321286095,0.5794712985555331,0.585773433893919,45.42996256299547,0.0,0.0,0.5177369713783264,0
2024-01-21,0.546110987663269,103.29000091552734,15310.9697265625,-0.012682445117487062,0.012682445117487062,-0.0522740630391082,-0.12678403553622664,-0.001387908563267204,-0.2303959845148874,0.3533241937174163,0.5593199900218419,0.5912983318169912,0.6114336987336476,0.5785630264216,0.586112628877163,48.2248663049345,0.0,0.0,0.5179880261421204,0
2024-01-22,0.5267159938812256,103.33000183105469,15360.2900390625,-0.03551474740516003,0.03551474740516003,-0.0854354651784962,-0.15073885811988552,-0.05696362201316196,-0.26415653977470777,0.31361431580574717,0.552290848323277,0.5881820321083069,0.6110801875591279,0.5775125654207336,0.5864275138080121,33.1326263956979,0.0003872680334280343,0.0032212402859392864,0.5136060118675232,0
2024-01-23,0.5177369713783264,103.62000274658203,15425.9404296875,-0.017047180277810048,0.017047180277810048,-0.10106835636550826,-0.15611771508824723,-0.06765467119641311,-0.2745184934126329,0.21836804296822976,0.5439751318522862,0.5849893311659495,0.6106627537144556,0.5764241819580396,0.5866723737120628,33.644856459187054,0.00280655095701543,0.004274033267473776,0.5321890115737915,1
2024-01-24,0.5179880261421204,103.23999786376953,15481.919921875,0.00048490793138755706,0.00048490793138755706,-0.08800592632641857,-0.19857899515250055,-0.06446822076981595,-0.2730686236204096,0.2704908643965003,0.5368344187736511,0.5807110329469045,0.6102661430835724,0.5753431821862857,0.5869090938568116,14.769288762417517,-0.003667292730553773,0.0036289192508331958,0.5302600264549255,1
2024-01-25,0.5136060118675232,103.56999969482422,15510.5,-0.008459682566860915,0.008459682566860915,-0.06939754497642037,-0.17475642426715632,-0.05951394622771611,-0.27939116772215833,0.22962564672374786,0.5313628486224583,0.5770856002966563,0.6099050210581886,0.5742368878589736,0.5871343739330769,12.711053419729751,0.0031964532921644473,0.0018460293212483325,0.5240939855575562,1
2024-01-26,0.5321890115737915,103.47000122070312,15455.3603515625,0.03618142949436787,0.03618142949436787,-0.022171479887417744,-0.16171695059935498,-0.024206506936558236,-0.24526756436207986,0.29769599425846205,0.5296389971460614,0.5736633678277333,0.6097583320405748,0.5732760712504387,0.5874069990217685,31.928126300175464,-0.0009655158290600152,-0.0035549884554011424,0.5350900292396545,0
2024-01-27,0.5302600264549255,103.47000122070312,15455.3603515625,-0.003624624103307883,0.003624624103307883,-0.04133949948243054,-0.16494224104212152,-0.046970232278513935,-0.24088178770667512,0.2845726017127468,0.5263724327087402,0.5701721012592316,0.6094679547680749,0.5723412879639201,0.587679704129696,28.1567787624399,0.0,0.0,0.5106980204582214,0
2024-01-28,0.5240939855575562,103.47000122070312,15455.3603515625,-0.011628334382647543,0.011628334382647543,-0.0403159844849863,-0.15930012094904367,-0.09474152814110559,-0.2589284209262984,0.284122293981506,0.5232271466936383,0.5668618341286977,0.6088585098584492,0.5713239711191919,0.5879446490108967,25.772082284539295,0.0,0.0,0.5031930208206177,0
2024-01-29,0.5350900292396545,103.61000061035156,15628.0400390625,0.02098105298880748,0.02098105298880748,0.015898578087069293,-0.13951081832116008,-0.1086022614697697,-0.21906901427625114,0.29322519435858796,0.5244234374591282,0.5639700353145599,0.6081341544787089,0.5704900544550684,0.5865432740747929,32.740734469853294,0.001353043278213617,0.011172802417547256,0.5058590173721313,0
2024-01-30,0.5106980204582214,103.4000015258789,15509.900390625,-0.04558486880440171,0.04558486880440171,-0.013595611882546876,-0.16951704362063458,-0.16215559196041673,-0.23103279240547048,0.29424648744131265,0.5234178730419704,0.5604952692985534,0.6070359322759841,0.569637626906236,0.5855009792745114,27.12956741777728,-0.0020268225387084504,-0.007559466711257956,0.5104119777679443,0
2024-01-31,0.5031930208206177,103.2699966430664,15164.009765625,-0.014695572210892682,0.014695572210892682,-0.028562446571773425,-0.20138488028877433,-0.17024956267510938,-0.2082420991177084,0.23820532361328906,0.5213043008531842,0.556265636285146,0.6058887547916836,0.5689023714926508,0.5844505493342876,27.21905199489558,-0.001257300588916932,-0.022301279588428202,0.5189390182495117,1
2024-02-01,0.5058590173721313,103.05000305175781,15361.6396484375,0.005298158840052913,0.005298158840052913,-0.015083535465683084,-0.19109537402841248,-0.17478406999604357,-0.19503417751822316,0.22220051669397933,0.5201975873538426,0.5522821704546611,0.6046982771820493,0.5682214606139395,0.5832455442845821,32.12147888546234,-0.002130275960683492,0.013032824817912125,0.5032879710197449,0
2024-02-02,0.5104119777679443,103.91999816894531,15628.9501953125,0.009000453168681366,0.009000453168681366,-0.04091973590632403,-0.12387654272989657,-0.17165654915547257,-0.1808335162835235,0.24567592234043523,0.5170865825244358,0.5498765707015991,0.6035230325327979,0.5675954883297284,0.5821015791594982,36.535875056198535,0.008442456006047205,0.01740117285606213,0.5062440037727356,0
2024-02-03,0.5189390182495117,103.91999816894531,15628.9501953125,0.01670619196449219,0.01670619196449219,-0.021349918229931153,-0.11778976055334012,-0.21509283184967898,-0.16560035674749107,0.2589342798817609,0.5154692956379482,0.5475670039653778,0.6019429438643985,0.5670233105619749,0.5807985742390156,36.362218369235535,0.0,0.0,0.5051530003547668,0
2024-02-04,0.5032879710197449,103.91999816894531,15628.9501953125,-0.03015970408731461,0.03015970408731461,-0.03969901412945398,-0.12697276523677525,-0.2966093301088444,-0.21655778219344535,0.2236368592488167,0.5124970078468323,0.5451270699501037,0.599584843715032,0.5662504326966074,0.5792115439474582,34.01830557126276,0.0,0.0,0.5137889981269836,1
2024-02-05,0.5062440037727356,104.44999694824219,15597.6796875,0.005873442091217207,0.005873442091217207,-0.05390873290595266,-0.10952805966922585,-0.2624672029968961,-0.2131309852236556,0.268982371569801,0.5083761470658439,0.5430514693260193,0.5975830879476335,0.5654886492424541,0.5777724738419056,41.29120136556502,0.005100065325590597,-0.002000806671063504,0.5145289897918701,0
2024-02-06,0.5051530003547668,104.18000030517578,15609.0,-0.0021550940057326606,0.0021550940057326606,-0.01085772781825034,-0.08443817533676767,-0.26584710672210676,-0.2019523447977979,0.28595250765003466,0.507584001336779,0.5414985358715058,0.5955506099594964,0.5647784658604198,0.5764357288181782,44.261662368612164,-0.002584936821014905,0.0007257690071089673,0.5260310173034668,1
2024-02-07,0.5137889981269836,104.04000091552734,15756.6396484375,0.017095806154079574,0.017095806154079574,0.02105748066434998,-0.11097326416760667,-0.23024980773991077,-0.18662446021550994,0.27205724527585473,0.5090977123805455,0.5393607358137766,0.5938429878817664,0.5641235436002413,0.5753382389247418,48.22125086099457,-0.0013438221274556517,0.009458623130085275,0.5241119861602783,1
2024-02-08,0.5145289897918701,104.1500015258789,15793.7099609375,0.0014402637416996988,0.0014402637416996988,0.017139108174404116,-0.09195369411574617,-0.2210891857684414,-0.17964783743875412,0.2926174992095556,0.5103362798690796,0.5376239359378815,0.5922202547391255,0.5634975656867027,0.5742174689471722,50.40343065864582,0.0010572915165665275,0.0023526788279171207,0.5260840058326721,1
2024-02-09,0.5260310173034668,104.08000183105469,15990.66015625,0.022354479027992813,0.022354479027992813,0.03060084836532484,-0.12326555995368638,-0.20627244836875192,-0.15983171760605808,0.3753667862268144,0.512567571231297,0.5351586699485779,0.5907013217608134,0.5629416159457631,0.5733337990939618,47.1307500808169,-0.0006721045972027939,0.012470166654928727,0.5318970084190369,0
2024-02-10,0.5241119861602783,104.08000183105469,15990.66015625,-0.0036481330569170245,0.0036481330569170245,0.00996835413959829,-0.12951946239946277,-0.2077347214078149,-0.17369247114547726,0.3697081398279489,0.5133065666471209,0.5325592358907064,0.5891743885146247,0.5623295603526963,0.5724063591659069,47.135122283703076,0.0,0.0,0.5248349905014038,0
2024-02-11,0.5260840058326721,104.08000183105469,15990.66015625,0.003762592202557924,0.003762592202557924,0.045294217477001686,-0.0775295436991732,-0.216581961269815,-0.1369998789523098,0.36998192495714055,0.5165631430489677,0.5310854017734528,0.587558388710022,0.5618655881947942,0.5714577843248844,50.965034237369466,0.0,0.0,0.5384010076522827,1
2024-02-12,0.5318970084190369,104.16999816894531,15942.5498046875,0.011049571022719196,0.011049571022719196,0.050673201964121395,-0.07508720790430723,-0.15528059022203378,-0.0959175750463046,0.4173262325277187,0.5202278579984393,0.5296460350354513,0.5864719887574513,0.5615520826644368,0.5705490393936634,48.3696293942703,0.0008646842458430726,-0.0030086532446064185,0.5627549886703491,1
2024-02-13,0.5248349905014038,104.95999908447266,15655.599609375,-0.013277040114633376,0.013277040114633376,0.03896243342673289,-0.08919662054208777,-0.19212407052389213,0.03488763086872293,0.4120803659974419,0.5230395708765302,0.5279327670733134,0.5850851774215698,0.5616503770152728,0.5696103744208812,58.77057588440156,0.0075837662418511975,-0.01799901514048463,0.5649600028991699,1
2024-02-14,0.5384010076522827,104.72000122070312,15859.150390625,0.025848156842436465,0.025848156842436465,0.04790295162999225,-0.06514616447744404,-0.12050124263970263,0.06382337239335678,0.40792661780235284,0.5265555722372872,0.5266821344693502,0.5842655440171559,0.5618298270636135,0.5687386845052242,70.3152255856312,-0.00228656503299296,0.013001787624161487,0.5498859882354736,1
2024-02-15,0.5627549886703491,104.30000305175781,15906.169921875,0.04523390683138362,0.04523390683138362,0.09372843869883152,-0.022904882411254657,-0.08303832102344266,0.08299380311468507,0.40214825154386924,0.5334450006484985,0.5262424012025197,0.5836992992295159,0.5620694158805741,0.5680267794430256,76.25753708023414,-0.0040106776551706025,0.0029648203145733465,0.5569030046463013,0
2024-02-16,0.5649600028991699,104.27999877929688,15775.650390625,0.003918249101675153,0.003918249101675153,0.07400511436618395,-0.005304855511687134,-0.07563782115359297,0.047100577910289765,0.4668304584653773,0.5390062843050275,0.5261419673760732,0.5831856436199612,0.5622105990846952,0.5673589743673801,75.73160253007387,-0.00019179551175096954,-0.008205591408306456,0.5625969767570496,0
2024-02-17,0.5498859882354736,104.27999877929688,15775.650390625,-0.026681560794289738,0.026681560794289738,0.04917651714859539,-0.0036618754240931306,-0.12368624976086862,0.04832444669134084,0.39105289497226137,0.542688284601484,0.5260746002197265,0.5823232769966126,0.5623514213495784,0.5665723492205142,63.749173784828145,0.0,0.0,0.5629220008850098,1
2024-02-18,0.5569030046463013,104.27999877929688,15775.650390625,0.012760856906618878,0.012760856906618878,0.05858189656393309,0.02323728794997315,-0.09127804000531814,0.0690553682568904,0.4112028574220641,0.5470909987177167,0.526496167977651,0.5817017323440976,0.5625512714187304,0.5659308890998364,75.79948751572473,0.0,0.0,0.5490040183067322,0
2024-02-19,0.5625969767570496,104.27999877929688,15775.650390625,0.010224351571535673,0.010224351571535673,0.05771788119144072,0.0171226802317348,-0.030777213330627884,0.06170008143725503,0.45630908129264935,0.55147670848029,0.5268118679523468,0.5815032323201498,0.562732910282082,0.5654231990873814,76.42079624057125,0.0,0.0,0.540913999080658,0
2024-02-20,0.5629220008850098,104.08000183105469,15630.7802734375,0.0005777210710120606,0.0005777210710120606,0.07256949531360202,0.030783144088846637,-0.08004101320460766,0.08585624396452007,0.41251364763525733,0.5569177099636623,0.5273722350597382,0.580959043237898,0.5629801824688911,0.5650601141154766,77.28063671885775,-0.001917884067734521,-0.00918314703992118,0.5345339775085449,0
2024-02-21,0.5490040183067322,104.01000213623047,15580.8701171875,-0.024724531207513945,0.024724531207513945,0.01969351933549368,0.04231507052077954,-0.11485513938489322,0.0432459468817501,0.40085991414546607,0.5584324257714408,0.5281151692072551,0.5801675101121266,0.5631066158413887,0.5646630193293095,65.83963100826071,-0.0006725566256027271,-0.003193068764124063,0.545117974281311,0
2024-02-22,0.540913999080658,103.95999908447266,16041.6201171875,-0.01473581058846507,0.01473581058846507,-0.038810832474885815,0.04476602789371853,-0.13019694765825862,0.03332381046617372,0.3673739217747263,0.555312284401485,0.5288877367973328,0.5792678766780429,0.563203527033329,0.5642521543800831,61.13186878956609,-0.00048075233853295263,0.029571519211352593,0.5424249768257141,0
2024-02-23,0.5345339775085449,103.94000244140625,15996.8203125,-0.011794890838389471,0.011794890838389471,-0.05385518485289165,0.031942729428816596,-0.14261110906621677,0.020406788578533952,0.37366428337947455,0.5509657093456813,0.5294392685095469,0.5782799873087141,0.5632629157768355,0.5638151691854,53.74945987970693,-0.0001923493963303935,-0.002792723201286873,0.5514050126075745,1
2024-02-24,0.545117974281311,103.94000244140625,15996.8203125,0.01980041909047192,0.01980041909047192,-0.008670913709699413,0.06135434883093982,-0.11624325289080373,0.041796541493590356,0.44029350259666056,0.5502845644950867,0.5304896672566731,0.577483308977551,0.5633844155404303,0.5633287291228771,58.6051956119172,0.0,0.0,0.5862579941749573,1
2024-02-25,0.5424249768257141,103.94000244140625,15996.8203125,-0.004940210344645868,0.004940210344645868,-0.025997395775916865,0.01923370274341596,-0.10217279884925079,0.0043698190896663824,0.43466414933061914,0.5482162748064313,0.5308308660984039,0.5767974423037635,0.5633975265754594,0.5628240288794041,56.65484041354989,0.0,0.0,0.5758110284805298,1
2024-02-26,0.5514050126075745,103.83000183105469,15976.25,0.016555350814432934,0.016555350814432934,-0.019893395471103248,0.039876636174170255,-0.09815968264252173,0.043944084747436385,0.4585852164505799,0.5466174227850777,0.5315356989701588,0.5761305868625641,0.5635264765885141,0.5624161238968373,57.74482975998576,-0.0010583087143333225,-0.0012859000787753816,0.5863249897956848,1
2024-02-27,0.5862579941749573,103.83000183105469,16035.2998046875,0.0632075892864381,0.0632075892864381,0.04145510968350741,0.11861232971652602,-0.03790877943793469,0.14772739339434993,0.546385705261258,0.5499511361122131,0.533607832590739,0.5758739199903277,0.5639456932743391,0.5621890388429165,69.97715969948973,0.0,0.003696099190204194,0.6018900275230408,1
2024-02-28,0.5758110284805298,103.9800033569336,15947.740234375,-0.01781974113483864,0.01781974113483864,0.04882844073979142,0.07610121104057654,-0.05037776962329399,0.1560729182921845,0.5267427543177612,0.5537807089941842,0.5349651992321014,0.5755345092879401,0.5643775600526068,0.561932068914175,62.41916922185585,0.0014446838412174312,-0.005460426146002173,0.64485102891922,1
2024-02-29,0.5863249897956848,104.16000366210938,16091.919921875,0.018259395522346455,0.018259395522346455,0.08395233030057958,0.14808549535713378,-0.04338283539046506,0.17478574156185256,0.5273692511716237,0.5602679933820452,0.5374860982100169,0.5752390649583604,0.5648621933327781,0.5617331840097904,58.616403892992814,0.0017311050140851325,0.009040759717745095,0.6270719766616821,1
2024-03-01,0.6018900275230408,103.86000061035156,16274.9404296875,0.026546775249644217,0.026546775249644217,0.12600892150662046,0.19614144596335215,-0.030735398120682045,0.19174582890570813,0.5940729068481252,0.5698902862412589,0.5407759984334309,0.5750269989172617,0.5654001990954082,0.5615712241828441,62.29901887026164,-0.0028802135292833597,0.011373441373127013,0.6501330137252808,1
2024-03-02,0.64485102891922,103.86000061035156,16274.9404296875,0.07137682870901974,0.07137682870901974,0.1829568264913628,0.27476432518517346,0.033874106668029924,0.2684554567606472,0.7074411940909064,0.5841378654752459,0.5454090654850006,0.5752617551220788,0.5661583993169996,0.561747484356165,76.67242442068948,0.0,0.0,0.5929009914398193,0
2024-03-03,0.6270719766616821,103.86000061035156,16274.9404296875,-0.02757078993474793,0.02757078993474793,0.15605291690534706,0.22856046483058146,0.0043211350327729825,0.24071684401826077,0.6775017752812447,0.5962302940232413,0.5492977321147918,0.5752917329470316,0.5668342934714423,0.5619412042200566,68.58455305447558,0.0,0.0,0.6122530102729797,0
2024-03-04,0.6501330137252808,103.83000183105469,16207.509765625,0.03677574173600884,0.03677574173600884,0.17904806605008017,0.252811969927244,0.04523496896806223,0.2918867745972795,0.7705436886301145,0.6103342941829136,0.5536708652973175,0.5756043553352356,0.5676503489414851,0.5626561592519284,71.23113954244823,-0.0002888386204562554,-0.004143220330287578,0.6286240220069885,0
2024-03-05,0.5929009914398193,103.80000305175781,15939.58984375,-0.08803125064749484,0.08803125064749484,0.011331184104723002,0.17805516042535974,-0.07407396720005255,0.1743939117565978,0.6003978458916717,0.6112832937921796,0.5566579659779867,0.575077333052953,0.5681394822067685,0.5630901642143726,55.698190451460405,-0.0002889220723090169,-0.016530603760192664,0.6219549775123596,1
2024-03-06,0.6122530102729797,103.37000274658203,16031.5400390625,0.03263954540903247,0.03263954540903247,0.06328809277692082,0.20940298691978976,-0.048752990386589534,0.21274249032789583,0.6088719681430257,0.6164892911911011,0.5601915995279948,0.5747286776701609,0.5687361657619476,0.5635532842576504,61.77859907373327,-0.004142584706489538,0.005768667588931464,0.6218050122261047,0
2024-03-07,0.6286240220069885,102.81999969482422,16273.3798828125,0.026738964871254156,0.026738964871254156,0.07214263923160358,0.24442301949213108,-0.06612908338706691,0.24762885051537364,0.6152194711655166,0.6225320100784302,0.5643073002497355,0.5742340776655409,0.5694293270508448,0.5639986692368985,65.84516824285997,-0.005320722038734793,0.015085253391797115,0.6084319949150085,0
2024-03-08,0.6219549775123596,102.73999786376953,16085.1103515625,-0.010608955848261825,0.010608955848261825,0.03333657158582959,0.210526071557964,-0.05594755843741084,0.24937221119949116,0.6713378834337036,0.6253984315054757,0.5679128328959148,0.5738245328267415,0.5701189991500643,0.5644857542216778,65.7764802944723,-0.0007780765540958967,-0.011569172022392493,0.7180359959602356,1
2024-03-09,0.6218050122261047,102.73999786376953,16085.1103515625,-0.00024111919942293447,0.00024111919942293447,-0.035738512710045134,0.20849364090763545,-0.060118364562094406,0.31079067809654237,0.6777336398303282,0.6221061434064593,0.5714887003103892,0.5733826107449002,0.5709380603498883,0.5649901293218136,64.38095161449331,0.0,0.0,0.6882089972496033,1
2024-03-10,0.6084319949150085,102.73999786376953,16085.1103515625,-0.02150676988469402,0.02150676988469402,-0.02972542617181928,0.15664661379464762,-0.01899194015730654,0.2656207273361404,0.6586121566786274,0.6194432888712201,0.5742353995641073,0.5732517328527239,0.5716474713550673,0.5653827793896198,61.90142725046331,0.0,0.0,0.6909499764442444,1
2024-03-11,0.7180359959602356,102.87000274658203,16019.26953125,0.18014174461771626,0.18014174461771626,0.10444475330651004,0.3700049129207541,0.1589656722665589,0.48423546283927066,0.9233897682132872,0.6291437149047852,0.5806995332241058,0.5743460330698226,0.57294892138905,0.5663808943331241,72.04515259677584,0.001265377511345589,-0.004093277501581061,0.669966995716095,0
2024-03-12,0.6882089972496033,102.95999908447266,16265.6396484375,-0.04153969839735461,0.04153969839735461,0.16074860252524625,0.3081731997541417,0.09502681320473871,0.4060662764441969,0.8411845088775258,0.6427591443061829,0.5861036996046702,0.5750096221764882,0.5740530990891987,0.5671907092630863,63.669830938684306,0.0008748550159207724,0.015379609957051343,0.6337370276451111,0
2024-03-13,0.6909499764442444,102.79000091552734,16177.76953125,0.003982771520853801,0.003982771520853801,0.12853667495432441,0.29902963451131703,0.09252851528983497,0.3794858631526137,0.8460827095502337,0.6540015680449349,0.5914054652055104,0.575659822093116,0.5751090712017484,0.5680281092226506,65.76385766338475,-0.00165110888167197,-0.00540219254125307,0.6030600070953369,0
2024-03-14,0.669966995716095,103.36000061035156,16128.5302734375,-0.03036830659743517,0.03036830659743517,0.06576740986943519,0.27652882875823237,0.08850644794108065,0.3402556901970162,0.85813930017881,0.6599077071462359,0.5962431987126668,0.5762650999757979,0.5760539990332392,0.5687587241828441,61.13243189469345,0.005545283488154196,-0.0030436369931828855,0.6192319989204407,0
2024-03-15,0.6337370276451111,103.43000030517578,15973.169921875,-0.054077243062189084,0.054077243062189084,0.018943573986458517,0.17707251405145863,0.022428562609132063,0.2853637252246488,0.7314036643442257,0.6615908571652004,0.5994210660457611,0.5764195667372809,0.5768356435828739,0.5693111692368984,54.01770634974824,0.0006772416254920977,-0.009632641594030877,0.6475650072097778,1
2024-03-16,0.6030600070953369,103.43000030517578,15973.169921875,-0.048406545951348634,0.048406545951348634,-0.03014611455713334,0.07162089939036975,-0.012054058566865034,0.19844284970585768,0.5854062623251832,0.6589129992893764,0.6007645666599274,0.5763378110196855,0.5773904048734241,0.5696261443197728,44.5591566400627,0.0,0.0,0.5844410061836243,0
2024-03-17,0.6192319989204407,103.43000030517578,15973.169921875,0.026816554961083927,0.026816554961083927,0.01775055239647738,0.09606343058405287,0.010941514601985114,0.20437775373167377,0.6537858068924052,0.6604558570044381,0.6025736331939697,0.5764122777514987,0.5779741883277894,0.5700813342630863,48.97501103827073,0.0,0.0,0.6121619939804077,0
2024-03-18,0.6475650072097778,103.58000183105469,16103.4501953125,0.04575507780400967,0.04575507780400967,-0.09814408908040373,0.17763503901553457,0.0695492537507385,0.24208080933955345,0.6669842287392089,0.6503885728972298,0.6058296004931132,0.5768801556693183,0.5786753551827537,0.5707651643455028,49.66882723764528,0.0014502709604207187,0.008156194047562515,0.6406909823417664,0
2024-03-19,0.5844410061836243,103.80999755859375,16166.7900390625,-0.09747901804969616,0.09747901804969616,-0.15077976527578563,0.049448470034405556,-0.0532593072788039,0.15233671153966388,0.5600568954283982,0.6355645741735186,0.6067475338776906,0.5765148447619544,0.5791045884291331,0.5711969943344593,48.92532315264386,0.0022204646019816643,0.003933308886094222,0.6109489798545837,1
2024-03-20,0.6121619939804077,103.41000366210938,16369.41015625,0.047431626979428376,0.047431626979428376,-0.11402848997737014,0.0881003973911545,-0.018829664045944994,0.19443911728232322,0.3032764979964282,0.6243091481072562,0.6083997011184692,0.5763843112521702,0.5796582106086943,0.5717623493075371,49.988678860875424,-0.003853134629529298,0.01253310748131975,0.6175959706306458,0
2024-03-21,0.6406909823417664,104.0,16401.83984375,0.04660365825042012,0.04660365825042012,-0.04369769490366748,0.13815232187494964,0.024446690704144514,0.2611183382773721,0.5165001937066365,0.6201268604823521,0.6109920005003612,0.5765541891256968,0.5803951938947042,0.5724405592679978,51.45689448960693,0.005705408732199935,0.0019811152137096943,0.6329500079154968,0
2024-03-22,0.6109489798545837,104.43000030517578,16428.8203125,-0.04642175917393698,0.04642175917393698,-0.03595820789453463,0.11283152669611707,-0.014924106559793038,0.21608991309663006,0.373382000522688,0.6168714250837054,0.6130568325519562,0.576451344622506,0.5809983104467392,0.5729534292221069,48.741325610100915,0.0041346183189978625,0.0016449659920487747,0.6410340070724487,1
2024-03-23,0.6175959706306458,104.43000030517578,16428.8203125,0.010879780464882804,0.010879780464882804,0.024103676855180556,0.14176370306613828,0.006646864450481793,0.22184698335940967,0.45008935756320456,0.6189479913030352,0.6156128982702891,0.5764966554111904,0.5816212826304965,0.5735143539309502,49.52569148721807,0.0,0.0,0.6322529911994934,1
2024-03-24,0.6329500079154968,104.43000030517578,16428.8203125,0.02486097386479491,0.02486097386479491,0.022153262458936007,0.1841155745901646,-0.020712051705431778,0.2615904956278543,0.42326788026398,0.6209077068737575,0.6188934326171875,0.5763479113578797,0.5823504050572713,0.5741628888249397,52.75060529578983,0.0,0.0,0.6119639873504639,0
2024-03-25,0.6410340070724487,104.2300033569336,16384.470703125,0.012771939419947254,0.012771939419947254,-0.010085474144858164,0.1759546324217145,0.029990272581292166,0.28310216113465203,0.4282747446845243,0.619974706854139,0.6220906337102254,0.576555300421185,0.58313616613547,0.5748437738418579,38.813182215173136,-0.0019151292507683104,-0.0026995005442512765,0.6245539784431458,0
2024-03-26,0.6322529911994934,104.29000091552734,16315.7001953125,-0.013698205986071632,0.013698205986071632,0.08180806019769116,0.16560449502059305,-0.004100133732465205,0.24086745478194715,0.3172184597808556,0.6268049904278347,0.6250849008560181,0.5765263782607184,0.5838179883029726,0.5754807889461517,41.341242054078386,0.0005756265629992541,-0.004197298103708835,0.6307500004768372,0
2024-03-27,0.6119639873504639,104.3499984741211,16399.51953125,-0.032090008479893184,0.032090008479893184,-0.00032345462784511003,0.10982666707454869,-0.03627418559855311,0.1729762805678332,0.1881458202926687,0.6267767037664141,0.6271035333474477,0.5762704445256127,0.5843193494611316,0.5760213339328766,38.40712163763092,0.0005752954076809758,0.005137342249128984,0.6218360066413879,0
2024-03-28,0.6245539784431458,104.55000305175781,16379.4599609375,0.02057309147747577,0.02057309147747577,-0.025186875332065428,0.06532274979394104,0.0018478910406876103,0.21177322560809975,0.14897054281008315,0.6244714174951825,0.6283800661563873,0.5762832442919413,0.5849257326788373,0.576655033826828,43.16630957181625,0.0019166706330744354,-0.0012231803666122865,0.6292250156402588,0
2024-03-29,0.6307500004768372,104.55000305175781,16379.4599609375,0.009920715018318482,0.009920715018318482,0.03241026873793351,0.09541146188408756,0.014321931069200877,0.20325289686360537,0.18062924101641697,0.627300134726933,0.6302113652229309,0.5763821999231974,0.5855176548163096,0.5774369138479233,49.50585024247002,0.0,0.0,0.6112579703330994,0
2024-03-30,0.6218360066413879,104.55000305175781,16379.4599609375,-0.01413237230076958,0.01413237230076958,0.00686538807306758,0.06056541587640263,0.011212467037407636,0.21255308498141479,0.15477291954294237,0.6279058541570391,0.6313950657844544,0.5764588110976749,0.5861232327090369,0.5781424038112164,53.34716647607843,0.0,0.0,0.5854660272598267,0
2024-03-31,0.6292250156402588,104.55000305175781,16379.4599609375,0.011882568587142206,0.011882568587142206,-0.005885128728421396,0.04541525339721897,-0.0013601333910761015,0.16872252670455512,0.2224109044073006,0.6273737124034336,0.6323062320550282,0.5764492889245351,0.5866278883483674,0.5788696539402008,51.839026925447094,0.0,0.0,0.5749170184135437,0
2024-04-01,0.6112579703330994,105.0199966430664,16396.830078125,-0.028554245080159912,0.028554245080159912,-0.04645001109275648,-0.052094293223697075,-0.02255493549755283,0.14697387871446232,0.17786763056522603,0.6231199928692409,0.6311864634354909,0.5762925664583842,0.5870630380180147,0.5794786587357521,43.053334583236115,0.0044953952901936045,0.001060481678206937,0.5936560034751892,0
2024-04-02,0.5854660272598267,104.81999969482422,16240.4501953125,-0.04219485769521769,0.04219485769521769,-0.07400038369277429,-0.06634955946102294,0.004953924005046018,0.11865512063835104,0.17809483790040193,0.6164361408778599,0.6297995984554291,0.5763246337572734,0.5874080383115344,0.5799016138911247,50.22880442404005,-0.0019043701641119348,-0.009537202134034861,0.5875229835510254,0
2024-04-03,0.5749170184135437,104.25,16277.4599609375,-0.018018140003196792,0.018018140003196792,-0.06053782526863605,-0.115693240804289,-0.022625659971658107,0.09259719072855699,0.14188876587313604,0.6111437167440142,0.6272923986117045,0.5761767559581332,0.5876787271764543,0.5802767990529537,40.99593217701298,-0.005437890636173726,0.0022788632814920717,0.5933399796485901,1
2024-04-04,0.5936560034751892,104.12000274658203,16049.080078125,0.03259424310199566,0.03259424310199566,-0.04947206492059719,0.0012734200925121897,0.0297839188654061,0.13747683051759174,0.17268857231196577,0.6067297203200204,0.6273175656795502,0.5763675338692136,0.5880773382054435,0.5807798740267753,38.064190393100816,-0.0012469760519708828,-0.014030437387686057,0.59483402967453,0
2024-04-05,0.5875229835510254,104.30000305175781,16248.51953125,-0.010330932203602594,0.010330932203602594,-0.06853272595027005,-0.04039184178274302,0.03343985756416212,0.13429959962918048,0.1673461876027289,0.6005544321877616,0.6264932314554851,0.576578766769833,0.5884637935294046,0.581201474070549,43.24603644589773,0.0017287773763690062,0.01242684640827707,0.6154900193214417,1
2024-04-06,0.5933399796485901,104.30000305175781,16248.51953125,0.00990088262148725,0.00990088262148725,-0.04582563037272214,-0.056129007360788075,0.07539583855028775,0.17907025058665726,0.1549511199597171,0.5964835711887905,0.6253170967102051,0.5770409776104821,0.5889644212192959,0.5815974190831185,42.97310999126966,0.0,0.0,0.6138169765472412,1
2024-04-07,0.59483402967453,104.30000305175781,16248.51953125,0.0025180336353278765,0.0025180336353278765,-0.054656100935107754,-0.04360596637767178,0.02926173524812814,0.19580015363801073,0.1762214351405449,0.5915705731936863,0.6244130651156108,0.5772288779417674,0.5895055214564006,0.5819648143649101,37.99376369636171,0.0,0.0,0.6175609827041626,1
2024-04-08,0.6154900193214417,104.13999938964844,16253.9599609375,0.034725635414997624,0.034725635414997624,0.006923507248561611,-0.010155905437389423,0.08622341878061834,0.2590879503173902,0.21678265892384663,0.5921751516205924,0.624202565352122,0.5777717338667976,0.5902091438571612,0.5825063693523407,42.54434264809906,-0.0015340714997867932,0.0003348261776734418,0.6088799834251404,0
2024-04-09,0.6138169765472412,104.1500015258789,16306.6396484375,-0.002718228926027022,0.002718228926027022,0.04842458480487122,0.008850589182090696,0.02304705525302886,0.27071108756237794,0.18424785471553196,0.5962252872330802,0.6243820647398631,0.5779253780841828,0.5909356271227201,0.58301290422678,44.38604509168949,9.604509591976118e-05,0.0032410371150539685,0.5484139919281006,0
2024-04-10,0.6175609827041626,105.25,16170.3603515625,0.00609954807372981,0.00609954807372981,0.07417412065534768,-0.13993032914973424,0.025686934129837136,0.2714891018505212,0.1933130865022803,0.6023172821317401,0.6210328976313273,0.5780972222487132,0.5916681937045521,0.5835605391860008,51.89531924650656,0.010561675064860943,-0.008357288798496176,0.4808189868927002,0
2024-04-11,0.6088799834251404,105.27999877929688,16442.19921875,-0.014056910203442685,0.014056910203442685,0.025644447054913755,-0.11526878338048152,0.06765039407276108,0.25084478431665946,0.20304665971280156,0.6044921364103045,0.6183885971705119,0.5785258995162116,0.5923465546634462,0.5840929991006851,44.547952294427084,0.00028502403132413257,0.016810934405752542,0.5042579770088196,0
2024-04-12,0.5484139919281006,106.04000091552734,16175.08984375,-0.09930691292707583,0.09930691292707583,-0.06656589225930809,-0.20628987535343757,-0.046365915826027004,0.12415394704569116,0.068424943950673,0.5989051376070295,0.6136373976866404,0.578229632642534,0.5926830435792605,0.584307764172554,29.20955713586936,0.007218865359446713,-0.0162453557122334,0.4977310001850128,0
2024-04-13,0.4808189868927002,106.04000091552734,16175.08984375,-0.12325543481804957,0.12325543481804957,-0.18963999834046452,-0.2823243682641765,-0.16558239047472656,-0.03445541070305913,-0.0823942822458602,0.5828307100704738,0.6073324640591939,0.577169476615058,0.5925877213478088,0.5842033192515373,22.532193973523135,0.0,0.0,0.49669501185417175,1
2024-04-14,0.5042579770088196,106.04000091552734,16175.08984375,0.04874805437196694,0.04874805437196694,-0.152271134715124,-0.2043103763676548,-0.12443049474381651,0.025552424027547316,-0.031100367504195425,0.5698912739753723,0.6030164957046509,0.5763732320732541,0.5926575212015046,0.5842266240715981,27.090871462965893,0.0,0.0,0.4948410093784332,0
2024-04-15,0.4977310001850128,106.20999908447266,15885.01953125,-0.01294372547663758,0.01294372547663758,-0.19132563557448823,-0.17465758908080398,-0.13580414222107973,0.019274266327182765,-0.0453804204306919,0.5530685569558825,0.5995055288076401,0.5755041655566957,0.5927098100384076,0.5841676540672779,28.276923852475747,0.0016031513341907555,-0.01793315000423834,0.5029829740524292,0
2024-04-16,0.49669501185417175,106.26000213623047,15865.25,-0.0020814221546497924,0.0020814221546497924,-0.19080926264354536,-0.19788542465489178,-0.12549540844029272,-0.04505051005107219,-0.028235611445353248,0.5363368477140155,0.5954209625720978,0.5747121877140469,0.592579632335239,0.5840425342321396,31.236235032477794,0.00047079420194751087,-0.0012445393102040736,0.503786027431488,0
2024-04-17,0.4948410093784332,105.94999694824219,15683.3701171875,-0.003732677863660272,0.003732677863660272,-0.19871717411350343,-0.23584350008256372,-0.10339784283386633,-0.04101327798615495,-0.07030906701390427,0.518805422953197,0.5903301626443863,0.5740781211190753,0.5924620600210295,0.583939714282751,32.428222932849636,-0.0029174212474684103,-0.011464041399442126,0.5292930006980896,1
2024-04-18,0.5029829740524292,106.1500015258789,15601.5,0.016453698298415143,0.016453698298415143,-0.1739209897770122,-0.13937768101371373,-0.07583379877561303,-0.0350316512075578,0.023157046011521354,0.5036772787570953,0.5876148949066798,0.5736195322540071,0.5923606155647172,0.5838336090743542,29.13231337010366,0.0018877261292835623,-0.005220186514490188,0.5246800184249878,1
2024-04-19,0.503786027431488,106.1500015258789,15282.009765625,0.0015965816349383655,0.0015965816349383655,-0.08137641481339786,-0.17703805138936513,-0.08920201200140432,-0.035792197403636816,0.06091935339116916,0.49730185525757925,0.5840023626883825,0.5730713105863995,0.5922567213575045,0.5837883792817593,30.243920343035924,0.0,-0.020478174173957586,0.556833028793335,1
2024-04-20,0.5292930006980896,106.1500015258789,15282.009765625,0.050630569086337784,0.050630569086337784,0.10081551504164477,-0.17387162409639356,-0.03079591391695158,-0.032141080567579805,0.1777874835502189,0.5042267143726349,0.5802890966335933,0.5728844440645642,0.592159071399106,0.5837429092824459,36.1739488698725,0.0,0.0,0.5451589822769165,1
2024-04-21,0.5246800184249878,106.1500015258789,15282.009765625,-0.008715366095938704,0.008715366095938704,0.04049919356220921,-0.14120485388179127,-0.003865414150869495,-0.06060884817341705,0.11005568708597946,0.507144148860659,0.57741346458594,0.5728618221150504,0.5919710048370891,0.5837016542255878,35.05682522238496,0.0,0.0,0.5274040102958679,0
2024-04-22,0.556833028793335,106.08000183105469,15451.3095703125,0.06128117946032274,0.06128117946032274,0.11874291250967528,-0.09838623424836135,0.07551335828099437,0.002749855659143652,0.19744916283351488,0.515587295804705,0.575388033191363,0.573296222752995,0.5919794882337253,0.5838689894974232,38.089128233034074,-0.0006594412983325082,0.011078373020564358,0.5255119800567627,0
2024-04-23,0.5451589822769165,105.69000244140625,15696.6396484375,-0.02096507554825955,0.02096507554825955,0.09757289537059743,-0.138701357991453,0.052454795793563935,-0.015395092331907168,0.1818575227387642,0.5225107201508113,0.5724616656700771,0.5735981222656038,0.5919321326745881,0.5839638192951679,36.60248115037988,-0.003676464771084409,0.015877623641452843,0.5261120200157166,0
2024-04-24,0.5274040102958679,105.86000061035156,15712.75,-0.03256842968429685,0.03256842968429685,0.06580497634651761,-0.17726048153906837,0.02686494727383315,-0.03424783798134823,0.12214814892315773,0.5271625774247306,0.5686739991108577,0.573751433359252,0.5918282272087203,0.5839913092553616,33.31939775357425,0.0016084602613153365,0.0010263567185926359,0.5177749991416931,0
2024-04-25,0.5255119800567627,105.5999984741211,15611.759765625,-0.0035874399931919987,0.0035874399931919987,0.044790792465243756,-0.16882642332814357,-0.012546353592088444,-0.03644915713339125,0.13738073656024508,0.5303810068539211,0.5651159654061,0.573677244120174,0.5917177880803745,0.5840290640294552,34.1780017366288,-0.0024560942256884877,-0.006427279398895758,0.5103769898414612,0
2024-04-26,0.5261120200157166,105.94000244140625,15927.900390625,0.0011418197524042384,0.0011418197524042384,0.04431641881386783,-0.14028924758538286,-0.007822589356660803,-0.05442539279607295,0.12689669286459004,0.5335704343659537,0.5622542331616084,0.5736311551597383,0.5915495549639066,0.584143489152193,44.52282331393452,0.0032197345852091885,0.02025015947888842,0.5154320001602173,0
2024-04-27,0.5177749991416931,105.94000244140625,15927.900390625,-0.015846474813052902,0.015846474813052902,-0.02176110687503008,-0.1709683758121684,-0.012056971821839513,-0.10565620402778975,0.07808921764088739,0.5319250055721828,0.55869493385156,0.573560944199562,0.5912097270290056,0.584245184212923,62.80242743104452,0.0,0.0,0.50006502866745,0
2024-04-28,0.5103769898414612,105.94000244140625,15927.900390625,-0.01428807747090044,0.01428807747090044,-0.02726047892287231,-0.19084107894471003,-0.04618482507197863,-0.14977131009334566,0.06682148133944965,0.5298817157745361,0.5546825001637141,0.5732863548729155,0.5907102546758122,0.5843528792262077,52.384816344052844,0.0,0.0,0.5170000195503235,0
2024-04-29,0.5154320001602173,105.58000183105469,15983.080078125,0.009904463601163371,0.009904463601163371,-0.07435088526058575,-0.17111264922703928,0.009269626104577933,-0.15438908756407832,0.09124937408636802,0.5239672831126622,0.5511356999476751,0.573338954647382,0.5901874434616831,0.5845147892832756,56.97883813361226,-0.0033981555791512408,0.003464341573386376,0.5183290243148804,0
2024-04-30,0.50006502866745,106.22000122070312,15657.8203125,-0.029813770755387048,0.029813770755387048,-0.08271706983736504,-0.2052683599068037,-0.006216286839723084,-0.17540752939890658,0.07548730360275524,0.5175252897398812,0.5468303670485815,0.5733041991790135,0.5895964769853486,0.5845866194367408,51.1937707167185,0.006061748234031494,-0.020350255647543336,0.5318940281867981,1
2024-05-01,0.5170000195503235,105.76000213623047,15605.48046875,0.03386557729901862,0.03386557729901862,-0.019726794909481038,-0.15420322573693535,0.022023927212107663,-0.15660957441936463,0.11194515128259308,0.5160390053476606,0.5436884353558222,0.5734279880921046,0.5890631326370769,0.5847377444803715,57.09174218297695,-0.004330625863173121,-0.003342728598578648,0.5304049849510193,1
2024-05-02,0.5183290243148804,105.30000305175781,15840.9599609375,0.0025706087317227677,0.0025706087317227677,-0.013668490946879053,-0.11467275609341421,0.015511090828153495,-0.15880803865251703,0.11830794176904513,0.515012868813106,0.5414505352576574,0.5735159552759594,0.5885194939043786,0.5848901596665382,55.135270980764474,-0.004349461754739048,0.015089538105478306,0.5297840237617493,1
2024-05-03,0.5318940281867981,105.02999877929688,16156.330078125,0.026170643038652353,0.026170643038652353,0.010990070462387092,-0.07483339133961542,0.024964416784435173,-0.1954980821668837,0.15235081502755077,0.5158388699804034,0.5400164355834325,0.5736598998308182,0.5878014218476083,0.5850597448647022,58.665676809032206,-0.002564143063967683,0.019908523092361685,0.5405470132827759,0
2024-05-04,0.5304049849510193,105.02999877929688,16156.330078125,-0.002799511099710772,0.002799511099710772,0.024392807358915913,-0.10654489831469105,0.053879717960138906,-0.2587108391993158,0.13382854796240484,0.51764315366745,0.5379080682992935,0.5739611999856101,0.586773021850321,0.5852532997727394,50.402420042312784,0.0,0.0,0.5247439742088318,0
2024-05-05,0.5297840237617493,105.02999877929688,16156.330078125,-0.0011707303039909522,0.0011707303039909522,0.03802489984181401,-0.0982752358729837,0.04649935567351693,-0.228172403148165,0.15283465411527142,0.520415587084634,0.5359834363063176,0.5742227557632659,0.5859029218554497,0.5854606248438359,51.90206490356957,0.0,0.0,0.5172299742698669,0
2024-05-06,0.5405470132827759,105.05000305175781,16349.25,0.020315806136628423,0.020315806136628423,0.048726142565366226,-0.08897591292783136,0.07006592636914344,-0.2144080041580042,0.20024473739169646,0.5240034461021423,0.5342236707607905,0.574616022573577,0.5850833162665368,0.5855627249181271,42.77974733317267,0.0001904624649475828,0.011940825728499194,0.521028995513916,0
2024-05-07,0.5247439742088318,105.41000366210938,16332.5595703125,-0.029235272206891372,0.029235272206891372,0.04935147256176897,-0.1178312806078845,0.0213219358954444,-0.2138372434850352,0.22342184709712676,0.5275290097509112,0.5318873355786006,0.574737744530042,0.5842903662059042,0.5856064246594905,41.268853156073,0.0034269452631447983,-0.0010208682164319915,0.5023379921913147,0
2024-05-08,0.5172299742698669,105.55000305175781,16302.759765625,-0.014319363934181206,0.014319363934181206,0.0004447866747538942,-0.15964522895091504,0.0052494310944255496,-0.21700034712042982,0.20317376202178372,0.5275618604251316,0.5286120007435481,0.5747677554686864,0.583494005103906,0.5855863596498966,45.230985351984856,0.0013281413982035861,-0.001824564273542717,0.5059750080108643,0
2024-05-09,0.521028995513916,105.2300033569336,16346.259765625,0.0073449363591346906,0.0073449363591346906,0.005208990954354675,-0.1511655502838377,-0.00950898640006459,-0.21381999286256992,0.20924028090500424,0.5279475705964225,0.5255190680424372,0.5747121774488025,0.582706749604808,0.5855790697038173,47.93553756392774,-0.003031735533605806,0.0026682598912928235,0.49947500228881836,0
2024-05-10,0.5023379921913147,105.30999755859375,16340.8701171875,-0.035873249825886355,0.035873249825886355,-0.05556752741939697,-0.18657751014047552,-0.0415445449520877,-0.2406490218882662,0.19071582116585928,0.5237252797399249,0.521678301692009,0.5744702441824807,0.5818223163485527,0.5853564096987247,40.6154710545931,0.0007601843495985694,-0.00032971753262078796,0.5049020051956177,0
2024-05-11,0.5059750080108643,105.30999755859375,16340.8701171875,0.007240176685987976,0.007240176685987976,-0.046059101315593876,-0.16900699352178317,-0.03822392925627882,-0.24652727696033028,0.17472453550936318,0.5202352830341884,0.5182481358448664,0.5742468108733495,0.5809025997916858,0.585093624740839,45.162592467883954,0.0,0.0,0.49988698959350586,0
2024-05-12,0.49947500228881836,105.30999755859375,16340.8701171875,-0.012846495615661535,0.012846495615661535,-0.0572101462360467,-0.08923731042532979,-0.0609554211003871,-0.2067708175567201,0.17550357607804346,0.5159054228237697,0.5166168361902237,0.5738865663607915,0.5801792775591215,0.5848144696652889,45.49757899945106,0.0,0.0,0.5190039873123169,1
2024-05-13,0.5049020051956177,105.22000122070312,16388.240234375,0.010865414449032107,0.010865414449032107,-0.06594247532824915,0.05008749437819482,-0.037979528168926135,-0.2228068171444274,0.18560564442817773,0.5108132788113185,0.5174196034669876,0.5736650887462827,0.5793751330839263,0.584570564776659,45.664529656537226,-0.0008545849394835381,0.0028988736124690995,0.5156980156898499,1
2024-05-14,0.49988698959350586,105.01000213623047,16511.1796875,-0.009932651386814761,0.009932651386814761,-0.04736973807617961,-0.008668157202473492,-0.07153407499499054,-0.18341537270671515,0.16915673399969333,0.5072622810091291,0.5172739038864772,0.5732371552122963,0.5787513496147262,0.5843394647538662,49.91986581884148,-0.001995809561265549,0.007501687268846036,0.5238040089607239,1
2024-05-15,0.5190039873123169,104.3499984741211,16742.390625,0.03824263906999548,0.03824263906999548,0.003429834175705304,0.04273992803220339,-0.0777443154460612,-0.15432687904574605,0.17575472951587345,0.5075157114437648,0.5179830034573872,0.5727510329749849,0.5782251661022504,0.5842075295746326,50.88459694678421,-0.006285150449317656,0.0140032960621852,0.5213900208473206,0
2024-05-16,0.5156980156898499,104.45999908447266,16698.3203125,-0.00636983858175566,0.00636983858175566,-0.010231637528748228,0.038258898080614,-0.087195530580086,-0.1562380717862698,0.14960023316271975,0.5067541428974697,0.5186164369185765,0.572203677561548,0.5776946605907546,0.5840040497481823,48.85853557621443,0.0010541505698138387,-0.0026322592446381687,0.5096610188484192,0
2024-05-17,0.5238040089607239,104.44999694824219,16685.970703125,0.0157184883871051,0.0157184883871051,0.042732218353163764,0.05852990967476779,-0.04743161279385222,-0.16525122424813965,0.13796472674033033,0.509820716721671,0.5195818702379863,0.5719138777918286,0.5771185773942206,0.5837283496558666,46.31561974398704,-9.575087419233519e-05,-0.0007395719535787659,0.5373330116271973,1
2024-05-18,0.5213900208473206,104.44999694824219,16685.970703125,-0.004608571282592733,0.004608571282592733,0.030465956998661392,0.0365957651540163,-0.06376870568607473,-0.14922606322269205,0.1141241059755318,0.5120228614125933,0.5201954384644826,0.571519289082951,0.5766105107135243,0.5833338896930218,45.928678795083165,0.0,0.0,0.5369830131530762,1
2024-05-19,0.5096610188484192,104.44999694824219,16685.970703125,-0.02249563959785872,0.02249563959785872,0.020393446144299388,0.011661679953460125,-0.09409214783514575,-0.12197346705911438,0.08650958620872373,0.5134780066353934,0.5203912715117137,0.5709311117728552,0.5762171720465025,0.5828345046937465,41.74075186733849,0.0,0.0,0.5265100002288818,1
2024-05-20,0.5373330116271973,104.56999969482422,16794.869140625,0.05429489750129024,0.05429489750129024,0.06423227893304695,0.015190094935137344,-0.045457433210253306,-0.1218599874030315,0.1743700672774986,0.5181110075541905,0.5206592718760172,0.5706467896699905,0.5758029164539443,0.5824889747798443,48.84163464380727,0.001148901389068424,0.0065263471593897115,0.5282859802246094,0
2024-05-21,0.5369830131530762,104.66000366210938,16832.619140625,-0.0006513623145192327,0.0006513623145192327,0.0742088198569355,0.02344856730969136,-0.021896023986731183,-0.13423629248465352,0.16330559472195283,0.523410439491272,0.5210693717002869,0.570513222946061,0.5753403665290938,0.5821088798344135,54.964039560110145,0.0008607054370071143,0.002247710278890258,0.5357530117034912,0
2024-05-22,0.5265100002288818,104.94000244140625,16801.5390625,-0.019503434312937662,0.019503434312937662,0.014462341523492128,-0.054456231933948995,-0.026628999945013998,-0.15335893309123982,0.1312335042064734,0.5244827270507812,0.5200586040814718,0.5703531785143746,0.5748105275962088,0.5816605098545551,53.6756647775214,0.0026753178817080503,-0.0018464196133320954,0.5418090224266052,1
2024-05-23,0.5282859802246094,105.11000061035156,16736.029296875,0.0033731173101279044,0.0033731173101279044,0.02440956558252516,-0.030950608172748417,-0.011688681256629141,-0.1526328545253166,0.164628550584629,0.5262810076986041,0.5194961706797282,0.5702837563223309,0.5742818718155225,0.5809962047636509,52.92118613324325,0.001619955831811959,-0.003899033617177028,0.5282109975814819,0
2024-05-24,0.5357530117034912,104.72000122070312,16920.7890625,0.014134449442908092,0.014134449442908092,0.022811972681299864,0.01583037148871802,-0.017179698743499894,-0.1314259275686751,0.18076449936540984,0.5279880080904279,0.519774470726649,0.5701797011825773,0.5738315050800641,0.5800973848998546,64.78684518851406,-0.003710392801672513,0.011039641622729413,0.5337719917297363,0
2024-05-25,0.5418090224266052,104.72000122070312,16920.7890625,0.011303736219528071,0.011303736219528071,0.03916262445165586,0.031011742811424048,-0.0011355568519604287,-0.10319233267939387,0.15489838916012122,0.53090500831604,0.5203177054723104,0.5701728572448095,0.5734851497742864,0.5793744198977947,65.52492608038838,0.0,0.0,0.5282350182533264,0
2024-05-26,0.5282109975814819,104.72000122070312,16920.7890625,-0.025097449991182685,0.025097449991182685,0.03639669907456633,0.003989601997123504,-0.042063482369173344,-0.13609422693149775,0.11851049541922887,0.5335550052779061,0.5203876713911693,0.5699151459667418,0.5730228664146529,0.5785750947892666,61.728401068451966,0.0,0.0,0.523248016834259,0
2024-05-27,0.5337719917297363,104.72000122070312,16920.7890625,0.010527978731447174,0.010527978731447174,-0.0066272122136645795,0.03089564504767739,-0.08952714157712194,-0.12404205635130072,0.1053720326757912,0.5330462881496975,0.5209209044774373,0.5693319681617949,0.5726029440760613,0.5779065798223019,61.770214983004124,0.0,0.0,0.5188609957695007,0
2024-05-28,0.5282350182533264,104.61000061035156,17019.880859375,-0.010373293395306904,0.010373293395306904,-0.016291008626852066,0.03498987761460892,-0.0826243470062541,-0.1288396863107919,0.06897491314734805,0.5317965745925903,0.5215161720911662,0.5688033458259371,0.5721689275569386,0.5772448800504207,61.50843409644706,-0.0010504259842371022,0.005856216072961384,0.517799973487854,0
2024-05-29,0.523248016834259,105.0999984741211,16920.580078125,-0.009440876213692717,0.009440876213692717,-0.006195482314115153,0.015164011298507196,-0.1075802226737872,-0.14629592297272576,0.0025098590593886083,0.531330576964787,0.5217767059803009,0.5681024905708101,0.5716707777645853,0.5765474452078343,51.94623160382954,0.004684044172742707,-0.005834399316332561,0.5183129906654358,0
2024-05-30,0.5188609957695007,104.72000122070312,16737.080078125,-0.008384209635997397,0.008384209635997397,-0.017840686309906317,0.03758704573310667,-0.13794717964547376,-0.16444271628012697,0.002850824113506789,0.5299841506140572,0.5224032382170359,0.5671799457735486,0.5711034723454051,0.5758340702950955,51.43624248263767,-0.003615578105945816,-0.010844781866387043,0.5134819746017456,0
2024-05-31,0.517799973487854,104.66999816894531,16735.01953125,-0.0020449066133274574,0.0020449066133274574,-0.033509915620545616,0.001547299627234544,-0.19702388572490215,-0.16982378717806723,0.020663543235769355,0.5274194308689663,0.522429903348287,0.5657682673798667,0.5705150112509727,0.5750654502213002,47.08734411098806,-0.00047749284926412727,-0.00012311268544940024,0.5200999975204468,0
2024-06-01,0.5183129906654358,104.66999816894531,16735.01953125,0.0009907632364793972,0.0009907632364793972,-0.043365892387575156,-3.093334290082961e-05,-0.17343939777893147,-0.16986771780396415,-0.013464357888128164,0.5240628549030849,0.5224293688933055,0.5645598342021306,0.5699257835745811,0.5745086501538753,48.47923351295173,0.0,0.0,0.5257650017738342,0
2024-06-02,0.5134819746017456,104.66999816894531,16735.01953125,-0.009320654026996111,0.009320654026996111,-0.027884733652226212,-0.03461601862276653,-0.2101893554682307,-0.17446229547219083,-0.011300702010176633,0.5219587087631226,0.5218156337738037,0.5630414893229803,0.569322922329108,0.5738278199732304,52.026621597612,0.0,0.0,0.5257109999656677,1
2024-06-03,0.5200999975204468,104.13999938964844,16828.669921875,0.012888520427292605,0.012888520427292605,-0.025613922088688512,-0.019428526735140172,-0.12278777564965837,-0.18776636518367062,-0.02950308054803108,0.5200055667332241,0.5214721341927846,0.5622325893905428,0.568654961221748,0.5733674798905849,38.23124754751511,-0.005063521434684803,0.005596072980382338,0.5215780138969421,0
2024-06-04,0.5257650017738342,104.11000061035156,16857.05078125,0.010892144357614209,0.010892144357614209,-0.004675980187113682,-0.0075861517291100355,-0.14126187547952418,-0.18312792700886882,0.03011599920121366,0.5196527072361538,0.5213381667931875,0.56127161151833,0.5680001445942455,0.5729277198016643,42.85751151598044,-0.00028806202681674886,0.0016864588530618452,0.4989509880542755,0
2024-06-05,0.5257109999656677,104.2699966430664,17187.900390625,-0.0001027109221501954,0.0001027109221501954,0.004707104570238263,-0.027446295978971635,-0.1637115643668111,-0.21901455206243803,-0.00896006824492801,0.5200045619692121,0.5208436330159505,0.5601281334956487,0.5671811055805948,0.5725003297626973,49.41345829887592,0.0015367979231279971,0.01962677894658782,0.4931449890136719,0
2024-06-06,0.5215780138969421,104.0999984741211,17173.119140625,-0.00786170741908676,0.00786170741908676,0.005236504862756064,-0.006033342863370761,-0.1613894369282104,-0.20830765041189936,0.00375273388315156,0.5203927074159894,0.5207381010055542,0.5590128338999218,0.5664186833633317,0.5719707249104977,45.240425321355126,-0.0016303651521850648,-0.0008599799663757679,0.49858298897743225,0
2024-06-07,0.4989509880542755,104.88999938964844,17133.130859375,-0.04338186280823075,0.04338186280823075,-0.03640205947986719,-0.0353401525914937,-0.19757644559988885,-0.24581683737652638,-0.048794648711164124,0.5176999952111926,0.5201288014650345,0.5576477891869015,0.5655151999659008,0.5714012697339058,28.510550768602144,0.00758886577432305,-0.002328539208430902,0.4966279864311218,0
2024-06-08,0.4931449890136719,104.88999938964844,17133.130859375,-0.011636411550651315,0.011636411550651315,-0.048557535900174864,-0.05351718760438817,-0.18948215554877423,-0.204875461947021,-0.08323222249923823,0.5141045664037976,0.519199334581693,0.5563668224546644,0.5648092776536942,0.5709646847844124,21.500872307940412,0.0,0.0,0.480320006608963,0
2024-06-09,0.49858298897743225,104.88999938964844,17133.130859375,0.011027182846644834,0.011027182846644834,-0.02901559618693328,-0.007475053195762138,-0.3056295341981108,-0.1952484662998697,-0.018921697964055073,0.5119761398860386,0.519074167807897,0.553928455710411,0.5641372443901168,0.5703981046378612,30.815369610835006,0.0,0.0,0.49154001474380493,0
2024-06-10,0.4966279864311218,105.1500015258789,17192.529296875,-0.003921117626415671,0.003921117626415671,-0.045129804270768514,-0.01847328708287055,-0.2783762077859,-0.20980259847907556,-0.04718343368626965,0.5086229954447065,0.5187626004219055,0.551799777812428,0.5634046999944581,0.5697800345718861,24.77044645936944,0.002478807681794315,0.0034668758435063562,0.4770050048828125,0
2024-06-11,0.480320006608963,105.2300033569336,17343.55078125,-0.032837416069423586,0.032837416069423586,-0.08643594573915758,-0.038350258956061034,-0.30484112745646497,-0.24051910908945595,-0.08635950583522811,0.5021308532782963,0.5181241005659103,0.5494594448142581,0.562559633453687,0.5690722295641899,21.608644686937012,0.0007608352819186148,0.008784134188007497,0.47427499294281006,0
2024-06-12,0.49154001474380493,104.6500015258789,17608.439453125,0.0233594436635165,0.0233594436635165,-0.0649995629235347,-0.026464522450521444,-0.26632204588164554,-0.2013868162299508,-0.05488703062656475,0.49724928396088736,0.5176787008841832,0.547476922803455,0.5618710113896264,0.5684127095341682,32.50421302307592,-0.005511753421572729,0.015273035793879508,0.49069100618362427,0
2024-06-13,0.4770050048828125,105.19999694824219,17667.560546875,-0.029570349157775455,0.029570349157775455,-0.08545799061027282,-0.045774315369360496,-0.24731397397544452,-0.23043230831573402,-0.006694817373422479,0.49088171124458313,0.5169159680604934,0.5457354558838738,0.5610775113105774,0.5677136394381523,29.23070188773889,0.0052555701322878345,0.0033575430637895476,0.4888319969177246,1
2024-06-14,0.47427499294281006,105.55000305175781,17688.880859375,-0.005723235421131734,0.005723235421131734,-0.0494557495670922,-0.08618237135544515,-0.21355256962375124,-0.2230324530092671,-0.01216995289969569,0.4873565690858023,0.51542500158151,0.544304511282179,0.5603211611509323,0.5670642495155335,28.754432536417497,0.0033270543124428453,0.0012067490836344952,0.5051599740982056,1
2024-06-15,0.49069100618362427,105.55000305175781,17688.880859375,0.03461285854216167,0.03461285854216167,-0.004976189325082148,-0.04849157597159581,-0.20758131517898426,-0.1989110545681293,0.031420347915836366,0.48700600011008127,0.5145914345979691,0.5428762780295477,0.5596442778905233,0.566460594534874,38.32900999823708,0.0,0.0,0.49094799160957336,0
2024-06-16,0.4888319969177246,105.55000305175781,17688.880859375,-0.003788553779206616,0.003788553779206616,-0.019557410251212937,-0.06676545319381388,-0.24512289658145758,-0.19262175736517884,0.018845734113642987,0.48561300124440876,0.5134257008632024,0.5411125779151916,0.558996366792255,0.5658579644560814,39.3164411249256,0.0,0.0,0.49324101209640503,0
2024-06-17,0.5051599740982056,105.31999969482422,17857.01953125,0.033402022133238285,0.033402022133238285,0.017179836618545163,-0.03112841845867942,-0.13565275407884292,-0.18168728964494563,0.03607044764332534,0.4868318566254207,0.5128846993048986,0.540231677558687,0.5583732611603207,0.5653519743680954,44.02752771881734,-0.0021790937970964652,0.00950533124235986,0.4887160062789917,0
2024-06-18,0.49094799160957336,105.26000213623047,17862.23046875,-0.02813362739992009,0.02813362739992009,0.02212688385737538,-0.03671661466503362,-0.19800968299693855,-0.21311089123420712,-0.004959533605237487,0.48835014019693646,0.5122609317302704,0.5388848553101222,0.5576345832811461,0.564742139428854,36.97173038402151,-0.0005696691869312431,0.0002918145153441021,0.4889560043811798,0
2024-06-19,0.49324101209640503,105.26000213623047,17862.23046875,0.004670597550086697,0.004670597550086697,0.0034605470594020193,-0.08205712021539324,-0.23014210330606233,-0.21132162541944233,0.000752752468516027,0.4885931398187365,0.5107911984125774,0.5372465223073959,0.5569003557165464,0.5641034646332264,38.050205474974696,0.0,0.0,0.4866209924221039,0
2024-06-20,0.4887160062789917,105.58999633789062,17721.58984375,-0.009174025894928883,0.009174025894928883,0.024551108009980505,-0.08988553770196295,-0.20007067301214831,-0.2120089035284186,-0.023924712878208187,0.49026614001819063,0.5091822981834412,0.535888378156556,0.5561698613895311,0.5634284298121929,37.94072871872717,0.003135038903315568,-0.007873631753103294,0.4794889986515045,0
2024-06-21,0.4889560043811798,105.80000305175781,17689.359375,0.0004910788660583698,0.0004910788660583698,0.030954639516783455,-0.07132627268499503,-0.20829145973557406,-0.2030290803841477,-0.01216020249744032,0.4923634273665292,0.5079304983218511,0.5344590451982286,0.5554778503047095,0.5627513399720192,45.61103846544434,0.001988888352596918,-0.001818712036232295,0.47414299845695496,0
2024-06-22,0.4866209924221039,105.80000305175781,17689.359375,-0.004775505235959043,0.004775505235959043,-0.008294453556781378,-0.07886824440200169,-0.23118573925814512,-0.24710945997850375,-0.020027559733261202,0.4917819968291691,0.5065416653951009,0.532833167248302,0.5545905393030909,0.5620744599401951,47.04513163269135,0.0,0.0,0.4756850004196167,0
2024-06-23,0.4794889986515045,105.80000305175781,17689.359375,-0.014656157218168153,0.014656157218168153,-0.01911290243914332,-0.10501856606104465,-0.25200692418598414,-0.22957440795340267,-0.01605539695995062,0.4904472827911377,0.504666198293368,0.5310382227102916,0.5537967615657382,0.5612702399492264,41.48259129764294,0.0,0.0,0.46959999203681946,0
2024-06-24,0.47414299845695496,105.47000122070312,17496.8203125,-0.011149369869974946,0.011149369869974946,-0.06140030333286217,-0.1248890682303403,-0.25007393392093946,-0.2531487310813252,-0.032907915559487466,0.48601628627095905,0.5024106641610463,0.5292814450131522,0.5529039116369353,0.5604227949678898,40.264470752675024,-0.003119109844384904,-0.01088445649264791,0.47465500235557556,0
2024-06-25,0.4756850004196167,105.61000061035156,17717.650390625,0.0032521875629927255,0.0032521875629927255,-0.03108881480483694,-0.09944131682673374,-0.2226911873047882,-0.25088743144388526,-0.007608504329814858,0.4838358589581081,0.5006597975889842,0.5277672340472539,0.5520188392864334,0.5594355298578739,47.69890473635758,0.0013273858730264987,0.012621154825899206,0.4708850085735321,0
2024-06-26,0.46959999203681946,106.05000305175781,17805.16015625,-0.01279209640293355,0.01279209640293355,-0.04792995610625517,-0.12022361736321474,-0.24810343341753616,-0.24671401048862462,-0.029431210739085834,0.4804585703781673,0.4985207309325536,0.5260455230871837,0.5511643836895624,0.5584894597530365,38.522456811784714,0.0041662952264307496,0.004939129269155407,0.471994012594223,0
2024-06-27,0.47465500235557556,105.91000366210938,17858.6796875,0.01076450256489725,0.01076450256489725,-0.028771318603772467,-0.10143215433713526,-0.24747522473762384,-0.23669761677845025,0.020276343891773685,0.478449855531965,0.49673473040262855,0.5243111342191696,0.5503466670711835,0.5575548447668552,48.63527532813587,-0.001320126219893747,0.0030058438553957068,0.4754830002784729,0
2024-06-28,0.4708850085735321,105.87000274658203,17732.599609375,-0.007942597809638685,0.007942597809638685,-0.03695832681412359,-0.10007301810245206,-0.24275049443206187,-0.23425985931178817,-0.00808260291102525,0.475868284702301,0.49498929679393766,0.5226339009073045,0.5495463560024897,0.5568082147836685,48.054819182951896,-0.00037768779288271936,-0.007059876784354269,0.4766409993171692,0
2024-06-29,0.471994012594223,105.87000274658203,17732.599609375,0.002355148285672737,0.002355148285672737,-0.030058259005795507,-0.09032666467012285,-0.24988040706876158,-0.25090066977440784,-0.00430974594433986,0.4737787161554609,0.49342706402142844,0.5208868897623486,0.5486680893434419,0.5560704399645329,36.98543179563606,0.0,0.0,0.48451998829841614,1
2024-06-30,0.4754830002784729,105.87000274658203,17732.599609375,0.007392016828928316,0.007392016828928316,-0.00835472426749706,-0.08172455653934818,-0.22212384401407015,-0.2396687905374172,0.004141291813673176,0.47320643067359924,0.4920164982477824,0.5193782789839638,0.547835422721174,0.5553054250776768,40.91422840780838,0.0,0.0,0.4667600095272064,0
2024-07-01,0.4766409993171692,105.9000015258789,17879.30078125,0.0024354162778019717,0.0024354162778019717,0.005268454597755712,-0.08039928016229347,-0.18587761351755006,-0.18184451308410932,-0.016206608313141357,0.47356328793934416,0.49062743186950686,0.5181691120068233,0.5472468728820483,0.5545264701545238,25.537419181337484,0.0002833548551868237,0.008272964771473212,0.43357399106025696,0
2024-07-02,0.48451998829841614,105.72000122070312,18028.759765625,0.01653023762650352,0.01653023762650352,0.01857318997026569,-0.056403121698268444,-0.15723491777052256,-0.17630303395703328,-0.010268729645659724,0.4748254290648869,0.48966203232606254,0.5171647005610995,0.5466707282596164,0.5538716101646424,43.814234304717964,-0.0016997195711256907,0.008359330501992446,0.42549198865890503,0
2024-07-03,0.4667600095272064,105.4000015258789,18188.30078125,-0.03665479072097921,0.03665479072097921,-0.006047663027622829,-0.10255717794181185,-0.21375340804295628,-0.1903359033399057,-0.043214779213307186,0.47441971727779936,0.48788403272628783,0.5157547450727886,0.5460611394710011,0.5531062351167202,30.362618220329054,-0.0030268604911967145,0.008849250735993186,0.44905298948287964,0
2024-07-04,0.43357399106025696,105.4000015258789,18188.30078125,-0.07109867552827509,0.07109867552827509,-0.08654920119127663,-0.17534641979314292,-0.26203058739981744,-0.23735299535575882,-0.0934572811997898,0.4685510013784681,0.48481099903583524,0.5140442007117801,0.5453114837408066,0.5522220149636269,21.30590417017281,0.0,0.0,0.4198229908943176,0
2024-07-05,0.42549198865890503,104.87999725341797,18352.759765625,-0.018640422552995584,0.018640422552995584,-0.0963993737072617,-0.19063518038106042,-0.28288670365528756,-0.22881934534181703,-0.08247531136372943,0.4620662842478071,0.48147036532560983,0.512179223034117,0.5446101003222995,0.5512868249416352,19.46731588976398,-0.004933626802019142,0.00904202027187373,0.4314799904823303,0
2024-07-06,0.44905298948287964,104.87999725341797,18352.759765625,0.05537354745088341,0.05537354745088341,-0.04860447908068266,-0.13904923612902254,-0.2450785142057459,-0.22298820155531096,-0.04205092419847667,0.4587889952319009,0.4790528645118078,0.5105594336986542,0.5438941558202107,0.5505048099160195,34.991288188440876,0.0,0.0,0.435916006565094,0
2024-07-07,0.4198229908943176,104.87999725341797,18352.759765625,-0.0650925375693917,0.0650925375693917,-0.11705993558456818,-0.1585887172375945,-0.3179044700722211,-0.25909186154687036,-0.10798184317921156,0.45083756531987873,0.4764152646064758,0.5083853556050195,0.5430785447359086,0.5495173299312591,29.740169768731036,0.0,0.0,0.4390380084514618,1
2024-07-08,0.4314799904823303,105.01000213623047,18403.740234375,0.02776646310670272,0.02776646310670272,-0.09474847715478951,-0.12504435795784186,-0.2970543224310409,-0.28085349456023134,-0.079116436666264,0.44438599262918743,0.4743597646554311,0.5063593890931871,0.5421423835886849,0.5485551798343659,36.10895529137141,0.0012395584116804415,0.0027778094085602056,0.4490410089492798,1
2024-07-09,0.435916006565094,105.12000274658203,18429.2890625,0.010280931168568985,0.010280931168568985,-0.1003136772623443,-0.12569017354736667,-0.2941328568778512,-0.2760012940680562,-0.08740032284019505,0.43744256666728426,0.4722708652416865,0.5043411115805309,0.541219166914622,0.5476077499985695,37.29075973184635,0.0010475250748862575,0.0013882410748919938,0.4747300148010254,1
2024-07-10,0.4390380084514618,105.05000305175781,18647.44921875,0.00716193449964897,0.00716193449964897,-0.05939240832526549,-0.11596200688067204,-0.2789416298730406,-0.230161746984489,-0.07710643477038437,0.4334822807993208,0.4703511993090312,0.5024539785252677,0.5404899390207396,0.546701915115118,40.04456737762707,-0.0006659027111421967,0.011837687037744349,0.526328980922699,1
2024-07-11,0.4490410089492798,104.44000244140625,18283.41015625,0.022783905505356472,0.022783905505356472,0.03567330653575396,-0.0651211634520733,-0.1812006703721174,-0.21916505116805107,-0.04683456964316224,0.4356918547834669,0.4693085660537084,0.5013498342699475,0.5397897334562407,0.5458795301616192,41.9169175712052,-0.00580676432775562,-0.019522190849242782,0.52286297082901,1
2024-07-12,0.4747300148010254,104.08999633789062,18398.44921875,0.05720859640827869,0.05720859640827869,0.11572021907465802,-0.034198639863615266,-0.012663751344398566,-0.17614924759914208,-0.4177699493879735,0.4427258585180555,0.4687482327222824,0.5012821790244845,0.5392258278197712,0.5450214953720569,51.06591950873038,-0.0033512647963790387,0.006291991565953836,0.5378779768943787,1
2024-07-13,0.526328980922699,104.08999633789062,18398.44921875,0.10869118133029865,0.10869118133029865,0.17208657608272193,0.1034034769761043,0.04376927073082948,-0.08610745602460024,-0.2681306096116416,0.45376528586660114,0.4703923652569453,0.5015274124013053,0.5389503222372797,0.5445412953197956,61.768408327677776,0.0,0.0,0.5793759822845459,1
2024-07-14,0.52286297082901,104.08999633789062,18398.44921875,-0.006585254126825313,0.006585254126825313,0.2454367249282703,0.10244684752345545,0.050493078861182594,-0.09216823262274121,-0.26695870153146584,0.4684852830001286,0.47201196451981864,0.5018066565195719,0.5386554110381339,0.5439813302457333,60.26304719945071,0.0,0.0,0.6264860033988953,1
2024-07-15,0.5378779768943787,104.19000244140625,18472.5703125,0.028716904625244455,0.028716904625244455,0.24658846008852287,0.09616432768506122,0.08291398958582286,-0.052986743842956985,-0.2798142125381238,0.48368499534470694,0.4735848635435104,0.5022642450200187,0.5384882163670328,0.5434957300126553,62.51343135533002,0.0009607657511196965,0.004028659854356853,0.5695739984512329,1
2024-07-16,0.5793759822845459,104.2699966430664,18509.33984375,0.07715133761335635,0.07715133761335635,0.32910004119802716,0.18522516107320364,0.17083259330566913,0.04977102883828155,-0.21621744968997247,0.504179277590343,0.47660299638907117,0.5032035224967533,0.5386408218079143,0.5432755999267102,67.04179429026573,0.0007677723369392542,0.0019904935062078355,0.5737519860267639,0
2024-07-17,0.6264860033988953,103.75,17996.919921875,0.0813116569461323,0.0813116569461323,0.426951633660567,0.2401734807221747,0.2455411727984107,0.15108705413367507,-0.19633886456952176,0.5309575625828334,0.4806471973657608,0.5045757783783806,0.5390976553161939,0.5432988099753857,75.95870139338189,-0.0049870208095089685,-0.02768439750961882,0.5946509838104248,0
2024-07-18,0.5695739984512329,104.16999816894531,17871.220703125,-0.09084321858572386,0.09084321858572386,0.2684231219415587,0.1601513972669164,0.13058712913329384,0.029736482471712566,-0.30598496139251175,0.5481765610831124,0.4832680642604828,0.5053067558341556,0.5391890332102776,0.5430719749629498,70.52024732920842,0.004048175122364439,-0.006984485083873393,0.5974670052528381,1
2024-07-19,0.5737519860267639,104.4000015258789,17726.939453125,0.00733528494434732,0.00733528494434732,0.208585865941596,0.16322846631946897,0.0839969265983811,0.0506142505606173,-0.27744324967799705,0.5623225569725037,0.48595176339149476,0.5058007445600298,0.5393425943122969,0.5427903248369694,72.63677127759487,0.002207961610602771,-0.008073385271033628,0.6076369881629944,1
2024-07-20,0.5946509838104248,104.4000015258789,17726.939453125,0.036425142383186504,0.036425142383186504,0.1298085519971779,0.2167618333968755,0.13335931030017023,0.12897840718411624,-0.23022726169719787,0.5720828430993217,0.48948292930920917,0.5065781997309791,0.5397200109230147,0.5426367647945881,72.41251680207726,0.0,0.0,0.5974569916725159,0
2024-07-21,0.5974670052528381,104.4000015258789,17726.939453125,0.004735586956181814,0.004735586956181814,0.14268372133054652,0.2219238538833146,0.07297335890357926,0.15399718058042744,-0.18522076056975023,0.5827405623027256,0.4930999626715978,0.5070296883583069,0.540162955555651,0.5427111999690533,79.7660837636892,0.0,0.0,0.6188430190086365,1
2024-07-22,0.6076369881629944,104.30999755859375,18007.5703125,0.017021831868108794,0.017021831868108794,0.1296930052265628,0.24868634445576698,0.11460511138444707,0.1730714948925809,-0.17740492166412059,0.5927061353410993,0.4971338291962942,0.5077238884237077,0.5406610053446558,0.5428082548081875,79.66474711595636,-0.0008621069537325665,0.015830756353462316,0.5998160243034363,0
2024-07-23,0.5974569916725159,104.44999694824219,17997.349609375,-0.016753418058460645,0.016753418058460645,0.031207730283665747,0.2460285707342187,0.13282603091574718,0.16325934250672436,-0.1498480972720272,0.5952891366822379,0.5010660956303279,0.5085022548834482,0.5411268441213501,0.5429131098091602,76.68713770805999,0.0013421473772903258,-0.0005675781322872497,0.6040679812431335,0
2024-07-24,0.6188430190086365,104.38999938964844,17342.41015625,0.03579509091734412,0.03579509091734412,-0.012199768787799048,0.3051822362084675,0.1776002117816471,0.16282562313451643,-0.12789875475342016,0.5941972817693438,0.5058894296487172,0.509539266427358,0.541608255273766,0.543164764791727,78.01390244330524,-0.0005744141727785923,-0.036390883510082794,0.5967950224876404,0
2024-07-25,0.5998160243034363,104.36000061035156,17181.720703125,-0.030746076340459894,0.030746076340459894,0.05309586802493871,0.26095215063396937,0.14009184638191297,0.1311733760387901,-0.16203285271502965,0.5985175711768014,0.5100271304448446,0.5103581998083326,0.5419946774840355,0.5434051398932934,72.84850545355943,-0.0002873721570291199,-0.00926569327315152,0.601947009563446,0
2024-07-26,0.6040679812431335,104.31999969482422,17357.880859375,0.007088768501366749,0.007088768501366749,0.05283815299064676,0.2863458081059145,0.16666116024235778,0.1525947595076811,-0.1535467363924793,0.6028484276362828,0.5145093967517217,0.5113170107205709,0.5424389774600665,0.5435358648002148,70.96185111589182,-0.000383297386866599,0.010252765674276132,0.6020860075950623,0
2024-07-27,0.5967950224876404,104.31999969482422,17357.880859375,-0.012039967323753675,0.012039967323753675,0.003605541293275838,0.2573237815379996,0.1693219607588956,0.11531703054842302,-0.16247286574458508,0.603154718875885,0.5185807307561239,0.5122772110833063,0.5427817829781109,0.5436866749823094,63.33664843810283,0.0,0.0,0.6278769969940186,1
2024-07-28,0.601947009563446,104.31999969482422,17357.880859375,0.008632758119078154,0.008632758119078154,0.007498329231941492,0.27833122440432856,0.16784951143184035,0.1786750397492276,-0.15544537713367435,0.6037947194916862,0.5229494641224544,0.5132384889655643,0.5432887218064733,0.5436964650452137,64.87280418175084,0.0,0.0,0.6239389777183533,1
2024-07-29,0.6020860075950623,104.55999755859375,17370.19921875,0.00023091406620157073,0.00023091406620157073,-0.009135356596236544,0.2756221297931598,0.20401542415288088,0.19653091891689556,-0.14614201140317018,0.6030017222676959,0.5272858639558157,0.5143720553980933,0.5438381272885534,0.5436964200437069,62.79085507152075,0.0023005930259931695,0.000709669542889424,0.5964639782905579,0
2024-07-30,0.6278769969940186,104.55000305175781,17147.419921875,0.042836055104443105,0.042836055104443105,0.050915807740981034,0.32050356506183,0.21446223065936,0.24120945842925567,-0.10113370852268722,0.6073474373136248,0.5323656638463338,0.5156040218141343,0.5445160049531195,0.5439843098819256,60.30686832381405,-9.55863338686358e-05,-0.012825373737482826,0.5607709884643555,0
2024-07-31,0.6239389777183533,104.0999984741211,17599.400390625,-0.006271959785943193,0.006271959785943193,0.008234654917623985,0.3090333786061241,0.2037508000696402,0.2224222880639828,-0.1177470907790219,0.6080754314150129,0.5372755964597066,0.5167774657408396,0.5451467105083996,0.544228614717722,49.33710193849438,-0.004304204347215013,0.026358511706674248,0.5563910007476807,0
2024-08-01,0.5964639782905579,104.41999816894531,17194.150390625,-0.04403475405281965,0.04403475405281965,-0.005588456921888918,0.23104101522266896,0.121396268207552,0.1493912720275954,-0.12949751058333725,0.6075965676988874,0.541007062792778,0.5174949096308814,0.5455774047308498,0.544329769462347,58.26489264995608,0.003073964452591005,-0.023026352660052707,0.5233960151672363,0
2024-08-02,0.5607709884643555,103.20999908447266,16776.16015625,-0.059840981392534576,0.059840981392534576,-0.07167569565543863,0.20141181124830143,0.05725059977733871,0.11421496390652952,-0.15563702261357049,0.6014112830162048,0.544140762090683,0.5178323096699184,0.5458967548277643,0.544254024475813,46.65767132609347,-0.011587809861047349,-0.024310025495816623,0.48946601152420044,0
2024-08-03,0.5563910007476807,103.20999908447266,16776.16015625,-0.007810653202065976,0.007810653202065976,-0.06770167346829115,0.2832665524679845,0.05022230907796654,0.09905696976404532,-0.12453680278919488,0.5956392799104963,0.5482346624135971,0.5181279427475399,0.5461753492554029,0.544156244546175,39.232967888246264,0.0,0.0,0.5056970119476318,0
2024-08-04,0.5233960151672363,103.20999908447266,16776.16015625,-0.05930179592427898,0.05930179592427898,-0.1304948660733073,0.23009605143662504,-0.03172896657291746,0.03611384036055898,-0.1671278175064317,0.5844177092824664,0.5514981299638748,0.5179373761018117,0.5462766993376944,0.5439333595335484,32.18169862630296,0.0,0.0,0.6008099913597107,1
2024-08-05,0.48946601152420044,102.69000244140625,16200.080078125,-0.06482663730673321,0.06482663730673321,-0.1870496816903363,0.08999610956350534,-0.06722890479651666,-0.04734041929946453,-0.2144499560680393,0.5683291384152004,0.5528452306985855,0.5175453987386491,0.5461415716343456,0.54362115457654,24.48933111602132,-0.005038239004738432,-0.03433920949487235,0.6175770163536072,1
2024-08-06,0.5056970119476318,102.97000122070312,16366.849609375,0.03316062819742682,0.03316062819742682,-0.19459223005672666,0.20454816176308777,-0.02229755214499174,-0.017165170514125694,-0.18689211733143596,0.5508748548371452,0.5557076980670294,0.5174172547128465,0.5460925050907665,0.5434283597767353,30.69526911033894,0.0027266410813131525,0.010294364623245844,0.5811529755592346,1
2024-08-07,0.6008099913597107,103.19999694824219,16195.8095703125,0.18808293734179404,0.18808293734179404,-0.037069308353232966,0.39243998473276753,0.15312198847417857,0.14215696716816217,-0.06475032344311227,0.5475707139287677,0.5613520314296087,0.5183037102222443,0.5465079438355234,0.543666779845953,47.10441982160843,0.0022336187706368804,-0.010450394739652702,0.585578978061676,0
2024-08-08,0.6175770163536072,103.20999908447266,16660.01953125,0.02790736711277142,0.02790736711277142,0.03539700439841886,0.4167339740973386,0.2294053524791011,0.17833026654869588,-0.040083013753912655,0.550586862223489,0.567407398422559,0.5195841438240475,0.5470271940032642,0.5440241099894046,52.87274874178656,9.691992757998591e-05,0.028662349907374374,0.5529320240020752,0
2024-08-09,0.5811529755592346,103.13999938964844,16745.30078125,-0.058978944860080706,0.058978944860080706,0.0363463651190199,0.3236962731519051,0.14858039697240577,0.10467714113338378,-0.08188653906219767,0.5534985746656146,0.5721445639928182,0.5204194545745849,0.5473331327239672,0.5442962948977947,46.64299136582095,-0.0006782259029662896,0.0051189165678968696,0.5687680244445801,0
2024-08-10,0.585578978061676,103.13999938964844,16745.30078125,0.007615899235794643,0.007615899235794643,0.0524594705427881,0.3040657008852805,0.17238895916370311,0.10092549646443527,-0.07297427717662286,0.557668285710471,0.5766958296298981,0.5213761654165056,0.5476313658886486,0.5446355049312115,48.34304748097852,0.0,0.0,0.576399028301239,0
2024-08-11,0.5529320240020752,103.13999938964844,16745.30078125,-0.05575158139669811,0.05575158139669811,0.05643147440738816,0.16472943939267615,0.09512740752108706,0.05353498529857692,-0.11841899943683942,0.5618877155440194,0.579302563269933,0.521909832292133,0.5477874605192079,0.5448102249205112,43.3030300809254,0.0,0.0,0.5691919922828674,1
2024-08-12,0.5687680244445801,103.13999938964844,16780.609375,0.028640049328098716,0.028640049328098716,0.1620174047906464,0.08063216174697785,0.137793213836364,0.05640222874900225,-0.0915728570003298,0.5732165745326451,0.5807171980539958,0.5226751771238115,0.547956166168054,0.5450860349833966,45.63496209641889,0.0,0.0021085673056129295,0.5609549880027771,0
2024-08-13,0.576399028301239,102.55999755859375,17187.609375,0.013416724444224704,0.013416724444224704,0.13981102257517164,0.10239022546834109,0.11058689796613064,0.02424507984038904,-0.09125746159887815,0.5833168625831604,0.5825017333030701,0.5233128998014662,0.5480319663882256,0.5453070850670337,42.91885109300438,-0.005623442257969402,0.024254184750069685,0.564516007900238,0
2024-08-14,0.5691919922828674,102.56999969482422,17192.599609375,-0.012503553379699661,0.012503553379699661,-0.05262562129715531,0.05821769385184883,0.10373120501822886,0.007490776978866576,-0.06628456141332073,0.5788000055721828,0.5835455338160197,0.5239072773191664,0.5480554774403572,0.5455017448961734,42.536300236237565,9.75247315577743e-05,0.00029033906147879485,0.5663189888000488,0
2024-08-15,0.5609549880027771,102.9800033569336,17594.5,-0.014471398740263486,0.014471398740263486,-0.09168415736250446,-0.03179454248195224,0.07092534307968412,0.020129626875605044,-0.04652679406709237,0.5707111443792071,0.582931500673294,0.5243200659751892,0.5481169718835089,0.5456860499083995,44.89104289814983,0.00399730587237257,0.02337635958240125,0.5638750195503235,0
2024-08-16,0.564516007900238,102.45999908447266,17631.720703125,0.006348138395452452,0.006348138395452452,-0.028627518671804242,-0.09891680765803124,0.0827134876552349,0.013670249918604549,0.11313202163830205,0.5683344347136361,0.5808658341566721,0.5247992436091106,0.5481592663460307,0.5458331798017025,50.59372178732455,-0.0050495655031062014,0.0021154737631077225,0.5986059904098511,1
2024-08-17,0.5663189888000488,102.45999908447266,17631.720703125,0.003193852564991273,0.003193852564991273,-0.032890506632221816,-0.005714814334985441,0.11116794860954538,0.006615769719300557,0.11898634652027695,0.5655830076762608,0.580757333834966,0.525428776608573,0.5481799441907141,0.5461112846434116,51.5869138392027,0.0,0.0,0.5944280028343201,1
2024-08-18,0.5638750195503235,102.45999908447266,17631.720703125,-0.004315534704043333,0.004315534704043333,0.019790851448689528,-0.017214696797545725,0.04939582595669956,0.001692985287154114,0.08514924647232691,0.567146292754582,0.5804281016190846,0.5257236878077189,0.5481852387388547,0.5464146946370602,57.17059301398145,0.0,0.0,0.6002749800682068,1
2024-08-19,0.5986059904098511,101.88999938964844,17876.76953125,0.0615933844475407,0.0615933844475407,0.05246069519187313,0.0066509712538995736,0.11475777770871165,0.09034901466860656,0.10946027202315656,0.5714088593210492,0.5805599351723989,0.5264083875550164,0.5484608052505388,0.5468784295022487,69.27873150239265,-0.005563143665014869,0.013898180004721095,0.5976009964942932,0
2024-08-20,0.5944280028343201,101.44000244140625,17816.939453125,-0.006979528508678001,0.006979528508678001,0.0312786345011995,-0.005086477398416389,0.128996605146936,0.09893255461055728,0.13324110906837472,0.5739844271114894,0.5804586350917816,0.5271630320284102,0.5487581052713923,0.5472985096275806,66.37073100565706,-0.004416497702795175,-0.003346805921529139,0.6112390160560608,1
2024-08-21,0.6002749800682068,101.04000091552734,17918.990234375,0.009836308528547555,0.009836308528547555,0.05460896886597855,-0.01211579979198496,0.13626899546527826,0.12298750935549463,0.1523141094916276,0.5784248539379665,0.5802132348219554,0.5279629098044502,0.5491233330633906,0.5477051894366741,49.852807770490315,-0.003943232612893088,0.005727739128175591,0.6131100058555603,1
2024-08-22,0.5976009964942932,101.51000213623047,17619.349609375,-0.004454597747202027,0.004454597747202027,0.06532789488509683,0.00024102960344341007,0.11544122653487077,0.0962782822969217,0.12775761843271538,0.583659998008183,0.5802180349826813,0.528650109635459,0.5494149054090182,0.5481767545640469,44.042199619431194,0.004651635158792855,-0.016721959277882892,0.6001840233802795,0
2024-08-23,0.6112390160560608,100.72000122070312,17877.7890625,0.022821279820101292,0.022821279820101292,0.08276648935007658,-0.012287450482607043,0.12814477196872587,0.12686369944291354,0.17905802419469352,0.5903347134590149,0.5799645682175955,0.5294215540091197,0.5497972056269645,0.5487017296254635,60.3845296101872,-0.007782493339593577,0.014667933769104025,0.5874699950218201,0
2024-08-24,0.6131100058555603,100.72000122070312,17877.7890625,0.0030609790120594838,0.0030609790120594838,0.08262307635958877,0.02216343180821534,0.16072934615675405,0.11190502776930722,0.16506347362306006,0.5970191444669452,0.5804077009359996,0.5303648763232761,0.550140011145009,0.5492415146529674,59.67325380736174,0.0,0.0,0.5675539970397949,0
2024-08-25,0.6001840233802795,100.72000122070312,17877.7890625,-0.02108264805961413,0.02108264805961413,0.06439193539538524,-0.006429670142193422,0.12442022563853339,0.023754096905613142,0.14654906893572783,0.6022061450140817,0.5802782356739045,0.5311027877860599,0.5502173779739274,0.5496734897792339,69.27332604952696,0.0,0.0,0.5698500275611877,0
2024-08-26,0.5874699950218201,100.8499984741211,17725.76953125,-0.021183550149924235,0.021183550149924235,-0.018603214078105834,-0.01562517634103333,0.11213754242261587,0.020247904198807065,0.12145980654125932,0.6006152885300773,0.5799674014250438,0.5317609541945987,0.5502821500102679,0.5500381948053836,57.82758443479046,0.0012906796251235253,-0.008503262384321975,0.5620549917221069,0
2024-08-27,0.5675539970397949,100.55000305175781,17754.8203125,-0.03390130245083478,0.03390130245083478,-0.04520985832831892,-0.05713627940205934,0.08467491281399342,-0.032014655835206685,0.08467491281399342,0.5967761448451451,0.5788209676742554,0.5322532428635491,0.5501778667171796,0.5502458097040653,46.643174126053516,-0.002974669577612943,0.001638900990943437,0.5670310258865356,0
2024-08-28,0.5698500275611877,101.08999633789062,17556.029296875,0.004045483836548236,0.004045483836548236,-0.05068502522554241,-0.053540490274198604,0.09827108263566298,-0.05323231570010767,0.05515083844262092,0.5924297230584281,0.5777464350064595,0.5328197876612345,0.5499998667173915,0.5504744999110699,50.25940410366013,0.005370395522065197,-0.011196453251911764,0.5663130283355713,0
2024-08-29,0.5620549917221069,101.33999633789062,17516.4296875,-0.013679100573955494,0.013679100573955494,-0.05948116716790941,-0.10483264331554842,0.08546740150671517,-0.12839560376585024,0.06410709096807876,0.5873517223766872,0.5755523681640625,0.5333115100860596,0.5495398887329631,0.5506543548405171,50.4351487994326,0.0024730439119255987,-0.002255613083423591,0.5479900240898132,0
2024-08-30,0.5670310258865356,101.69999694824219,17713.619140625,0.008853287023005363,0.008853287023005363,-0.0723252099559537,-0.09120756013660347,0.09399346745786419,-0.09574810071211293,0.11008642573880212,0.5810362952096122,0.5736554364363352,0.5338528215885162,0.5492063278953234,0.5508300249278545,50.98389715144344,0.003552404019743882,0.01125739986075569,0.5675870180130005,0
2024-08-31,0.5663130283355713,101.69999694824219,17713.619140625,-0.0012662403258124622,0.0012662403258124622,-0.07632721220180783,-0.050549490082197446,0.10288784484557856,-0.1289274404162597,0.13700350106602044,0.5743510127067566,0.572650404771169,0.5344398332966699,0.548740661309825,0.5510374151170254,49.99764824963924,0.0,0.0,0.5573909878730774,0
2024-09-01,0.5479900240898132,101.69999694824219,17713.619140625,-0.032354905024188585,0.032354905024188585,-0.08696332667521867,-0.0227917717525693,0.053624354359413484,-0.07574783648268646,0.09797617025189709,0.5668947270938328,0.572224372625351,0.5347497224807739,0.5484911559356583,0.5510853601992131,44.430344721506785,0.0,0.0,0.5581759810447693,0
2024-09-02,0.5675870180130005,101.69999694824219,17713.619140625,0.035761588827710744,0.035761588827710744,-0.03384509366828359,0.02012257072863255,0.0795450745067976,-0.07295348738271523,0.12382566636249615,0.5640543018068586,0.5725975732008616,0.535214411550098,0.5482430115342141,0.5511095203459263,37.83274477970387,0.0,0.0,0.5441960096359253,0
2024-09-03,0.5573909878730774,101.83000183105469,17136.30078125,-0.017963818439007295,0.017963818439007295,-0.017906682394494555,0.06495076714517767,0.06026122319958804,-0.11331580028788535,0.09641701479766307,0.5626024433544704,0.573730738957723,0.5355664114157359,0.5478472724556923,0.5510716752707958,36.12711884840739,0.0012783174701436195,-0.03259177894657106,0.5213469862937927,0
2024-09-04,0.5581759810447693,101.36000061035156,17084.30078125,0.0014083348830007392,0.0014083348830007392,-0.020486173469852043,0.14037740701669055,0.07016777197793944,-0.10254600216029774,0.10440008066618,0.5609347224235535,0.5760210712750753,0.5359730554951562,0.5474929446975391,0.5511131252348423,33.609515570291876,-0.004615547601412251,-0.0030344938889551587,0.5250920057296753,0
2024-09-05,0.5441960096359253,101.11000061035156,17127.66015625,-0.025045813298302244,0.025045813298302244,-0.03177443906594024,0.07613056193474255,0.09068029258362365,-0.12481244291089566,0.08137813769651303,0.5583834392683846,0.5773043711980184,0.5364757779571745,0.547061783572038,0.5510495902597904,30.890086972694178,-0.002466456180885923,0.0025379660282958127,0.5292909741401672,0
2024-09-06,0.5213469862937927,101.18000030517578,16690.830078125,-0.04198675281985054,0.04198675281985054,-0.08056708981896943,-0.13225979296063783,0.05718804389866561,-0.1431302254796457,0.032662679698397756,0.5518571478979928,0.5746556043624877,0.5367891334825092,0.5465779779685869,0.5508433403074742,19.82316552440058,0.0006923122777338087,-0.02550436394346589,0.5396379828453064,1
2024-09-07,0.5250920057296753,101.18000030517578,16690.830078125,0.007183352995872472,0.007183352995872472,-0.07278840595818026,-0.14975461873564544,0.05316871481438157,-0.2687107489263608,0.0400951501993454,0.5459684303828648,0.5715727706750234,0.5370836781130897,0.5455060669117504,0.5506541903316975,20.819436622501513,0.0,0.0,0.5410779714584351,1
2024-09-08,0.5292909741401672,101.18000030517578,16690.830078125,0.007996633665479314,0.007996633665479314,-0.03412297510470974,-0.0892398449292312,0.06576952689228976,-0.23091535237775862,0.05048274729679014,0.5432971375329154,0.5698440372943878,0.5374466001987457,0.5446231890055868,0.5505556251108646,25.053316889414646,0.0,0.0,0.5353119969367981,0
2024-09-09,0.5396379828453064,101.55000305175781,16884.599609375,0.019548810032039343,0.019548810032039343,-0.049241850642633866,-0.07845396938332527,0.12349678426914923,-0.21899124214117105,0.08401528125285496,0.5393044182232448,0.5683126707871755,0.538105688823594,0.5437825668189261,0.5505492450296878,32.88316266720361,0.0036568763141533456,0.01160934059858132,0.5625759959220886,1
2024-09-10,0.5410779714584351,101.62999725341797,17025.880859375,0.002668434504065287,0.002668434504065287,-0.029266738733775388,-0.021438534989964064,0.10078112712847953,-0.1923811547162808,0.14061473800601232,0.5369739873068673,0.5679175357023875,0.5386561105648676,0.5430665166841613,0.5505819649994373,39.08170007256023,0.0007877321443248153,0.008367462259605718,0.5731490254402161,1
2024-09-11,0.5353119969367981,101.68000030517578,17395.529296875,-0.010656457711806677,0.010656457711806677,-0.040961963402967316,-0.058821920484107504,0.12223559806947959,-0.15530894742579315,0.11352125558346415,0.5337077038628715,0.5668023347854614,0.5393039660321342,0.542519710958004,0.5505329351127147,36.15333293825046,0.0004920107557724318,0.02171097287436141,0.5961989760398865,1
2024-09-12,0.5625759959220886,101.37000274658203,17569.6796875,0.050931044215901444,0.050931044215901444,0.03377457011943141,-0.023981706596365338,0.18618102217741472,-0.06713098314749999,0.1628877220466347,0.5363334161894662,0.5663415670394898,0.5402850882874595,0.5422947997848193,0.5506336902081966,50.18067211432054,-0.003048756467971536,0.010011215390628214,0.5709750056266785,0
2024-09-13,0.5731490254402161,101.11000061035156,17683.98046875,0.018793957784845938,0.018793957784845938,0.09936192307292169,0.006952018318947317,0.16804469252027565,-0.0744195609409154,0.17098950939181368,0.5437337074960981,0.5664734681447346,0.5412012885014216,0.5420387832654847,0.5507424102723598,52.04230130226728,-0.0025648824029378403,0.0065055700094134306,0.585407018661499,1
2024-09-14,0.5961989760398865,101.11000061035156,17683.98046875,0.04021633044209838,0.04021633044209838,0.13541811631925338,0.06282854915434832,0.21963983495178785,-0.07932181417772532,0.19031491006853507,0.5538918461118426,0.5676482677459717,0.5423942549361123,0.541753416425652,0.5507921151816845,58.682023401497375,0.0,0.0,0.5845019817352295,0
2024-09-15,0.5709750056266785,101.11000061035156,17683.98046875,-0.042307973389609566,0.042307973389609566,0.07875447253606938,0.01144165557052168,0.13028552320671016,-0.02304082091172599,0.14222417692902645,0.5598467077527728,0.5678635676701863,0.5431255330642064,0.5416786053114467,0.5507679350674153,56.419850754418704,0.0,0.0,0.585250973701477,1
2024-09-16,0.585407018661499,100.76000213623047,17592.130859375,0.025276085454880137,0.025276085454880137,0.08481433344419131,0.03370543852307528,0.19240129029195474,-0.04370571120389577,0.18733940649712744,0.5663851414408002,0.5684998353322347,0.5441750778092278,0.541529966559675,0.5507633452117443,55.12510979806756,-0.0034615613886690433,-0.00519394428970954,0.5873709917068481,0
2024-09-17,0.5845019817352295,100.88999938964844,17628.060546875,-0.001545996029119756,0.001545996029119756,0.0802546260749597,0.036580734151613115,0.18502307675296747,-0.08770062659718181,0.16156304912912223,0.5725885714803424,0.5691874007383982,0.5451890885829925,0.5412178054451943,0.5506764049828052,58.23747184281891,0.0012901672356280258,0.0020423726828324718,0.5851709842681885,0
2024-09-18,0.585250973701477,100.5999984741211,17573.30078125,0.0012814190364658362,0.0012814190364658362,0.0932894780061786,-0.02231019555823388,0.1975277383638152,-0.04206244220134925,0.13828622278032676,0.5797227110181536,0.5687422335147858,0.5462616993321313,0.5410750387443437,0.5503784047067165,58.228333291670246,-0.002874426774524319,-0.003106397636846503,0.5981410145759583,1
2024-09-19,0.5873709917068481,100.61000061035156,18013.98046875,0.0036224083352871528,0.0036224083352871528,0.044074037933522936,-0.011871935867460937,0.20127575169103773,-0.04893972817363745,0.126623935263811,0.5832648532731193,0.5685069998105367,0.5473551991913054,0.540907122194767,0.5501798997819424,64.14061828943566,9.942481493219191e-05,0.025076659927780076,0.5876209735870361,0
2024-09-20,0.5851709842681885,100.72000122070312,17948.3203125,-0.0037455159851640385,0.0037455159851640385,0.020975275703799312,-0.02516179468000168,0.2025189898930635,-0.07548625175732238,0.1537760023090704,0.5849822759628296,0.5680035332838694,0.5484501991007064,0.5406416831745042,0.5498550896346569,74.1731972745501,0.0010933367427119478,-0.003644955448014686,0.5850650072097778,0
2024-09-21,0.5981410145759583,100.72000122070312,17948.3203125,0.022164513717285672,0.022164513717285672,0.0032573664399280222,0.000903643208148841,0.24745513715256418,-0.06691219502125845,0.16708164258123892,0.5852597100394112,0.5680215338865916,0.5497685548332002,0.5404033887717459,0.5498812897503376,75.86007240893704,0.0,0.0,0.591543972492218,0
2024-09-22,0.5876209735870361,100.72000122070312,17948.3203125,-0.017587894380358016,0.017587894380358016,0.0291535843010986,-0.03863961862483345,0.23933280782249766,-0.07059202286695809,0.156656806746982,0.5876377054623195,0.5672342658042908,0.5510294212235345,0.5401554331183434,0.5497581295669078,69.76483319310063,0.0,0.0,0.5835409760475159,0
2024-09-23,0.5850650072097778,100.91999816894531,17974.26953125,-0.004349685413125748,0.004349685413125748,-0.0005842284783383889,-0.04574219695965864,0.22994209759330975,-0.04395516843588598,0.16456803634071893,0.5875888466835022,0.566299432516098,0.552244754632314,0.540005994339784,0.5495403344929218,66.25074895466186,0.0019856726153522075,0.001445774217207818,0.5904210209846497,0
2024-09-24,0.591543972492218,100.37000274658203,18074.51953125,0.011073923756505177,0.011073923756505177,0.012047847530102018,-0.014395669580473225,0.2596762830563195,-0.052853727764593406,0.1703059163031937,0.5885948453630719,0.5660114308198293,0.5535996877484851,0.5398226054178343,0.5493882794678211,67.42514329227508,-0.005449816016074083,0.005577417197717205,0.5889269709587097,0
2024-09-25,0.5835409760475159,100.91999816894531,18082.2109375,-0.013528996688082051,0.013528996688082051,-0.0029218194087676785,-0.006688033444428587,0.22940024470735731,-0.07484585714408565,0.16310883953608202,0.5883505599839347,0.5658804635206859,0.5548095319006178,0.5395603330598937,0.5491969592869281,66.39939262409577,0.005479679259867476,0.00042553862838246026,0.6148009896278381,1
2024-09-26,0.5904210209846497,100.55999755859375,18190.2890625,0.011790165934420394,0.011790165934420394,0.005192679449385729,0.04029048172354144,0.2538539351108926,-0.05051972758286294,0.1817945376478478,0.588786278452192,0.566642697652181,0.5561377098162968,0.5393858053618007,0.5491069044172764,60.991943605236656,-0.0035671880388751243,0.005977041489758417,0.6419469714164734,1
2024-09-27,0.5889269709587097,100.41999816894531,18119.58984375,-0.002530482440222581,0.002530482440222581,0.006418614031620917,0.03347712990234708,0.24774246122697097,-0.06404393290140309,0.1558352774568279,0.5893228479794094,0.5672785957654317,0.5574369649092357,0.5391619273357922,0.5484613592922688,56.70933238708369,-0.0013921976237804001,-0.0038866462488355014,0.6114919781684875,1
2024-09-28,0.6148009896278381,100.41999816894531,18119.58984375,0.04393417171403824,0.04393417171403824,0.02785292204663592,0.09384490607248286,0.2930030921563376,0.005796275004492868,0.1784140782945991,0.5917028444153922,0.5690367956956227,0.558984942568673,0.5391816107763184,0.54809431925416,57.724694071521924,0.0,0.0,0.5975300073623657,0
2024-09-29,0.6419469714164734,100.41999816894531,18119.58984375,0.04415409579133511,0.04415409579133511,0.09245074677612863,0.13211965855450147,0.34681442078234936,0.09647177039630472,0.24551948922298572,0.599463701248169,0.5715339938799541,0.5608216755919986,0.5394953937994109,0.5478493042290211,79.00884167525042,0.0,0.0,0.5398309826850891,0
2024-09-30,0.6114919781684875,100.77999877929688,18189.169921875,-0.047441602817731354,0.047441602817731354,0.04516928996444691,0.07977734498833611,0.262057279238332,0.06361780671560346,0.16651524943932028,0.6032389828136989,0.5730399588743845,0.5622324754794439,0.5396985880202717,0.5475569291412831,59.42708497135253,0.0035849493817545763,0.0038400470830193267,0.5219529867172241,0
2024-10-01,0.5975300073623657,101.19000244140625,17910.359375,-0.022832631178482665,0.022832631178482665,0.010119340486097972,0.09040307504655076,0.28016538513575684,0.006525671204365091,0.1651574467511392,0.6040941306522915,0.5746912916501363,0.56368547545539,0.5397201102640894,0.5473758940398693,54.30228886948539,0.004068303900333081,-0.015328382112681838,0.5343409776687622,0
2024-10-02,0.5398309826850891,101.68000030517578,17925.119140625,-0.09656255579861728,0.09656255579861728,-0.07490475417593911,-0.04890181495883972,0.2450723378609323,-0.08117469818403167,0.002682052357922071,0.5978498458862305,0.5737660904725392,0.564866108695666,0.5394551547037231,0.5470597489178181,39.10049835954148,0.00484235450091286,0.000824090980865666,0.5294960141181946,0
2024-10-03,0.5219529867172241,101.98999786376953,17918.48046875,-0.03311776563646063,0.03311776563646063,-0.11596476384468979,-0.0635783533047054,0.22670461637210026,-0.12031380891212728,-0.020599369272166657,0.5880686981337411,0.5725848237673442,0.5659378975629806,0.5390585602985488,0.546573353856802,35.40533036315533,0.003048756467971536,-0.0003703558019848563,0.5335919857025146,1
2024-10-04,0.5343409776687622,102.5199966430664,18137.849609375,0.02373392099823257,0.02373392099823257,-0.09268720228772576,-0.04270159266150031,0.18992856117960266,-0.1016973626052754,0.02097003584255508,0.58027069909232,0.5717903236548106,0.5668855418761571,0.5387224877874056,0.5460072337090969,39.15298259717066,0.005196576040768397,0.012242619624335926,0.5299339890480042,0
2024-10-05,0.5294960141181946,102.5199966430664,18137.849609375,-0.009067175741799494,0.009067175741799494,-0.1387521766373243,-0.027012317726411106,0.2612363438940033,-0.13971632764744546,0.006277147828955387,0.5680842740195138,0.5713003238042196,0.5681041310230891,0.5382447433140543,0.5457325087487698,34.825072325434675,0.0,0.0,0.5308679938316345,0
2024-10-06,0.5335919857025146,102.5199966430664,18137.849609375,0.0077356041879586,0.0077356041879586,-0.1687911783038255,0.02348723543176212,0.23665522729347965,-0.1306985533309899,0.022390942117122448,0.5526049903460911,0.571708490451177,0.5692387087477578,0.5377990489204725,0.5453396587073803,37.70699095928369,0.0,0.0,0.5243319869041443,0
2024-10-07,0.5299339890480042,102.54000091552734,17923.900390625,-0.006855419032754884,0.006855419032754884,-0.13337540316516028,0.009221209360444016,0.2156791241132614,-0.1418920497089361,0.02311556898410383,0.5409538490431649,0.5718698898951212,0.5702833529975679,0.5373122322890493,0.5447858737409115,37.51884092390358,0.00019512556687439897,-0.011795732314343055,0.529977023601532,0
2024-10-08,0.5308679938316345,102.55000305175781,18182.919921875,0.0017624926933037521,0.0017624926933037521,-0.11156262063723388,0.0029794947741723643,0.20916181198996364,-0.12812375462675585,0.05492749517100348,0.5314307042530605,0.5719224572181701,0.5713036861684587,0.5368788323468632,0.5443854688107967,35.90975479578866,9.754375015758043e-05,0.01445106955545672,0.5382969975471497,0
2024-10-09,0.5243319869041443,102.93000030517578,18291.619140625,-0.012311925004774626,0.012311925004774626,-0.028710830385936137,-0.0283634518468463,0.16767060570044467,-0.04391209082629233,0.054069268431678585,0.5292165619986398,0.5714122573534648,0.5721402525901794,0.5367450434300635,0.5439191488921642,36.156097849221396,0.0037054826144293784,0.005978094784393262,0.5395600199699402,1
2024-10-10,0.529977023601532,102.98999786376953,18282.05078125,0.010766149764614097,0.010766149764614097,0.015373102728608368,-0.02051635520659123,0.11637563894851355,0.10223813544992533,0.08415679119773167,0.5303628529821124,0.5710422257582347,0.5727541082435184,0.5370181436340015,0.5434042839705944,35.78524162013835,0.0005828967105399041,-0.0005231007327147763,0.5315399765968323,0
2024-10-11,0.5382969975471497,102.88999938964844,18342.939453125,0.015698744615527227,0.015698744615527227,0.007403549500633266,0.005576188517037783,0.022738661670253624,0.0675031870397853,0.1143712039904079,0.5309279986790248,0.5711417257785797,0.5728870862060123,0.5372072493036588,0.5428905989229679,38.46360909232155,-0.000970953259493923,0.003330516505153147,0.5480210185050964,0
2024-10-12,0.5395600199699402,102.88999938964844,18342.939453125,0.002346330053011103,0.002346330053011103,0.019006764136847876,-0.04091176324440249,0.03193389104310951,0.08403941038307639,0.1108938297591131,0.5323657138007027,0.5703745265801747,0.5730726089742448,0.5374396327469084,0.5424271340668202,30.690107751895297,0.0,0.0,0.5414519906044006,0
2024-10-13,0.5315399765968323,102.88999938964844,18342.939453125,-0.014864043065226928,0.014864043065226928,-0.0038456520350108603,-0.07259726004318912,-0.011783342263129937,0.07015364340500141,0.09196233326939507,0.5320725696427482,0.5689875582853953,0.5730021867487166,0.5376332158843676,0.542025014013052,18.58064144056125,0.0,0.0,0.5480449795722961,1
2024-10-14,0.5480210185050964,103.30000305175781,18502.689453125,0.031006213330902144,0.031006213330902144,0.03413072161984654,-0.08080852109945069,-0.05411850808142449,0.10746888014286093,0.12334841941317931,0.5346564309937614,0.567381626367569,0.5726537982622782,0.5379286603795157,0.5416423492133617,30.37689216362682,0.003984873792803434,0.00870907306913593,0.5436580181121826,0
2024-10-15,0.5414519906044006,103.26000213623047,18315.58984375,-0.011986817437431352,0.011986817437431352,0.01993715367237381,-0.0517063176695004,-0.13573170403354073,0.07648174697054766,0.08730323498810688,0.5361684305327279,0.5663975258668263,0.5717089758978949,0.5381423771381378,0.5411958591639996,31.83203096788546,-0.0003872305357754957,-0.010112022354858197,0.5465409755706787,0
2024-10-16,0.5480449795722961,103.58999633789062,18367.080078125,0.012176497791680507,0.012176497791680507,0.04522514982952375,-0.06382232856488312,-0.03779845803614246,0.08785267897654636,0.11460578295753088,0.5395560009138924,0.565152124563853,0.5714697645770179,0.5383882602055867,0.5408269040286541,53.97864475247799,0.0031957601668921587,0.002811279069593775,0.5442569851875305,0
2024-10-17,0.5436580181121826,103.83000183105469,18373.609375,-0.008004747098563358,0.008004747098563358,0.02581431628427877,-0.06987822950025269,-0.05245117864076121,0.027140010155333405,0.1133255259130046,0.5415104287011283,0.5637906591097513,0.5711353871557447,0.5384680658578873,0.5403990690410138,62.093956575339554,0.0023168790582945853,0.000355489105901885,0.547652006149292,0
2024-10-18,0.5465409755706787,103.48999786376953,18489.55078125,0.005302887775861409,0.005302887775861409,0.015314924774045391,-0.06614256083330061,-0.08090461388202064,0.041665312910741825,0.05078370710645075,0.5426881398473468,0.5625003258387248,0.5706008315086365,0.5385895156198077,0.5400754840672016,57.6031398863032,-0.003274621605404482,0.006310213953266919,0.5448629856109619,0
2024-10-19,0.5442569851875305,103.48999786376953,18489.55078125,-0.004178992033970208,0.004178992033970208,0.008705176521144109,-0.07340166117845237,-0.08905934486338707,-0.02258494549624135,0.054753369802004404,0.543359134878431,0.5610631922880809,0.5700096090634664,0.5385196487108866,0.5398694388568401,59.50248259878595,0.0,0.0,0.5333790183067322,0
2024-10-20,0.547652006149292,103.48999786376953,18489.55078125,0.006237900576676392,0.006237900576676392,0.030311980776340564,-0.06411626537808857,-0.09871845062468754,0.0045730217302173415,0.05066548839417595,0.5456608533859253,0.5598125596841176,0.5693431092633141,0.538533498843511,0.5397331137955189,59.13367045868149,0.0,0.0,0.525210976600647,0
2024-10-21,0.5448629856109619,104.01000213623047,18540.009765625,-0.005092687522393113,0.005092687522393113,-0.00576261272377665,-0.08907268966126136,-0.08802977753147179,0.033103607432373616,0.042825948846875184,0.5452097058296204,0.5580366253852844,0.5687587314181858,0.538630493150817,0.5394891487061977,59.808918245111926,0.005024681449365298,0.0027290541004474367,0.5317609906196594,0
2024-10-22,0.5333790183067322,104.08000183105469,18579.76953125,-0.02107679840162502,0.02107679840162502,-0.014909858007275845,-0.0923077250786214,-0.13810287597461224,0.01497023578628931,-0.024669437106837333,0.5440564240728106,0.5562285602092742,0.5678091314103868,0.5386741989188724,0.5392184288799763,51.44896232450317,0.0006730092624411821,0.00214453854812513,0.5019189715385437,0
2024-10-23,0.525210976600647,104.43000030517578,18276.650390625,-0.0153137664320121,0.0153137664320121,-0.04166446883514785,-0.1023032139532315,-0.12437988429773583,-0.001712645559861281,-0.059658216560455224,0.5407944236482892,0.5542334258556366,0.5669801864359114,0.538669193122122,0.5388777838647365,50.497835746274255,0.0033627831280136355,-0.016314472583482398,0.5127609968185425,0
2024-10-24,0.5317609906196594,104.05999755859375,18415.490234375,0.01247120549803915,0.01247120549803915,-0.02188329261441757,-0.10106261690181462,-0.11970008818323874,0.027011716481387893,-0.04240009299640668,0.5390948482922145,0.552240659793218,0.5661767754289839,0.5387468930747774,0.5385624186694622,51.000137673478605,-0.003543069477169092,0.007596569436006506,0.516381025314331,0
2024-10-25,0.5019189715385437,104.26000213623047,18518.609375,-0.05611923327873469,0.05611923327873469,-0.08164438903330584,-0.13987364702616178,-0.15897594211429866,-0.016572099587688682,-0.09349034190994132,0.5327202762876239,0.5495199263095856,0.565122597085105,0.5386999040842056,0.5379945634305477,33.570298712052605,0.0019220121307814697,0.005599587049413213,0.5192270278930664,1
2024-10-26,0.5127609968185425,104.26000213623047,18518.609375,0.02160114658898915,0.02160114658898915,-0.0578696998406657,-0.13153329811427272,-0.148162564690843,-0.0051820673548490515,-0.0610612896201822,0.5282208493777684,0.546931258837382,0.5641316413879395,0.5386850651767519,0.5374892835319042,38.86039374991019,0.0,0.0,0.5279160141944885,1
2024-10-27,0.516381025314331,104.26000213623047,18518.609375,0.007059874909069341,0.007059874909069341,-0.05710009364310875,-0.1231832624786765,-0.142346743155627,0.03262774981557737,-0.05319119056390709,0.5237535664013454,0.544513060649236,0.5631793638070425,0.5387757096025679,0.536983383744955,43.45960397333077,0.0,0.0,0.5229740142822266,0
2024-10-28,0.5192270278930664,104.31999969482422,18567.189453125,0.005511439110302163,0.005511439110302163,-0.04705028308933401,-0.15545512018877228,-0.1730433980240037,0.004307559494252988,-0.06679970373042987,0.5200912867273603,0.5413272619247437,0.5619721419281429,0.5387880818711387,0.5365351189672947,35.92009350016468,0.0005754609376984465,0.002623311348128654,0.5092369914054871,0
2024-10-29,0.5279160141944885,104.27999877929688,18712.75,0.016734464568765928,0.016734464568765928,-0.0102422553657745,-0.17763298574393527,-0.15389800437697554,0.018495954171735107,-0.08813980421636047,0.5193108575684684,0.5375262300173441,0.5609052201112111,0.5388413429260254,0.5364326290786267,43.51551506734161,-0.000383444360087859,0.00783966508460976,0.5128679871559143,0
2024-10-30,0.5229740142822266,103.98999786376953,18607.9296875,-0.009361337370685008,0.009361337370685008,-0.004259169016037734,-0.14475735912576626,-0.12320939182102941,-0.01677028398867242,-0.1287861328612745,0.5189912915229797,0.5345756312211355,0.560088664955563,0.5387917872932222,0.5366434042155742,37.79657682927608,-0.0027809831120262363,-0.005601545069538139,0.509850025177002,0
2024-10-31,0.5092369914054871,103.9800033569336,18095.150390625,-0.026267123225220512,0.026267123225220512,-0.0423573741050941,-0.1477633171037288,-0.09189847213742597,-0.03990911500857597,-0.16455253687263427,0.5157735773495266,0.5316325306892395,0.5595160649882422,0.5386741873290803,0.5366682992875575,34.64321860867835,-9.611027061495747e-05,-0.027557031087636963,0.5029309988021851,0
2024-11-01,0.5128679871559143,104.27999877929688,18239.919921875,0.007130267069573426,0.007130267069573426,0.021814309157927037,-0.04994710639812183,-0.07822379142236291,-0.03193006177446056,-0.15429582878841097,0.5173377224377224,0.5307337641716003,0.5590324759483337,0.5385802093479368,0.5367439842224121,35.07656154324488,0.0028851261076947576,0.008000460240717544,0.5032259821891785,0
2024-11-02,0.509850025177002,104.27999877929688,18239.919921875,-0.005884481103311412,0.005884481103311412,-0.005677053558288958,-0.023187838460974497,-0.02588095743508123,-0.05678874797466582,-0.16827347494041256,0.5169218693460736,0.5303303321202596,0.5588819649484422,0.538409670525127,0.5368097592890263,34.84983767298915,0.0,0.0,0.5140290260314941,0
2024-11-03,0.5029309988021851,104.27999877929688,18239.919921875,-0.01357070909708169,0.01357070909708169,-0.026046709411831515,-0.058782650366089206,0.02750954501632208,-0.04156879636309241,-0.18379736912464983,0.5150004369871957,0.5292833328247071,0.5590315759181976,0.5382884873284234,0.536850209236145,30.90104611073663,0.0,0.0,0.5424270033836365,1
2024-11-04,0.5032259821891785,103.88999938964844,18179.98046875,0.0005865285450608049,0.0005865285450608049,-0.030817050816513536,-0.04961327607492072,-0.004886383941515637,-0.02707498168577105,-0.23885915930519142,0.5127145733152118,0.5284076650937398,0.5590041200319926,0.5382106873724196,0.5368514242768287,31.831084824319802,-0.0037399251458934968,-0.0032861686554399583,0.5547320246696472,1
2024-11-05,0.5140290260314941,103.41999816894531,18439.169921875,0.02146757962559742,0.02146757962559742,-0.026305298171686697,-0.0366627689230834,-0.14443995036071222,-0.01343489430087752,-0.2815977297625376,0.5107307178633553,0.5277555664380391,0.5580398870839013,0.5381717986530727,0.5369026392698288,41.50587060646449,-0.004524027562463839,0.014256860922954528,0.554078996181488,1
2024-11-06,0.5424270033836365,105.08999633789062,18983.470703125,0.055245863392940686,0.055245863392940686,0.037196856000787815,0.023574661361267513,-0.12168524893248611,0.07980485612375099,-0.2097531980741435,0.513509716306414,0.5281720002492268,0.5572048869397905,0.538394515381919,0.5369683092832566,56.41756463290589,0.016147729631722063,0.029518724734147517,0.559486985206604,1
2024-11-07,0.5547320246696472,104.51000213623047,19269.4609375,0.022685119304998835,0.022685119304998835,0.08933960814314479,0.044952852903731744,-0.045462988233283874,0.09636249989986867,-0.19379253291753296,0.5200090067727225,0.5289674679438273,0.5569113208187951,0.53866538769669,0.5371185693144799,58.21056228684794,-0.005519023902097464,0.0150652237858655,0.589381992816925,1
2024-11-08,0.554078996181488,105.0,19286.779296875,-0.0011771963022111365,0.0011771963022111365,0.08035402882934362,0.056733157656433386,-0.05379288372758195,0.10932277619990938,-0.1698879980054243,0.5258962937763759,0.5299590349197387,0.5565613210201263,0.538968743218316,0.5371047991514206,73.55958358954257,0.004688526014293037,0.0008987464377530063,0.6204670071601868,1
2024-11-09,0.559486985206604,105.0,19286.779296875,0.009760321294230323,0.009760321294230323,0.09735600191913263,0.05568158673093593,0.011854913298536385,0.10811004798810031,-0.15303030179987398,0.532987288066319,0.5309427003065745,0.5566341539223989,0.5392719931072659,0.537176439166069,72.19465266319298,0.0,0.0,0.7076990008354187,1
2024-11-10,0.589381992816925,105.0,19286.779296875,0.0534328919184448,0.0534328919184448,0.17189434379793167,0.09490113357970342,0.03624319140035204,0.17903047105945702,-0.11068223974282232,0.5453374300684247,0.5326455334822336,0.5568631980154249,0.5397691875696182,0.5374863290786743,77.74878231912416,0.0,0.0,0.6902880072593689,1
2024-11-11,0.6204670071601868,105.54000091552734,19298.759765625,0.05274171033745412,0.05274171033745412,0.232978878516916,0.14994992993504974,0.0764539437008156,0.19549564613809656,-0.06208123594659287,0.562086147921426,0.5353424330552419,0.5573528422249688,0.5403328710132175,0.5379611042141914,81.68143992962851,0.00514286586216528,0.0006211751877069904,0.7730069756507874,1
2024-11-12,0.7076990008354187,106.0199966430664,19281.400390625,0.1405908657004724,0.1405908657004724,0.37676855779747065,0.3314125597221096,0.2433396998384305,0.3723128251496739,0.05387002284600362,0.5897532871791294,0.5412144005298615,0.5588918089866638,0.541399543152915,0.53886903911829,87.71865192863882,0.004547998136964715,-0.000899507284966572,0.8920909762382507,1
2024-11-13,0.6902880072593689,106.4800033569336,19230.720703125,-0.024602258241846586,0.024602258241846586,0.2725915246722266,0.25960133635449134,0.23055864021651495,0.3178364339535409,0.09626425574773578,0.6108762877328056,0.5459566334883372,0.5603288425339593,0.5423244542545742,0.5397316041588783,83.35738132251979,0.004338867463049123,-0.0026284235830008607,1.119089961051941,1
2024-11-14,0.7730069756507874,106.66999816894531,19107.650390625,0.11983254456329795,0.11983254456329795,0.3934781863569654,0.42765561686810205,0.36932693640707903,0.4825887430575664,0.18988585031036442,0.6420584235872541,0.5536751329898835,0.5626454088422987,0.5437223262257046,0.541044754087925,91.2434453382403,0.001784323873233129,-0.006399672399173273,1.0543349981307983,1
2024-11-15,0.8920909762382507,106.69000244140625,18680.119140625,0.15405294433107497,0.15405294433107497,0.6100429404222485,0.6277696347742372,0.5752446834397473,0.7503614034558368,0.45726492688994425,0.6903458493096488,0.5651433328787486,0.566265097591612,0.5458469371000926,0.5429280489683151,93.56631402611717,0.00018753419709693908,-0.022374872957156677,1.1179360151290894,1
2024-11-16,1.119089961051941,106.69000244140625,18680.119140625,0.2544572144097841,0.2544572144097841,1.0002073160623923,1.0584446909068106,0.9846418483733996,1.0826748717020345,0.823462484155967,0.7702891315732684,0.5843243976434072,0.5724341524971857,0.5490789201524523,0.5460231736302376,96.21013049066146,0.0,0.0,1.1019469499588013,0
2024-11-17,1.0543349981307983,106.69000244140625,18680.119140625,-0.05786394764927849,0.05786394764927849,0.7888822715666135,0.929105127076518,0.7613171518863695,0.9634419940770866,0.7250555634115301,0.8367109894752502,0.6012508650620778,0.5774978081385295,0.5519530978467729,0.54870984852314,88.4499110887078,0.0,0.0,1.102301001548767,1
2024-11-18,1.1179360151290894,106.27999877929688,18791.810546875,0.060323347997597976,0.060323347997597976,0.8017654480062795,1.0540591036124058,0.8806920431046421,1.1232949319919956,0.7815742224834594,0.9077779906136649,0.6203734993934631,0.5833145638306936,0.5552387979295519,0.551707883477211,89.38691651975199,-0.0038429436004048245,0.005979159201779272,1.2503520250320435,1
2024-11-19,1.1019469499588013,106.20999908447266,18987.470703125,-0.014302307962090088,0.014302307962090088,0.55708422458981,1.012129851777456,0.835736931486952,1.0858909590791916,0.7980929961272281,0.9640991262027195,0.6388499975204468,0.588888696829478,0.558425803316964,0.5545581480860711,87.4215441843638,-0.0006586346972922152,0.010411990678702132,1.4690190553665161,1
2024-11-20,1.102301001548767,106.68000030517578,18966.140625,0.0003212964017724751,0.0003212964017724751,0.5968711464729075,1.023079252323853,0.8445434462378669,1.0574798040684237,0.899006380425148,1.0229581253869193,0.6574312647183737,0.5944964746634166,0.5615732921494379,0.5574176281690597,86.95586247868073,0.004425206899110412,-0.0011233764864474471,1.469007968902588,1
2024-11-21,1.2503520250320435,106.97000122070312,18972.419921875,0.13431088538907265,0.13431088538907265,0.6175171303976705,1.344209243553332,1.0456024438684808,1.3077357025766752,1.0433960304937813,1.0911502752985274,0.6813303649425506,0.6015977303187052,0.5655096421639124,0.5610204681754112,88.93819337562387,0.002718418772944764,0.00033107931651232825,1.4324109554290771,1
2024-11-22,1.4690190553665161,107.48999786376953,19003.650390625,0.17488437332587892,0.17488437332587892,0.6467143985258574,1.797007528050027,1.3960122022745058,1.7811216769296911,1.3684611107470026,1.173568572316851,0.7127906342347463,0.6111078308688269,0.5707363535960516,0.5656628283858299,91.16715297079445,0.004861144593179212,0.0016460983300286003,1.415423035621643,0
2024-11-23,1.469007968902588,107.48999786376953,19003.650390625,-7.546848277972806e-06,7.546848277972806e-06,0.31268085679342983,1.7625342866740894,1.4475959233786821,1.7521263604374124,1.3622010475555886,1.2235568591526575,0.7440322001775106,0.6207614302635193,0.5759321090247896,0.5703841483592987,91.12304344418718,0.0,0.0,1.4013229608535767,0
2024-11-24,1.4324109554290771,107.48999786376953,19003.650390625,-0.02491273992260934,0.02491273992260934,0.3585918687784806,1.8538689243769269,1.4382708352209104,1.7116925344433218,1.2975775013611828,1.277567710195269,0.7750485996405284,0.6301496631569332,0.580955308675766,0.5749600532650948,87.88706206220552,0.0,0.0,1.4728120565414429,1
2024-11-25,1.415423035621643,106.81999969482422,19054.83984375,-0.01185966900284241,0.01185966900284241,0.2661037988459496,1.7603952804595577,1.493900215669521,1.7050709989981367,1.294713652386151,1.3200658559799194,0.8051373342672984,0.6395704302522871,0.5859118365579181,0.5794320234656334,86.18508618096769,-0.00623312105554652,0.0026936642209673956,1.5413429737091064,1
2024-11-26,1.4013229608535767,107.01000213623047,19174.30078125,-0.00996173893826291,0.00996173893826291,0.271679150167772,1.7137382904427296,1.4591083497019035,1.7007675895455083,1.3194836624488642,1.362833857536316,0.8346353987852733,0.6488090183999803,0.5908144030306074,0.5839269483089446,83.82455091724455,0.0017787159890383375,0.006269322569991687,1.7967309951782227,1
2024-11-27,1.4728120565414429,106.08000183105469,19060.48046875,0.05101543162064548,0.05101543162064548,0.3361251187035994,1.8365473625628845,1.620405615523179,1.8443648743755499,1.4088306455504451,1.4157640082495553,0.8664215664068858,0.6589285413424174,0.5961200257142385,0.5887611335515976,86.24795886379222,-0.008690779241288471,-0.005936086733931978,1.94412100315094,1
2024-11-28,1.5413429737091064,106.08000183105469,19060.48046875,0.04653066008204232,0.04653066008204232,0.23272721829646792,1.9196745926734917,1.7182692010534413,1.973768748744372,1.5294538541303222,1.45733414377485,0.900202465057373,0.6697542296515571,0.6018035256200367,0.593970473408699,86.06478979806968,0.0,0.0,2.320223093032837,1
2024-11-29,1.7967309951782227,105.73999786376953,19218.169921875,0.16569188417198766,0.16569188417198766,0.22308215718137392,2.4356028141172694,2.1726817242028234,2.499112109187006,1.9631521638800908,1.5041501351765223,0.9426610310872395,0.6834255403942532,0.6089326868454615,0.6004296183586121,87.64564135674055,-0.0032051655487963515,0.008273110081539414,2.7138049602508545,1
2024-11-30,1.94412100315094,105.73999786376953,19218.169921875,0.08203231778616771,0.08203231778616771,0.32342440906109027,2.8177136303181607,2.5477306477979,2.737975413227166,2.1719260718192643,1.5720234257834298,0.9904904981454213,0.6989381068282657,0.6168439146545198,0.6076507884263992,86.76899641855077,0.0,0.0,2.525527000427246,1
2024-12-01,2.320223093032837,105.73999786376953,19218.169921875,0.1934561116681155,0.1934561116681155,0.6198026720186711,3.5240162208203456,3.0878720256066403,3.4130421104577744,2.7364136465171494,1.6988537311553955,1.0507356683413187,0.7184118409951528,0.6268131262726254,0.6166568839550018,94.16119529806222,0.0,0.0,2.3544440269470215,0
2024-12-02,2.7138049602508545,106.44999694824219,19403.94921875,0.1696310447042204,0.1696310447042204,0.9173101553055987,4.322751448935826,3.8687636135028622,4.162161264322191,3.3509780602398527,1.8843368632452828,1.1242008328437805,0.7423719962437948,0.6389692038297653,0.6276474186778068,95.25389654321717,0.006714574416649688,0.009666856814682268,2.295206069946289,0
2024-12-03,2.525527000427246,106.37000274658203,19480.91015625,-0.06937785234433524,0.06937785234433524,0.8022447865186566,4.021617292316868,3.524607088431279,3.842088686902093,3.0448947457804616,2.0449374403272356,1.191620699564616,0.7642314520147112,0.6501022537549337,0.6376560336351395,86.77497647721749,-0.0007514720897460192,0.003966251232281781,2.424736976623535,0
2024-12-04,2.3544440269470215,106.33999633789062,19735.119140625,-0.06774149452818456,0.06774149452818456,0.5986045310328914,3.6787012401555845,3.3264632324705525,3.718788184243272,2.7852980505354,2.1708848646708896,1.2533279677232108,0.7843453188737234,0.6604105484154489,0.646821303665638,79.72436358017757,-0.0002820946499634269,0.01304913283496889,2.616624116897583,1
2024-12-05,2.295206069946289,105.70999908447266,19700.259765625,-0.025160061705754577,0.025160061705754577,0.48909497048737793,3.4651293092652393,3.402453894023049,3.6542216205762905,2.584394496698084,2.278579592704773,1.3127005358537038,0.8040548642476399,0.6704219988650746,0.6557490289211273,75.89549046662617,-0.005924367830671962,-0.0017663625312623887,2.6083478927612305,1
2024-12-06,2.424736976623535,105.97000122070312,19859.76953125,0.05643541482977921,0.05643541482977921,0.34952699270544896,3.4701627343368404,3.6177373682428975,3.863256529462717,2.767272286801515,2.368294732911246,1.375444201628367,0.8251620305909051,0.6811228543519974,0.665186048746109,74.78125837090536,0.002459579401024259,0.008096835652052103,2.218951940536499,0
2024-12-07,2.616624116897583,105.97000122070312,19859.76953125,0.07913730112750295,0.07913730112750295,0.3459162843550796,3.716915556580367,3.943640161535509,4.268781036085422,2.8872029654181537,2.464366606303624,1.444173938035965,0.8483546210659875,0.6929006106323666,0.6755842542648316,77.06407033367609,0.0,0.0,2.3691599369049072,0
2024-12-08,2.6083478927612305,105.97000122070312,19859.76953125,-0.003162939637721185,0.003162939637721185,0.12417978279484165,3.707537933646683,3.8335142737885155,4.430437743320429,2.9591566683087454,2.5055272919791087,1.5126495679219565,0.8713402867317199,0.704722987777657,0.6859934437274933,78.10740593418441,0.0,0.0,2.4000699520111084,0
2024-12-09,2.218951940536499,106.1500015258789,19736.689453125,-0.1492883496505184,0.1492883496505184,-0.18234656762828416,2.9660474670686,3.1009836984408743,3.5142854579052667,2.3540292178783484,2.4348340034484863,1.567965066432953,0.8899833308325873,0.7143197206987275,0.6944467735290527,66.3035811338197,0.001698596801946728,-0.006197457524939054,2.3427700996398926,1
2024-12-10,2.3691599369049072,106.4000015258789,19687.240234375,0.06769321751605428,0.06769321751605428,-0.06191462751967647,3.0197358687217646,3.4257553547499207,3.9667402074469784,2.8199256656198397,2.4124958515167236,1.6272909979025523,0.9103594190544553,0.7248316925432947,0.7036138081550598,68.60953605878471,0.0023551577617175745,-0.0025054464613958327,2.421319007873535,1
2024-12-11,2.4000699520111084,106.70999908447266,20034.890625,0.013046825005230467,0.013046825005230467,0.019378640792429236,2.8681669199398367,3.2662146437252098,4.060502846922224,2.873898663951334,2.4190138408115933,1.6866110960642497,0.9307760185665555,0.7355305534270075,0.7129051128029823,68.1119205609198,0.0029135108472564397,0.017658665535963847,2.398705005645752,0
2024-12-12,2.3427700996398926,106.95999908447266,19902.83984375,-0.023874242633304177,0.023874242633304177,0.020723206650772097,2.310404701538816,3.0875409285403412,3.774430487040945,2.7276410022718554,2.425808702196394,1.7411134660243988,0.9504384749465519,0.7458198817239867,0.7219779083132744,65.72308101624841,0.002342798258315959,-0.006591040785879021,2.4469499588012695,1
2024-12-13,2.421319007873535,107.0,19926.720703125,0.03352821868680844,0.03352821868680844,-0.0014096245419408238,2.5076938646041818,3.0612599235855544,3.953274382898196,2.8285840522473698,2.425320420946394,1.7988144993782043,0.9707175864113702,0.7565559206737412,0.7314156433939933,63.1673515112353,0.0003739801408912946,0.0011998719560866178,2.4886579513549805,1
2024-12-14,2.398705005645752,107.0,19926.720703125,-0.009339538554914872,0.009339538554914872,-0.08328254327572593,2.1030832595350186,3.201068316489674,3.748406700130664,2.8972156569640726,2.3941891193389893,1.8530044337113698,0.9910256975226932,0.7670756152934498,0.7407679933309556,60.11556164140823,0.0,0.0,2.565190076828003,1
2024-12-15,2.4469499588012695,107.0,19926.720703125,0.020112916361939126,0.020112916361939126,-0.06187745676406031,1.7429376868259707,3.1799122333655756,3.984132740372238,2.9477439695296885,2.3711322716304233,1.9048330664634705,1.0117095079686906,0.7779422928889592,0.7503865030407906,53.30173214357815,0.0,0.0,2.3033180236816406,0
2024-12-16,2.4886579513549805,106.86000061035156,20173.890625,0.017044889865317492,0.017044889865317492,0.12154657606206287,1.2238229614852858,3.257740827442232,4.0455211353523195,3.0769732592593675,2.4096617017473494,1.9504853328069052,1.0328667965200213,0.7890279425515069,0.760235487818718,42.81700712674352,-0.0013084055107330794,0.01240394370741793,2.2488911151885986,0
2024-12-17,2.565190076828003,106.95999908447266,20109.060546875,0.03075236813132709,0.03075236813132709,0.08274246785516359,1.4329933857604633,3.3830599043760783,4.248835814400605,3.187860359334672,2.4376660074506487,2.0008471687634786,1.0548661198880938,0.8005639096101125,0.7704724383354187,51.362545626633064,0.0009357895709332098,-0.00321356347816526,2.276885986328125,0
2024-12-18,2.3033180236816406,108.02999877929688,19392.689453125,-0.10208680265525638,0.10208680265525638,-0.040312128506252765,1.060330817247778,2.921402412108235,3.710685630288369,2.8042699125977837,2.4238443034035817,2.040359902381897,1.073932198021147,0.8106436986062262,0.7793974635004998,48.34679153990974,0.0100037369482322,-0.03562429443583959,2.238111972808838,0
2024-12-19,2.2488911151885986,108.41000366210938,19372.76953125,-0.023629784481973393,0.023629784481973393,-0.04007178701218872,1.0408342845113174,2.8431350419758923,3.6214428686994857,2.6429968289720835,2.4104330199105397,2.0785913745562237,1.092417977253596,0.8204340881771511,0.788074509203434,48.49768712537687,0.0035175866620977825,-0.0010271871739683247,2.1993319988250732,0
2024-12-20,2.276885986328125,107.62000274658203,19572.599609375,0.01244829994233787,0.01244829994233787,-0.059650554543102086,1.0655755398289846,2.806604012838484,3.748567730920933,2.6493820428292483,2.3897997311183383,2.117744207382202,1.1110706991619534,0.8304196269975768,0.7968584391474723,44.86599625330617,-0.007287158830744156,0.010314997956417882,2.2572619915008545,0
2024-12-21,2.238111972808838,107.62000274658203,19572.599609375,-0.017029404964548522,0.017029404964548522,-0.06694988856859496,0.7899854824896058,2.808768021241055,3.720331166109215,2.5786775015763634,2.3668578692844937,2.150669538974762,1.1294094880421957,0.8402194546328651,0.8054201740026474,35.29257001938949,0.0,0.0,2.3246240615844727,1
2024-12-22,2.1993319988250732,107.62000274658203,19572.599609375,-0.017327092859923177,0.017327092859923177,-0.10119453366242981,0.497143274480089,2.7591241515432015,3.623505044062717,2.5461372473850616,2.33148387500218,2.175013303756714,1.1473457879490323,0.8497952712906731,0.8137882789969444,34.4753318297972,0.0,0.0,2.2959699630737305,1
2024-12-23,2.2572619915008545,108.04000091552734,19764.880859375,0.026339812591609002,0.026339812591609002,-0.09298021840572335,0.5365893441593284,2.8158819909716004,3.8067760429686537,2.679210704155512,2.298427309308733,2.201288437843323,1.165853765938017,0.8597267268432511,0.822466698884964,51.94300843932469,0.003902603217120326,0.00982400160619945,2.154339075088501,0
2024-12-24,2.3246240615844727,108.26000213623047,20031.130859375,0.029842379988345602,0.029842379988345602,-0.09378097062538271,0.6228750923565325,2.9836518033914143,3.89750250191831,2.596613159580163,2.2640607357025146,2.2310288747151694,1.1851991335550944,0.8700043327278562,0.831595064252615,47.53399849555651,0.002036294139567296,0.013470862885252899,2.1416499614715576,0
2024-12-25,2.2959699630737305,108.26000213623047,20031.130859375,-0.01232633653942794,0.01232633653942794,-0.003190206707176735,0.6221086595961454,2.8886995575542413,3.8758612427033725,2.6890815495183267,2.2630110127585277,2.260380438963572,1.2041496773560842,0.8801436935861905,0.8406091891229153,44.221430206843074,0.0,0.0,2.180824041366577,0
2024-12-26,2.154339075088501,108.12999725341797,20020.359375,-0.06168673382626533,0.06168673382626533,-0.042043849727321336,0.5373608620358619,2.6580750777663806,3.5643356008852667,2.39342957113602,2.2495035784585133,2.2854809761047363,1.2215431451797485,0.8894900550444921,0.8488879695534706,40.4356807557189,-0.0012008579368851802,-0.0005377372076803555,2.093179941177368,0
2024-12-27,2.1416499614715576,108.0,19722.029296875,-0.005890026209742327,0.005890026209742327,-0.05939516764063313,0.4541230511792016,2.483484896092926,3.5041567421280506,2.3726876024487353,2.2301841463361467,2.30777557293574,1.23850813375579,0.8987465381622315,0.8571130794286728,34.78758300892319,-0.0012022311728474566,-0.014901334813076983,2.0575709342956543,0
2024-12-28,2.180824041366577,108.0,19722.029296875,0.0182915418484646,0.0182915418484646,-0.025596543934468197,0.41488564100604797,2.397202788502187,3.5754017058767547,2.498262827530488,2.2220001561301097,2.3290916085243225,1.2556067678663465,0.9082142217291727,0.8656155996024608,38.358237893947816,0.0,0.0,2.0801279544830322,0
2024-12-29,2.093179941177368,108.0,19722.029296875,-0.04018852439570886,0.04018852439570886,-0.048265590508578815,0.1649935058696641,2.4230701561233294,3.3201106078789415,2.3660853244633686,2.2068355764661516,2.3389732400576273,1.2720699674553342,0.917151221467389,0.8736237992346286,31.861152925465916,0.0,0.0,2.322340965270996,1
2024-12-30,2.0575709342956543,108.12999725341797,19486.7890625,-0.017011918651238633,0.017011918651238633,-0.08846605221595283,0.058355385781461155,2.443460426997204,3.4081988437266135,2.3459647854928343,2.1783082825796947,2.342754904429118,1.2882926444212595,0.9259890599383248,0.8815266288816929,27.75777028323658,0.001203678272388542,-0.011927790534834837,2.403369903564453,1
2024-12-31,2.0801279544830322,108.48999786376953,19310.7890625,0.01096293683556504,0.01096293683556504,-0.10517662238030479,-0.10347933320324332,2.8532948667314204,3.7976308481888195,2.3013606442215333,2.143380267279489,2.3347517331441243,1.3054070552190145,0.9351365819573403,0.889555893689394,23.496717211192745,0.003329331540699476,-0.00903175989823235,2.4528961181640625,1
2025-01-01,2.322340965270996,108.48999786376953,19310.7890625,0.11644139980233104,0.11644139980233104,0.011485778394923596,-0.14424912648979493,3.449329775612836,4.458013375506106,2.7135887379251513,2.1471475533076694,2.3217029333114625,1.325411366091834,0.9456746318274074,0.8987141434848308,51.06221297298219,0.0,0.0,2.4195950031280518,1
2025-01-02,2.403369903564453,109.38999938964844,19280.7890625,0.03489106014370358,0.03489106014370358,0.11559500143482371,-0.04836895303123967,3.4978206875503774,4.352085299180672,3.1253905486660116,2.1827233859470914,2.3176310300827025,1.3461783541573418,0.9565319480167495,0.9082868330180645,58.37700051275806,0.008295709683846075,-0.001553535689448271,2.3997271060943604,0
2025-01-03,2.4528961181640625,108.94999694824219,19621.6796875,0.020606987932301424,0.020606987932301424,0.14533007834699707,0.04181543077271743,3.6325110156854263,4.842691256471783,3.1699891425447584,2.227187122617449,2.320912766456604,1.3675494664245182,0.9678267987238036,0.9180255137383938,59.32679406614565,-0.00402232785319756,0.017680325421069565,2.418807029724121,0
2025-01-04,2.4195950031280518,108.94999694824219,19621.6796875,-0.013576243522671394,0.013576243522671394,0.10948657811560669,0.054195104662072335,3.534541499798708,4.607664449105288,3.1971444907530424,2.2612972600119456,2.3250590642293294,1.3885050555070242,0.978871882127391,0.9276687487959862,59.6729081817431,0.0,0.0,2.2723500728607178,0
2025-01-05,2.3997271060943604,108.94999694824219,19621.6796875,-0.008211248993325815,0.008211248993325815,0.14645045984176885,-0.010314467412461892,3.5283509940649997,4.505021770142355,3.2210665933882288,2.3050897121429443,2.324225401878357,1.409280534585317,0.9897819437914425,0.9372011792659759,60.90066484201702,0.0,0.0,2.375304937362671,0
2025-01-06,2.418807029724121,108.26000213623047,19864.98046875,0.007950872239308016,0.007950872239308016,0.17556434600011728,-0.07560011615577589,3.5563248450258786,4.509334005626381,3.383953725083664,2.3566948686327254,2.317631498972575,1.4302576349841223,1.0007806605762906,0.9468516343832016,59.17517670741791,-0.006333132917291429,0.01239958989876877,2.275212049484253,0
2025-01-07,2.2723500728607178,108.54000091552734,19489.6796875,-0.06054925219896834,0.06054925219896834,0.0924087953163717,-0.12881633651438307,3.3338002060060035,4.060451111531742,2.93192531429911,2.384155171258109,2.3064315716425576,1.4496800581614175,1.0109101553757986,0.9557686047255993,47.275785625340596,0.002586354828854942,-0.018892582443783112,2.343251943588257,1
2025-01-08,2.375304937362671,109.08999633789062,19478.880859375,0.04530765999991404,0.04530765999991404,0.022806285934629855,0.07046254313573308,3.4819017270238595,4.003485904210707,3.191963750367642,2.391721452985491,2.3116433382034303,1.4701837016476524,1.0214689049455854,0.9652120244503021,53.83730442726599,0.005067214093643857,-0.000554079302387156,2.576770067214966,1
2025-01-09,2.275212049484253,109.18000030517578,19478.880859375,-0.04213896342486123,0.04213896342486123,-0.053324231900436336,-0.03965451464766401,3.2266853797284387,3.3227945485646924,2.792089623187427,2.373413188116891,2.308511741956075,1.489482757780287,1.0311849219931497,0.9741906397044658,56.09118966697168,0.0008250432698373444,0.0,2.5063140392303467,1
2025-01-10,2.343251943588257,109.6500015258789,19161.630859375,0.029904858371081255,0.029904858371081255,-0.0446998850721293,-0.02367348017304316,3.3428939448085933,3.4815794468538908,2.891830878610041,2.357749734606062,2.30661780834198,1.5095237791538239,1.0412981940640345,0.9835361844301224,59.62258456717601,0.004304828900800528,-0.01628686998448936,2.522934913635254,1
2025-01-11,2.576770067214966,109.6500015258789,19161.630859375,0.0996555766295959,0.0996555766295959,0.06495924478423798,0.09988174580640297,3.8477446300702614,3.790621995889892,3.518278893356313,2.3802033151899065,2.314417807261149,1.5322485579384697,1.0526253723435932,0.9940416097640992,65.94126857602733,0.0,0.0,2.669132947921753,1
2025-01-12,2.5063140392303467,109.6500015258789,19161.630859375,-0.027342768716950294,0.027342768716950294,0.04441627252752922,0.03510278120331467,3.5733903529231856,3.325885290149003,3.35821574327585,2.395430019923619,2.3172509749730428,1.5540073692798615,1.0633305837710698,1.0042251800000668,66.8667209679542,0.0,0.0,3.155057907104492,1
2025-01-13,2.522934913635254,109.95999908447266,19088.099609375,0.00663160088669934,0.00663160088669934,0.043049272898388,0.05179040678078639,3.659572699730968,3.027120957128318,3.3783240200811244,2.4103054319109236,2.321391971906026,1.5760238462024265,1.0738664110501608,1.0144665795564651,69.29827787697765,0.002827155077791632,-0.003837421278994335,3.245539903640747,1
2025-01-14,2.669132947921753,109.2699966430664,19044.390625,0.05794760439374347,0.05794760439374347,0.17461344526088585,0.09079997256230277,3.870280811631175,3.686191706748504,3.634555170624406,2.4669886997767856,2.3287980715433756,1.5995914902951982,1.085530627436108,1.0254578192532062,72.15379256985378,-0.006275031349137983,-0.002289855211858427,3.2986350059509277,1
2025-01-15,3.155057907104492,109.08999633789062,19511.23046875,0.1820534865305572,0.1820534865305572,0.3282748911420148,0.26777482835143407,4.803387059497857,4.498992568118653,4.4780352707764335,2.5783819811684743,2.3510114034016927,1.628607044617335,1.0998712158865398,1.0388731387257577,76.46794747435555,-0.001647298533043462,0.024513246600664118,3.2740190029144287,1
2025-01-16,3.245539903640747,108.95999908447266,19338.2890625,0.028678394882233116,0.028678394882233116,0.4264779866898336,0.26522394303584473,4.938328595128424,4.457890413034997,4.714250153688643,2.7170002460479736,2.3736897309621177,1.6585959215958914,1.1145983765522638,1.052723423242569,76.60851435216719,-0.0011916514600964767,-0.008863685277409328,2.954716920852661,0
2025-01-17,3.2986350059509277,109.3499984741211,19630.19921875,0.016359405179588116,0.016359405179588116,0.40771674807604286,0.43212312500310524,5.0608041710559615,4.521032922236434,4.976794982603203,2.8534835406712125,2.406866963704427,1.6892001218265957,1.129604865445031,1.0668333932757377,76.66114797089472,0.003579289582648526,0.01509493188909139,3.09983491897583,0
2025-01-18,3.2740190029144287,109.3499984741211,19630.19921875,-0.007462481599840642,0.007462481599840642,0.27059028066600677,0.45583704822448,4.9782835927782925,4.388116699104229,5.015586731061975,2.9530905314854214,2.441037893295288,1.7194930884573194,1.1444180988603168,1.080780888348818,77.08324075627522,0.0,0.0,3.1693999767303467,0
2025-01-19,2.954716920852661,109.3499984741211,19630.19921875,-0.09752603200455923,0.09752603200455923,0.17890929652215992,0.29770086802530527,4.422862258737394,3.945488900516927,4.341851659401154,3.0171480860028947,2.463632257779439,1.7462692432933384,1.157513987355762,1.093220672905445,64.78523704438044,0.0,0.0,3.171104907989502,1
2025-01-20,3.09983491897583,109.3499984741211,19630.19921875,0.04911401058389431,0.04911401058389431,0.2286622624399497,0.38502226726642585,4.811692647409683,4.009081178521898,4.676199507062806,3.09956237248012,2.4923563559850055,1.7747854199674395,1.171297275688913,1.106551977545023,67.00125109068682,0.0,0.0,3.1198909282684326,0
2025-01-21,3.1693999767303467,108.05999755859375,19756.779296875,0.022441536266550877,0.022441536266550877,0.1874267931082687,0.44107391627253323,5.03452730033145,4.283953492924696,5.017284482622045,3.1710290908813477,2.5246919552485148,1.8041652977466582,1.185572742091285,1.1202715174853801,73.28809449476255,-0.011796990704418087,0.006448231967207674,3.103482961654663,0
2025-01-22,3.171104907989502,108.16999816894531,20009.33984375,0.0005379350260847904,0.0005379350260847904,0.005086119290830027,0.40484574671858664,4.963402663843813,4.249582839109547,5.124934249040287,3.1733215195792064,2.5551533857981363,1.8334913412729898,1.199834058350987,1.1338817770779133,71.80591753643338,0.0010179586603442647,0.012783487788161407,3.109705924987793,0
2025-01-23,3.1198909282684326,108.05000305175781,20053.6796875,-0.01615020038978754,0.01615020038978754,-0.03871435234284604,0.34210558164054405,5.215925488341195,4.227742877719872,5.023094687158711,3.15537166595459,2.5816622813542685,1.8625799185699887,1.2138512578275469,1.147382116764784,73.78231466410041,-0.001109319767206518,0.0022159573527285037,3.0262279510498047,0
2025-01-24,3.103482961654663,107.44000244140625,19954.30078125,-0.005259147512210016,0.005259147512210016,-0.05916145434223519,0.3517088688302674,5.05249420472777,4.15574114057884,5.042536282568201,3.1274928024836948,2.608579381306966,1.891365718179279,1.2277486797836092,1.1607421316206454,72.045610043037,-0.0056455399641160975,-0.004955644440254314,3.053184986114502,0
2025-01-25,3.109705924987793,107.44000244140625,19954.30078125,0.0020051546633308437,0.0020051546633308437,-0.05018696524985633,0.4434616913124714,5.022115013027164,4.164886554014141,4.843235875524296,3.1040195056370328,2.640424942970276,1.9201804392867619,1.2416799015469022,1.174111081212759,67.80098528789432,0.0,0.0,3.06112003326416,0
2025-01-26,3.0262279510498047,107.44000244140625,19954.30078125,-0.02684433060605751,0.02684433060605751,0.024202328721394828,0.4130357460331384,4.828332864969905,3.8197783412005357,4.707064081902933,3.1142353670937672,2.6699108759562176,1.9480360050996144,1.2550040735138788,1.1870470309257508,67.21626340221331,0.0,0.0,3.068294048309326,0
2025-01-27,3.053184986114502,107.33999633789062,19341.830078125,0.008907800569136093,0.008907800569136093,-0.015049166836516914,0.40001436530444434,4.783467263771399,3.8934031934974147,4.8256440070884965,3.1075710909707204,2.698989574114482,1.976094549232059,1.268499884671635,1.200067750811577,67.43915432533808,-0.0009308088350999943,-0.03069366899092285,3.1310689449310303,1
2025-01-28,3.06112003326416,107.87000274658203,19733.58984375,0.002598940839073194,0.002598940839073194,-0.034164177529240614,0.4624256486723004,4.853292801680593,4.1321121554351175,4.720757005347141,3.092102527618408,2.731254243850708,2.0042961716651915,1.2821924183103772,1.2129997009038924,64.18164017855219,0.004937641389729741,0.020254534552450076,3.0354199409484863,0
2025-01-29,3.068294048309326,108.0,19632.3203125,0.002343591550546309,0.002343591550546309,-0.03242114741178914,0.491221516190236,5.025277228664942,4.4715634571462095,5.008039830576029,3.077415261949812,2.7649450143178305,2.0327301389641232,1.2961231019761827,1.2257095262408257,45.197247108297056,0.0012051288598124987,-0.0051318352135546474,2.8844690322875977,0
2025-01-30,3.1310689449310303,107.80000305175781,19681.75,0.02045921793456995,0.02045921793456995,0.003582822899774074,0.5052290116014451,5.1050192707371504,4.627461516673502,5.222401375569196,3.0790121214730397,2.799976380666097,2.06182126071718,1.310426868332757,1.2387505561113357,43.46302376710945,-0.0018518235948350448,0.0025177710384303165,2.5797948837280273,0
2025-01-31,3.0354199409484863,108.37000274658203,19627.439453125,-0.030548354464500882,0.030548354464500882,-0.021931172668622656,0.3070518008944825,4.953554557332218,4.7994708652464695,5.000525515423407,3.069288832800729,2.823745679855347,2.0898831486701965,1.3243825568093195,1.2512382659316064,35.66552493332675,0.005287566592651727,-0.0027594368831531657,2.7011559009552,0
2025-02-01,2.8844690322875977,108.37000274658203,19627.439453125,-0.04972982704123652,0.04972982704123652,-0.0724302870217799,0.20017689661904448,4.735317646272445,4.893093625245482,4.651256549467191,3.037112133843558,2.8397823174794516,2.11634468237559,1.3376881291468938,1.2627637311816216,31.351499295669683,0.0,0.0,2.5354249477386475,0
2025-02-02,2.5797948837280273,108.37000274658203,19627.439453125,-0.10562573047211432,0.10562573047211432,-0.14752129533629776,0.051734260013809985,4.126513683783126,4.101463569642728,3.9712871705623662,2.9733359813690186,2.8440122763315836,2.139417670170466,1.3492108951012294,1.2725302755832673,31.79682470008008,0.0,0.0,2.382314920425415,0
2025-02-03,2.7011559009552,108.98999786376953,19391.9609375,0.04704289398845374,0.04704289398845374,-0.11529897034090153,0.11636695292524024,4.254870375334996,3.495857159169632,4.367018598680613,2.923046112060547,2.8533976395924885,2.1637190798918406,1.360879483487871,1.2831881850957871,30.186297369115152,0.005721095335185389,-0.011997413936106094,2.3268799781799316,0
2025-02-04,2.5354249477386475,107.95999908447266,19654.01953125,-0.061355567502766495,0.061355567502766495,-0.17173292122261175,0.056547197095731416,3.6742233183871287,3.10543929032316,4.00830613072675,2.847946814128331,2.8579209009806315,2.1858635014957852,1.3715341942177879,1.2929965499043465,21.241381339133753,-0.0094503972794302,0.01351377483662497,2.393583059310913,0
2025-02-05,2.382314920425415,107.58000183105469,19692.330078125,-0.06038830983728849,0.06038830983728849,-0.22357020451214427,-0.015086821251246385,3.294532881609144,3.0992905837450975,3.7160264687180424,2.7499497958592007,2.856704497337341,2.2061699781152937,1.3815406494670444,1.3019348695874213,18.540010387689804,-0.00351979674546532,0.0019492474205637933,2.4243760108947754,0
2025-02-06,2.3268799781799316,107.69000244140625,19791.990234375,-0.02326935946637332,0.02326935946637332,-0.2568416668221315,0.023997141096558705,3.1995455417295124,2.9736398766945715,3.528862989792631,2.635065657751901,2.858522160847982,2.225867766804165,1.3912145439121457,1.3105819344520568,18.477796283481084,0.0010225005435891,0.005060861556485108,2.396939992904663,1
2025-02-07,2.393583059310913,108.04000091552734,19523.400390625,0.028666317883381476,0.028666317883381476,-0.21144912207337496,0.0076950633414405445,3.27817468967044,3.3288920796924755,3.651988725220577,2.543374674660819,2.85913143157959,2.246246612071991,1.4014403829971949,1.3195116648077965,22.86638997857405,0.0032500554014893712,-0.013570633401157828,2.422696113586426,0
2025-02-08,2.4243760108947754,108.04000091552734,19523.400390625,0.012864793416747844,0.012864793416747844,-0.15950700674638008,0.06556046564729434,3.11342056669831,3.2625040556073017,3.608808095238527,2.47764710017613,2.8641035636266072,2.266635434495078,1.4117493162552515,1.3286462599039077,24.288416628830277,0.0,0.0,2.4142160415649414,0
2025-02-09,2.396939992904663,108.04000091552734,19523.400390625,-0.011316733818029445,0.011316733818029445,-0.07087962379362622,0.022911769885995747,2.8631223985223793,3.158473340888369,3.5733355775070113,2.4515249729156494,2.8658931652704873,2.2863740232255725,1.4218634327252706,1.337536744773388,25.35459300915197,0.0,0.0,2.472835063934326,1
2025-02-10,2.422696113586426,108.31999969482422,19714.26953125,0.010745417389673939,0.010745417389673939,-0.10308912094644507,-0.059793442802239194,2.4233425661566588,3.2563777186493432,3.6051506731360234,2.411745003291539,2.8607573668162027,2.3054295467005836,1.4321606778436238,1.346651145219803,25.28431160701669,0.0025916214080357047,0.009776429146874044,2.5625150203704834,1
2025-02-11,2.4142160415649414,107.95999908447266,19643.859375,-0.003500262362220452,0.003500262362220452,-0.047806150318830176,-0.03674639180239647,2.4974040055397104,3.3037607173447388,3.5388787741836367,2.3944294452667236,2.8576874335606894,2.3245843026373123,1.4424565725856358,1.3557018855214118,24.651656841770915,-0.00332349161157508,-0.0035715325966498845,2.7401959896087646,1
2025-02-12,2.472835063934326,107.94000244140625,19649.94921875,0.02428076914416777,0.02428076914416777,0.037996716023063204,-0.01985776542635409,2.19898156397938,3.3804516246266108,3.711642913845913,2.4073608943394254,2.8560174385706585,2.343471281396018,1.4530583451191583,1.3650820857286454,27.57171290913186,-0.0001852227050387345,0.0003100125914030638,2.76157808303833,1
2025-02-13,2.5625150203704834,107.30999755859375,19945.640625,0.03626604853033544,0.03626604853033544,0.10126652186627338,-0.03994477968371135,1.8724817183736566,3.5248615551459723,3.759491501593624,2.44102304322379,2.8524635076522826,2.362031548553043,1.4641483230723276,1.3748849257826805,29.01051882223834,-0.005836620979830842,0.015047947603236134,2.7278249263763428,1
2025-02-14,2.7401959896087646,106.56999969482422,20026.76953125,0.06933850838954014,0.06933850838954014,0.14480923440260218,-0.1314910628301149,1.4485931292181276,3.8595803938858717,3.8692522408076204,2.490539176123483,2.8386347770690916,2.3800438377592297,1.4762389951282078,1.385575475692749,39.72354994181493,-0.006895889298343061,0.004067500652163103,2.658273935317993,0
2025-02-15,2.76157808303833,106.56999969482422,20026.76953125,0.007803125583224491,0.007803125583224491,0.1390881903748511,-0.14911596682558836,1.619260565128025,3.6133485586195757,3.888094854267404,2.538710900715419,2.8225027163823446,2.3990132053693136,1.4882555067539216,1.3962439811229705,45.29816886170956,0.0,0.0,2.558877944946289,0
2025-02-16,2.7278249263763428,106.56999969482422,20026.76953125,-0.012222416186346452,0.012222416186346452,0.13804472971837156,-0.17304432850097407,1.4400546090836492,3.5889912880444275,3.9607100103234973,2.585980176925659,2.8034757137298585,2.4169008599387274,1.5001077118847106,1.4067634108662606,57.144856172604385,0.0,0.0,2.7408010959625244,0
2025-02-17,2.658273935317993,106.56999969482422,20026.76953125,-0.025496867627330277,0.025496867627330277,0.09723787494867886,-0.18807009582055534,1.4123429312249365,3.428427010261105,3.7733158434049194,2.6196341514587402,2.7829508781433105,2.434193381998274,1.511541039413876,1.4170724606513978,47.82128267409751,0.0,0.0,2.6908280849456787,0
2025-02-18,2.558877944946289,107.05000305175781,20041.259765625,-0.03739117667713732,0.03739117667713732,0.05992086080563652,-0.13396849394023924,1.3213967340599222,3.2819171319282177,3.54833219989255,2.6403001376560757,2.769756245613098,2.4503775702582464,1.5224370224608315,1.4270629954338074,51.277708979695426,0.004504113336850413,0.0007235432730370306,2.5701398849487305,0
2025-02-19,2.7408010959625244,107.16999816894531,20056.25,0.07109489195275165,0.07109489195275165,0.10836389209147623,-0.11582353009041157,1.1920235590391308,3.4840087493877308,3.8688825301791647,2.6785809993743896,2.7577884515126545,2.4669381154908074,1.5342679229047564,1.4379850459098815,68.93569219299394,0.0011209258642381759,0.0007479686681528541,2.5757060050964355,0
2025-02-20,2.6908280849456787,106.33999633789062,19962.359375,-0.018232994393668656,0.018232994393668656,0.050073097544865997,-0.1509976321380484,0.8317176180361558,3.3888177639358217,3.901290327974057,2.6969114371708462,2.7418360551198324,2.4805137713750205,1.5458108011219236,1.448822206258774,69.33576803396488,-0.007744721892653739,-0.0046813649111873135,2.5770199298858643,0
2025-02-21,2.5701398849487305,106.61000061035156,19524.009765625,-0.04485169478948137,0.04485169478948137,-0.062059832692592964,-0.18951281666105035,0.7495751822699339,3.2822530837684045,3.7514760004676564,2.6726177079336986,2.72180388768514,2.4927485704422,1.5567550003528594,1.4592255756258965,58.87120636561254,0.002539066031213899,-0.02195880763092417,2.2779290676116943,0
2025-02-22,2.5757060050964355,106.61000061035156,19524.009765625,0.0021656876266935576,0.0021656876266935576,-0.06730647200726447,-0.17442434228751214,0.7981613414321351,3.3844043558356844,3.8186010870660905,2.6460645539419994,2.7036643902460735,2.505451848771837,1.5678007559643852,1.4695756205916404,57.8014411041123,0.0,0.0,2.3207170963287354,0
2025-02-23,2.5770199298858643,106.61000061035156,19524.009765625,0.0005101221905097209,0.0005101221905097209,-0.055283971867948534,-0.16963619206986336,0.8206711810042406,3.540572250969757,3.7274535998990546,2.6245209830147878,2.6861156225204468,2.5183584809303285,1.5789644555913078,1.4794566702842713,59.54052972543646,0.0,0.0,2.1924350261688232,0
2025-02-24,2.2779290676116943,106.5999984741211,19286.9296875,-0.11606074862114735,0.11606074862114735,-0.1430796362455401,-0.2674776578365248,0.6255560861032046,2.997418544245137,3.1995283494174585,2.5701860019138882,2.6583897272745767,2.528098548783196,1.5884537835915884,1.4877584305405618,44.05277541456925,-9.381986842893486e-05,-0.012143001410622967,2.198647975921631,0
2025-02-25,2.3207170963287354,106.30999755859375,19026.390625,0.018783740602556387,0.018783740602556387,-0.09307237536980406,-0.2331320925366267,0.5757048470789956,3.1289858296928923,3.208734130569738,2.536163023539952,2.6348726987838744,2.537519715891944,1.5982241286171808,1.4964562511444093,46.264242608989726,-0.002720458908803347,-0.013508581548304033,2.145595073699951,0
2025-02-26,2.1924350261688232,106.41999816894531,19075.259765625,-0.05527691003907731,0.05527691003907731,-0.20007510599784106,-0.2819187058302266,0.42241867226534335,2.8665168678222117,2.7397102435323615,2.457825013569423,2.606181033452352,2.5447540720303854,1.6072541508409712,1.5044905313849448,39.387377248323084,0.0010347155759355964,0.0025684924475790627,2.190603017807007,0
2025-02-27,2.198647975921631,107.23999786376953,18544.419921875,0.002833812486413567,0.002833812486413567,-0.18291027649727531,-0.28175048608690156,0.2236934643093531,2.8823898902407246,2.8183498876766913,2.3875135694231306,2.5774319648742674,2.5492198162608677,1.6163226783275604,1.5127191111445426,35.29950719310051,0.007705315814067637,-0.02782870850894581,2.9369421005249023,1
2025-02-28,2.145595073699951,107.61000061035156,18847.279296875,-0.02412978466888993,0.02412978466888993,-0.16518354262933366,-0.3007205176823894,0.10363247463633773,2.915390754172374,2.659395575903427,2.326864310673305,2.5466753323872884,2.5514584170447456,1.6251982619365057,1.5206032463908195,23.28773138989351,0.0034502308276065374,0.016331563687400408,2.385741949081421,1
2025-03-01,2.190603017807007,107.61000061035156,18847.279296875,0.020976905036159676,0.020976905036159676,-0.14951356502933277,-0.30036576762276934,-0.05586535002390636,2.8595016240431903,2.639540310747463,2.2718495982033864,2.515326468149821,2.5500181939866806,1.6342150174909167,1.5286742663383484,24.88230618829374,0.0,0.0,2.455146074295044,1
2025-03-02,2.9369421005249023,107.61000061035156,18847.279296875,0.34070028966957633,0.34070028966957633,0.1396660407880428,-0.03244290488281243,0.08222298342819068,4.269087883411687,3.5544505146363203,2.3232670511518205,2.5120438734690347,2.5524974955452815,1.647434745894538,1.5405130168795587,55.654305770531245,0.0,0.0,2.500509023666382,0
2025-03-03,2.385741949081421,106.75,18350.189453125,-0.1876782492051745,0.1876782492051745,0.047329340936310915,-0.17290082771686033,-0.055348864344819004,3.2741752244800892,2.8045743357601456,2.3386688913617815,2.495419637362162,2.5509443283081055,1.6575878901614083,1.5496369516849517,44.15376769036073,-0.007991827947901986,-0.026374620756663858,2.601728916168213,1
2025-03-04,2.455146074295044,105.73999786376953,18285.16015625,0.029091212165819336,0.029091212165819336,0.05792562056743966,-0.04831733337375066,0.042771051762314105,3.5115106153343003,2.7763750224388493,2.357873031071254,2.4912646770477296,2.552063239945306,1.6682042794095144,1.5590901020169259,47.74578508549824,-0.009461378325343994,-0.0035437943047462728,2.3816239833831787,0
2025-03-05,2.500509023666382,105.73999786376953,18552.73046875,0.018476680408664903,0.018476680408664903,0.14051681980099695,-0.0742818573403573,0.0894485930515585,3.796247200817766,3.217414137888465,2.401883602142334,2.484576447804769,2.554344383875529,1.6791996240615845,1.5687610521912574,44.448689298495275,0.0,0.014633194908524993,2.323438882827759,0
2025-03-06,2.601728916168213,104.05999755859375,18069.259765625,0.04047971494756575,0.04047971494756575,0.18333127661221815,0.026151027853812847,0.07299428401967978,3.9548058012287077,3.2494342575926307,2.4594665936061313,2.4867865800857545,2.556310960981581,1.690736495786243,1.578950321674347,47.98921249514264,-0.01588803044369469,-0.026059274883519334,2.1345760822296143,0
2025-03-07,2.3816239833831787,103.83999633789062,18196.220703125,-0.08459948744744761,0.08459948744744761,0.11000626939183333,-0.00029002758464569123,-0.0898104286346767,3.4996497196124023,2.788630246390269,2.4931850092751637,2.4867635488510134,2.5536998483869766,1.7010272347264819,1.5878654116392135,45.92828716607617,-0.002114176685226732,0.007026349676013233,2.018294095993042,0
2025-03-08,2.323438882827759,103.83999633789062,18196.220703125,-0.02443085094934505,0.02443085094934505,0.060638949157357125,-0.0014788452281343512,-0.10922968164030578,3.305551048458722,2.7357026904436776,2.5121615614209856,2.4866488456726072,2.550534192721049,1.7109372397263845,1.5965104660391807,44.672434945737216,0.0,0.0,2.1669158935546875,0
2025-03-09,2.1345760822296143,103.83999633789062,18196.220703125,-0.08128589135440811,0.08128589135440811,-0.2731977651693869,-0.10820889464176942,-0.038025094985375985,2.9450434037741817,2.4328704984022003,2.3975378445216586,2.4780152797698975,2.5495966831843058,1.7197900070084466,1.6041819715499879,41.341993280907836,0.0,0.0,2.240755081176758,1
2025-03-10,2.018294095993042,103.91000366210938,17468.3203125,-0.05447544700075202,0.05447544700075202,-0.15401827227368692,-0.16749955991845467,-0.14809715268536905,2.770313588229432,2.317205723665101,2.3450452940804616,2.4644792159398397,2.5456981738408406,1.728028796447648,1.6112854370474816,44.52779088755084,0.0006741845790416701,-0.040002833692822315,2.2510080337524414,1
2025-03-11,2.1669158935546875,103.44000244140625,17436.099609375,0.07363733454738197,0.07363733454738197,-0.11739838364734256,-0.09596573132030206,-0.09714469291240968,2.851774532262099,2.0178374144834517,2.3038695539746965,2.4568117459615073,2.543107573191325,1.7369417958789402,1.6190638214349746,46.89684028398124,-0.004523156617638691,-0.001844522114810565,2.356442928314209,1
2025-03-12,2.240755081176758,103.61000061035156,17648.44921875,0.034075705403102674,0.034075705403102674,-0.10388042595773506,-0.07509857773302508,-0.04354461348077454,2.909550538720206,2.2559223871408776,2.26676184790475,2.4507470448811848,2.541974072986179,1.7462062739663653,1.6272020468115806,50.996825900229176,0.001643447070117876,0.012178733439950351,2.393238067626953,1
2025-03-13,2.2510080337524414,103.83000183105469,17303.009765625,0.004575668560036883,0.004575668560036883,-0.13480300742950113,-0.0676029009014062,-0.07033809818833625,2.7755986243120385,2.257845155935228,2.2166588647024974,2.4453067779541016,2.540081728829278,1.7553996576203241,1.6354561668634415,51.07837223704371,0.0021233589364648697,-0.01957336017705169,2.2978670597076416,1
2025-03-14,2.356442928314209,103.72000122070312,17754.08984375,0.04683896857800507,0.04683896857800507,-0.01057306075377995,-0.04706829716128946,-0.01761870560659695,3.12705093058824,2.5172522577705823,2.213061571121216,2.4414270401000975,2.539612150192261,1.765318923857477,1.6443010315299034,54.250762903215886,-0.0010594299182480338,0.026069457524154904,2.3406379222869873,0
2025-03-15,2.393238067626953,103.72000122070312,17754.08984375,0.015614695722364624,0.015614695722364624,0.030041325947960607,-0.06605891142017839,-0.021950547448313706,3.0881608715572977,2.7763898324198157,2.2230328832353865,2.4357844750086466,2.539015351401435,1.7753624296850627,1.6534294518828392,54.09876290531149,0.0,0.0,2.2869598865509033,0
2025-03-16,2.2978670597076416,103.72000122070312,17754.08984375,-0.0398501967728927,0.0398501967728927,0.07649808261107571,-0.16142236963286605,-0.07666416814872468,2.931324668713511,2.81034562509859,2.2463601657322476,2.421040177345276,2.5368954526053535,1.7848811245626874,1.6620695370435714,32.45202690963073,0.0,0.0,2.5458409786224365,1
2025-03-17,2.3406379222869873,103.37000274658203,17808.66015625,0.018613288527138394,0.018613288527138394,0.15971102870186304,-0.1524273977030619,-0.08753821269209283,2.9993746742246215,2.779904666373215,2.29240928377424,2.4070088386535646,2.5344004286660087,1.7946332742770512,1.670962451696396,48.28176134811344,-0.0033744549749507025,0.0030736755857529996,2.434674024581909,1
2025-03-18,2.2869598865509033,103.23999786376953,17504.119140625,-0.02293307957842383,0.02293307957842383,0.05539854747167472,-0.1616177913628375,-0.00710198807222906,2.893552658951032,2.5316298149045067,2.309558425630842,2.39231333732605,2.5342186715867783,1.8040754348039627,1.6795620959997177,43.515245915865435,-0.00125766546733308,-0.017100725880162315,2.3792779445648193,1
2025-03-19,2.5458409786224365,103.43000030517578,17750.7890625,0.11319879005921996,0.11319879005921996,0.13615316551484047,-0.04229547421797486,0.13204279274718678,3.350593325822966,3.356027300765005,2.353142125265939,2.3885655721028645,2.537518114513821,1.8149680458837085,1.689459735751152,51.50076026227786,0.001840395634809866,0.014092107114519692,2.369823932647705,0
2025-03-20,2.434674024581909,103.8499984741211,17691.630859375,-0.04366610286109862,0.04366610286109862,0.0815927744705982,-0.04853843092034893,0.06929992946561403,3.070401402431715,2.9771727884495736,2.3793801239558627,2.3844254414240518,2.5392713149388633,1.8251710070504084,1.6988931557536124,44.50566520768769,0.004060699678101853,-0.003332708361115988,2.435492992401123,0
2025-03-21,2.3792779445648193,104.08999633789062,17784.05078125,-0.02275297615113081,0.02275297615113081,0.009690460132190104,-0.1319041910521216,0.06307368597774743,3.0490010593749,2.7136123500106195,2.3826422691345215,2.372374669710795,2.540839825736152,1.8351246568891737,1.7079516103863717,49.91346465365283,0.0023110049811829736,0.0052239345603362075,2.448162078857422,1
2025-03-22,2.369823932647705,104.08999633789062,17784.05078125,-0.003973479407360037,0.003973479407360037,-0.009783454181164997,-0.11929567484964543,0.07751987144901817,3.05053097253173,2.878922808270772,2.3792973927089145,2.3616745313008627,2.5427341805564034,1.8450399842527179,1.7170137751102448,51.77474779448455,0.0,0.0,2.451349973678589,1
2025-03-23,2.435492992401123,104.08999633789062,17784.05078125,0.027710522646316793,0.027710522646316793,0.059892904644793354,-0.05238893545683154,0.0789589341296455,3.1171799657432278,2.9435053145087204,2.398958240236555,2.3571863015492758,2.5447145250108507,1.855284145474434,1.7264003601670266,62.71179407598008,0.0,0.0,2.349087953567505,0
2025-03-24,2.448162078857422,104.26000213623047,18188.58984375,0.005201857076093885,0.005201857076093885,0.04593797081838913,-0.049518045144379075,0.05314322402253091,3.195355903606803,2.86786009675549,2.4143188340323314,2.3529348373413086,2.5460871696472167,1.8656431516011556,1.735920190513134,69.90129251549003,0.0016332577992219655,0.022747295735711326,2.3382740020751953,0
2025-03-25,2.451349973678589,104.18000030517578,18271.859375,0.001302158402296083,0.001302158402296083,0.07188149127338295,-0.04876561284989411,0.06767510599173665,3.151867712281744,2.824056051056806,2.4378031321934293,2.348745838801066,2.547813614209493,1.8759816457827887,1.745570205450058,65.21743788992194,-0.0007673300346776601,0.004578119137620407,2.204137086868286,0
2025-03-26,2.349087953567505,104.55000305175781,17899.01953125,-0.04171661378796343,0.04171661378796343,-0.07728409853839158,0.031238411664160193,0.09039843390066338,2.9887593358875084,2.715424025295441,2.409695557185582,2.35111780166626,2.5499774906370374,1.885760317908393,1.7546901851892471,55.624823443224166,0.0035515717555978377,-0.02040513973417113,2.139949083328247,0
2025-03-27,2.3382740020751953,104.06999969482422,17804.029296875,-0.0046034681144597744,0.0046034681144597744,-0.039594632190347534,0.007565293406177842,0.0918096066775238,2.803302274270312,2.820933993516347,2.3959241253989085,2.3517030318578085,2.5521622021993,1.895335167977545,1.7637351003289223,54.52835660319561,-0.0045911367089674915,-0.005307007694424604,2.1361429691314697,0
2025-03-28,2.204137086868286,104.04000091552734,17322.990234375,-0.057365781378856395,0.057365781378856395,-0.07361092809548453,0.005337472061788695,0.010690016736563557,2.433518943168776,2.529137853484881,2.3709040028708324,2.3520931005477905,2.552421236038208,1.9040140019522773,1.7720575958490372,42.32524477949122,-0.0002882557834615884,-0.027018550378617556,2.0898969173431396,0
2025-03-29,2.139949083328247,104.04000091552734,17322.990234375,-0.029121602246273914,0.029121602246273914,-0.09700081350036349,-0.026697722071118868,0.02234358414717663,2.4995538121983603,2.392705638859261,2.338064738682338,2.350136470794678,2.5529408931732176,1.912505430314276,1.7800519514083861,37.579550218731676,0.0,0.0,2.139611005783081,0
2025-03-30,2.1361429691314697,104.04000091552734,17322.990234375,-0.001778600353826043,0.001778600353826043,-0.122911469753205,-0.00440535340724002,0.03818679274972947,2.5749551366648413,2.4352191676211197,2.295300449643816,2.349821400642395,2.553813915782505,1.921053280101882,1.7880561062693596,41.28716940901442,0.0,0.0,2.025067090988159,0
2025-03-31,2.0898969173431396,104.20999908447266,17299.2890625,-0.02164932425245547,0.02164932425245547,-0.14634045866827883,-0.04597186238001405,0.0046963278576461764,2.871391202757777,2.3213824393434126,2.244119712284633,2.3464645306269327,2.5539224598142836,1.929664757516649,1.7956927108764649,36.54180741016772,0.0016339693142000122,-0.0013681917240805364,2.062467098236084,0
2025-04-01,2.139611005783081,104.26000213623047,17449.890625,0.023787818445678344,0.023787818445678344,-0.12717032298236086,-0.27148342304716155,-0.07868351900970416,3.0992408516329606,2.500340461192056,2.199585574013846,2.319886827468872,2.5518921269310844,1.9386517465114594,1.8035250207781792,42.05744615226443,0.00047982969194038105,0.008705650385741004,2.128959894180298,0
2025-04-02,2.025067090988159,103.80999755859375,17601.05078125,-0.053534925033253744,0.053534925033253744,-0.13793475126687482,-0.15117932525440647,-0.15740515515952436,2.789840524346792,2.4588976929475113,2.153296879359654,2.3078643321990966,2.5476887623469033,1.9469335582521228,1.8106693613529206,16.755752911689555,-0.004316176562597085,0.008662527433463518,2.143731117248535,1
2025-04-03,2.062467098236084,102.06999969482422,16550.609375,0.018468527494402753,0.018468527494402753,-0.11795320120496378,-0.15994118646146605,-0.15917062978606933,2.8951513198278733,2.587417022246731,2.113895893096924,2.2947750329971313,2.5433506621254813,1.955450064275,1.8181268218159676,23.76929939965825,-0.016761370818715426,-0.05968060766968586,1.917894959449768,0
2025-04-04,2.128959894180298,103.0199966430664,15587.7900390625,0.03223944566246972,0.03223944566246972,-0.03410731262400857,-0.14858939758645562,-0.12011725457029832,2.9898648241078045,2.586184392506146,2.1031562941414967,2.282390062014262,2.540121383137173,1.9643132193220987,1.8258445861935615,32.63088830273682,0.009307308230455114,-0.05817425293064171,1.8977539539337158,0
2025-04-05,2.143731117248535,103.0199966430664,15587.7900390625,0.0069382345381967525,0.0069382345381967525,0.0017673476204425054,-0.17603594135941336,-0.10667712515964689,3.0452795283043166,2.648761286395455,2.103696584701538,2.2671234687169393,2.5372769832611084,1.9732787589232126,1.833640731871128,34.426748558947665,0.0,0.0,1.7945679426193237,0
2025-04-06,1.917894959449768,103.0199966430664,15587.7900390625,-0.10534724060386191,0.10534724060386191,-0.10216919599273766,-0.19471126725666732,-0.2070905467524976,2.6127530416874802,2.232371027122857,2.072518297604152,2.251665834585826,2.5317112935913935,1.9809844642877579,1.8403039517998696,20.792427806237654,0.0,0.0,2.0517380237579346,1
2025-04-07,1.8977539539337158,103.26000213623047,15603.259765625,-0.010501620757077612,0.010501620757077612,-0.0919389668528211,-0.18321331025327425,-0.1648496520852588,2.6193747498388906,2.1903923771343288,2.045069302831377,2.237476336956024,2.5275491144922047,1.988614586326811,1.846855866611004,19.20070527104187,0.002329698126428914,0.0009924259002549451,1.9664820432662964,1
2025-04-08,1.7945679426193237,102.95999908447266,15267.91015625,-0.05437270258375981,0.05437270258375981,-0.16126438975643342,-0.159286025192948,-0.24448944874764011,2.3861240444427,1.9156735061240773,1.9957774366651262,2.226142732302348,2.5210964812172785,1.9956400914324655,1.8529028514027595,16.947320641922403,-0.0029053171174838743,-0.02149227881944238,2.0238869190216064,1
2025-04-09,2.0517380237579346,102.9000015258789,17124.970703125,0.14330473370835395,0.14330473370835395,0.01317039464443659,0.016570393695987784,-0.09822118592285745,2.811535329208709,2.3425892442712954,1.9995875699179513,2.2272575298945108,2.518613436486986,2.0040480971336363,1.8601708364486695,37.05425215588425,-0.000582726875750339,0.12163161348672213,2.1586201190948486,1
2025-04-10,1.9664820432662964,100.87000274658203,16387.310546875,-0.041553053803372264,0.041553053803372264,-0.046538950876781726,-0.09249729114293959,-0.16078932585670114,2.64460295515567,2.184271834427602,1.9858754192079817,2.2205764015515643,2.5144271042611863,2.0119754417075053,1.8670651417970658,34.798613926573424,-0.019727879000918547,-0.043075119311905774,2.120198965072632,1
2025-04-11,2.0238869190216064,99.77999877929688,16724.4609375,0.02919166028079334,0.02919166028079334,-0.04935413553158885,-0.09678351908110394,-0.21456440961801793,2.8075911655403187,2.3239504896130914,1.9708649941853114,2.2133474628130596,2.508283958170149,2.0202662580543094,1.874259251356125,42.136754554713136,-0.010806026941662661,0.020573869620679863,2.12675404548645,1
2025-04-12,2.1586201190948486,99.77999877929688,16724.4609375,0.06657150595072547,0.06657150595072547,0.006945368160454546,-0.04104290756509721,-0.13872719646986853,2.9389367308998096,2.9361142327999774,1.9729919944490706,2.2102678656578063,2.5044206923908656,2.0292140308353637,1.882094632089138,50.767280867594074,0.0,0.0,2.0885488986968994,0
2025-04-13,2.120198965072632,99.77999877929688,16724.4609375,-0.01779894187140607,0.01779894187140607,0.1054823178016504,-0.10025448119407043,-0.15962993987122986,2.9157653898472895,3.4095574901782664,2.001892566680908,2.2023930668830873,2.4999458485179478,2.037984847360187,1.8897779220342636,49.36291084410073,0.0,0.0,2.0832419395446777,0
2025-04-14,2.12675404548645,99.63999938964844,16831.48046875,0.003091728899883517,0.003091728899883517,0.12066901037305544,-0.11134873113761667,-0.20320415393980695,2.880619519854385,3.2175912775877666,2.034606865474156,2.1935102661450703,2.4939194162686666,2.0467554532819325,1.8974595871567725,51.52097846367697,-0.0014030806911322635,0.006398982403674314,2.0664150714874268,0
2025-04-15,2.0885488986968994,100.22000122070312,16823.169921875,-0.017964064472162367,0.017964064472162367,0.1638171222698237,-0.09109237200056897,-0.3380315163173552,2.841659331999279,3.1961398786102526,2.0766041449138095,2.186532994111379,2.4820693161752487,2.055338180396292,1.9049576967954636,47.87261897619503,0.005820973851942357,-0.0004937502016194584,2.0635271072387695,0
2025-04-16,2.0832419395446777,99.37999725341797,16307.16015625,-0.002540979124564857,0.002540979124564857,0.01535474579207774,-0.10996830406422431,-0.35812160645205415,2.811684819000863,3.1942074911682656,2.0811047043119157,2.177953128019969,2.4691548943519592,2.063875407973925,1.9122999015450477,52.6664191152799,-0.008381600050426208,-0.03067256456549472,2.08732008934021,0
2025-04-17,2.0664150714874268,99.37999725341797,16286.4501953125,-0.008077251008554831,0.008077251008554831,0.05081817480272699,-0.09643580386365802,-0.3735544951898301,2.7967635284927352,3.1759171780912787,2.0953808512006487,2.1706016341845196,2.455463561746809,2.0723318417867023,1.9194222420454026,50.184431894298996,0.0,-0.0012699918771302832,2.0770010948181152,0
2025-04-18,2.0635271072387695,99.37999725341797,16286.4501953125,-0.0013975721956859255,0.0013975721956859255,0.019586167509954677,-0.18945168823727898,-0.36972659431668464,2.7679531601610607,3.102578444382244,2.101043735231672,2.154524505138397,2.4420136517948574,2.0807533701260885,1.926682417690754,46.75014026339915,0.0,0.0,2.085515022277832,0
2025-04-19,2.08732008934021,99.37999725341797,16286.4501953125,0.011530249357023514,0.011530249357023514,-0.03303037395228958,-0.14266958604503455,-0.29356342917010847,2.8309082181452845,3.143267132640103,2.0908580166952953,2.1429460406303407,2.432375909222497,2.0893225762579175,1.9341313681006431,47.22311092791907,0.0,0.0,2.215472936630249,1
2025-04-20,2.0770010948181152,99.37999725341797,16286.4501953125,-0.0049436569766146965,0.0049436569766146965,-0.02037444172275449,-0.1270456234158014,-0.3299639661119935,2.894043491646473,2.9241045925012017,2.084686892373221,2.1328701456387837,2.421011088954078,2.0978982544607585,1.9418172186613083,59.94156973353314,0.0,0.0,2.217355966567993,1
2025-04-21,2.085515022277832,98.27999877929688,15870.900390625,0.00409914442556536,0.00409914442556536,-0.019390593517919275,-0.11997047816637862,-0.34198427538662524,2.9708138542267912,2.9748321815994467,2.0787956033434187,2.123393181959788,2.408967922793494,2.106566610270076,1.9496350288391113,61.90502249254053,-0.011068610429884718,-0.025515063117136583,2.2045440673828125,1
2025-04-22,2.215472936630249,98.91999816894531,16300.419921875,0.0623145424339715,0.0623145424339715,0.06077139875084603,-0.09033902230774182,-0.3013561515898031,3.166294586687462,2.9787024513097045,2.0969276087624684,2.1160591801007587,2.3983497897783916,2.1159205655256907,1.9580406886339188,75.81127193292183,0.006512000382556504,0.027063337345606397,2.183053970336914,0
2025-04-23,2.217355966567993,99.83999633789062,16708.05078125,0.0008499449063947839,0.0008499449063947839,0.06437755715144067,-0.09427730062592421,-0.2892841392379555,3.417756833879144,3.0673565668990026,2.1160867554800853,2.1083656430244444,2.3883216235372755,2.125450771053632,1.9664799883961677,64.78562449368454,0.00930042646557716,0.025007383940334194,2.1931889057159424,0
2025-04-24,2.2045440673828125,99.29000091552734,17166.0390625,-0.005778007400864427,0.005778007400864427,0.06684474857026612,-0.10068162806039893,-0.2896548508172152,3.299359898785289,3.179991096666268,2.135819469179426,2.100138779481252,2.3783334136009215,2.1348495658901,1.9748347488045692,74.41060928948457,-0.005508768454897783,0.02741123349732466,2.256237030029297,1
2025-04-25,2.183053970336914,99.47000122070312,17382.939453125,-0.009748091391709401,0.009748091391709401,0.05792357303126727,-0.07068019014717564,-0.29798700488198626,3.227602997240356,3.1541469142170904,2.1528947353363037,2.0946043133735657,2.3680372807714676,2.1441088600291147,1.9831003487110137,67.61846500745017,0.0018128744437106992,0.012635436155963742,2.295137882232666,1
2025-04-26,2.1931889057159424,99.47000122070312,17382.939453125,0.00464254916128537,0.00464254916128537,0.05071997194699396,-0.062047944864670024,-0.2752730656145316,3.2239498098077135,3.168672872462456,2.1680188519614085,2.089768143494924,2.358781291378869,2.1534086482392416,1.9914119532704353,55.2840189331378,0.0,0.0,2.2408010959625244,1
2025-04-27,2.256237030029297,99.47000122070312,17382.939453125,0.028747238392934138,0.028747238392934138,0.08629554199964318,0.023637342464499778,-0.2610218377561868,3.2738560099790437,3.357562713088548,2.1936239855630055,2.0915048082669574,2.3499263140890334,2.1630104316605463,2.000071478486061,69.33820653584847,0.0,0.0,2.191556930541992,0
2025-04-28,2.295137882232666,99.01000213623047,17366.130859375,0.01724147404976506,0.01724147404976506,0.10051371374245988,0.07251985578229503,-0.2502293744472037,3.388627005459738,3.4969462336960104,2.2235701084136963,2.096677768230438,2.3414154012997943,2.172855786482493,2.0088972827792166,71.92042941201666,-0.004624500641676077,-0.0009669592300730612,2.2141621112823486,0
2025-04-29,2.2408010959625244,99.23999786376953,17461.3203125,-0.023674737230725218,0.023674737230725218,0.01143239392073081,0.04899397107002046,-0.26969154172259413,3.400310923560255,3.34742331726783,2.2271884168897356,2.10016637245814,2.332221035162608,2.1824755870633656,2.0174098032712937,69.02147493637585,0.002322954475070249,0.005481327642628653,2.2098309993743896,0
2025-04-30,2.191556930541992,99.47000122070312,17446.33984375,-0.02197614304511919,0.02197614304511919,-0.011635044807863038,0.04864355383044039,-0.300061107217086,3.273140428778115,3.3825438791069855,2.2235028403145924,2.1035550395647684,2.3217820127805076,2.1918016367488438,2.025669787824154,62.1935547594227,0.002317647741683082,-0.0008579230254012193,2.1883668899536133,0
2025-05-01,2.2141621112823486,100.25,17710.740234375,0.010314667360599161,0.010314667360599161,0.004362826782117635,0.0348432987574685,-0.2705582244443966,3.342771407167568,3.282711852135293,2.2248768465859547,2.106040076414744,2.312656925784217,2.2012700372272067,2.0340828984975814,66.41900663971217,0.00784154790112268,0.015155063640452937,2.157794952392578,0
2025-05-02,2.2098309993743896,100.0,17977.73046875,-0.001956095213575204,0.001956095213575204,0.012265857556120308,0.09123841338810768,-0.2338863844130682,3.3939049385253135,3.263374991001732,2.2287021364484514,2.112198873360952,2.305160947640737,2.2107528150081635,2.042391948401928,66.20664774615027,-0.0024937655860348684,0.015075046601202846,2.1356089115142822,0
2025-05-03,2.1883668899536133,100.0,17977.73046875,-0.00971300946853082,0.00971300946853082,-0.0021986322061733343,0.06104329704226785,-0.15172833942858532,3.3486762754847925,3.1142911444478028,2.228013277053833,2.1163955330848694,2.30081174770991,2.220114708940188,2.050626522898674,61.251397063313185,0.0,0.0,2.1554300785064697,0
2025-05-04,2.157794952392578,100.0,17977.73046875,-0.013970206596245482,0.013970206596245482,-0.043631088545444396,0.013544199818466884,-0.2011586774278653,3.197807600577738,3.068202625568916,2.21395012310573,2.1173567016919455,2.294774403836992,2.2292467418644164,2.0586752727627755,58.60802027269374,0.0,0.0,2.126171112060547,0
2025-05-05,2.1356089115142822,99.83000183105469,17844.240234375,-0.01028181146391871,0.01028181146391871,-0.06950735812142017,-0.003788817388944654,-0.1576919232339976,2.937136053685464,3.0310934564434753,2.191160270145961,2.1170859615008037,2.290332003434499,2.238097752465142,2.0666350272297858,55.18606590192955,-0.0016999816894531783,-0.00742531069797947,2.323184013366699,1
2025-05-06,2.1554300785064697,99.23999786376953,17689.66015625,0.009281271905787758,0.009281271905787758,-0.03809843613959141,0.12385199610976039,-0.09523713257793387,2.8855338842030376,2.9874978966517785,2.178964410509382,2.1250037988026937,2.287811060746511,2.246990519430902,2.074679472744465,41.94767739295032,-0.005910086712045071,-0.008662743613326751,2.3446710109710693,1
2025-05-07,2.126171112060547,99.61000061035156,17738.16015625,-0.013574537507705542,0.013574537507705542,-0.029835327373984644,0.12036184019185514,-0.08625664752866957,2.837306822155954,3.0518256836893123,2.1696235792977467,2.132617704073588,2.2855809622340733,2.255724364519119,2.08258904337883,38.60774236364839,0.003728363105065302,0.00274171462716688,2.4720299243927,1
2025-05-08,2.323184013366699,100.63999938964844,17928.140625,0.09266088707000653,0.09266088707000653,0.049238446240600586,0.29456453455633214,-0.029411574279975428,3.1523468370024865,3.4915881308815413,2.1851981367383684,2.150238239765167,2.2847987506124707,2.265522681342231,2.091466703414917,60.150466428794644,0.01034031495819332,0.010710269107760961,2.3665249347686768,0
2025-05-09,2.3446710109710693,100.33999633789062,17928.919921875,0.00924894346756111,0.00924894346756111,0.06101824602643968,0.14277309472317667,-0.03287650082558313,2.978185692041283,3.500077790600516,2.204460995537894,2.1600026726722716,2.2839131395022076,2.2752742869986426,2.1004657435417173,63.827526910673086,-0.0029809524401553933,4.346780245101378e-05,2.54463791847229,1
2025-05-10,2.4720299243927,100.33999633789062,17928.919921875,0.05431845782444511,0.05431845782444511,0.12962316133612295,0.25708237858439653,0.031327413998813336,2.984144033228979,3.9210491000474264,2.2449842861720493,2.1768542687098185,2.284747472074297,2.2855607476499347,2.1101589980721474,69.87102246199078,0.0,0.0,2.586548089981079,1
2025-05-11,2.3665249347686768,100.33999633789062,17928.919921875,-0.04267949533416049,0.04267949533416049,0.09673300150445585,0.16929701581979173,-0.023185400142734514,2.3439709989346613,3.6771577593766507,2.2748028550829207,2.1882755359013877,2.2841233478652105,2.294776447282897,2.1193655678629875,57.41098363781135,0.0,0.0,2.5527029037475586,1
2025-05-12,2.54463791847229,101.79000091552734,18708.33984375,0.07526351448353674,0.07526351448353674,0.191528048395331,0.17882618435860143,0.054022454768715145,2.686342355236903,4.094625170051791,2.333235570362636,2.2011427958806355,2.2855724798308477,2.30507839123408,2.129429952502251,64.12323644945103,0.014450913200693138,0.043472776122114976,2.3803670406341553,0
2025-05-13,2.586548089981079,101.0,19010.08984375,0.016469994101931285,0.016469994101931285,0.20001484426409122,0.21995535918605236,0.04598488095919895,2.3460863503896436,4.122871494596174,2.3948238577161516,2.2166877667109173,2.286835957898034,2.315153619647026,2.1398530980944632,69.85067451621981,-0.007761085651064481,0.016129170333668563,2.38098406791687,0
2025-05-14,2.5527029037475586,101.04000091552734,19146.810546875,-0.013085079053669624,0.013085079053669624,0.2006102845004063,0.20028120278651285,-0.0038290962374558646,1.8614827094336714,4.1065599963370625,2.455756970814296,2.2308860619862876,2.2867269343800016,2.3243792414665223,2.1500528076291086,71.10802808391284,0.0003960486685876674,0.007192007205055306,2.3543639183044434,0
2025-05-15,2.3803670406341553,100.87999725341797,19112.3203125,-0.06751113216520477,0.06751113216520477,0.024614075741933084,0.13972291580978968,-0.1313150410916354,1.1270560218381531,3.586413782601136,2.463925974709647,2.240613333384196,2.2827288349469503,2.33138633635309,2.1593727377057075,58.26724571406886,-0.0015835675045484665,-0.001801356643215457,2.434170961380005,1
2025-05-16,2.38098406791687,101.08999633789062,19211.099609375,0.00025921518496185847,0.00025921518496185847,0.015487484928967232,0.14292249148808334,-0.13781758243921338,1.258280406263713,3.6170122736109906,2.4691135542733327,2.2505380709966025,2.278500012556712,2.3387566089630125,2.1686815229058265,58.54494491425154,0.0020816721866587784,0.005168357125659773,2.3813788890838623,0
2025-05-17,2.3543639183044434,101.08999633789062,19211.099609375,-0.011180314043729322,0.011180314043729322,-0.04759894082478133,0.13934705122419966,-0.13690798278905936,1.10599165465886,3.494742075334096,2.4523041248321533,2.260136365890503,2.2743504458003576,2.3456256528695425,2.1778137624263763,58.2450769367775,0.0,0.0,2.356755018234253,0
2025-05-18,2.434170961380005,101.08999633789062,19211.099609375,0.03389749666782049,0.03389749666782049,0.02858453997990118,0.17961666354710415,-0.08430394285575393,1.2089729106024674,3.6686182398047986,2.461967842919486,2.2724911610285443,2.271860412756602,2.353026897377438,2.187369747161865,63.08749230864762,0.0,0.0,2.398926019668579,0
2025-05-19,2.3813788890838623,100.43000030517578,19215.4609375,-0.021687906533160328,0.021687906533160328,-0.0641580588748134,0.14087863248448995,-0.06936597199291283,1.160370793220682,3.672476020364665,2.438645124435425,2.282293121019999,2.269888201024797,2.360132885641522,2.1967304566502572,61.310331297950476,-0.006528796682401916,0.000227021264460614,2.429795026779175,1
2025-05-20,2.356755018234253,100.12000274658203,19142.7109375,-0.010340173486245385,0.010340173486245385,-0.08884160036959032,0.13469127393052038,-0.14012183455924987,0.8848731965494718,3.386023131348897,2.405817542757307,2.291618251800537,2.265621022383372,2.36627956893709,2.205949891805649,59.22419650484249,-0.003086702754672488,-0.00378601378528598,2.294321060180664,0
2025-05-21,2.398926019668579,99.55999755859375,18872.640625,0.017893672065211863,0.017893672065211863,-0.0602408074410945,0.1502799040250664,-0.10848038449955166,0.6330121865369907,3.467415096769037,2.38384941646031,2.3020652850468952,2.2623776661025152,2.3714457187387676,2.2153952717781067,62.3508020452797,-0.005593339718594881,-0.01410825840612473,2.3328700065612793,0
2025-05-22,2.429795026779175,99.95999908447266,18925.740234375,0.012867844551063046,0.012867844551063046,0.020764859074779984,0.09673875343063831,-0.05460592203227699,0.654038016277295,3.614907647951428,2.3909105573381697,2.309209354718526,2.2608182787895204,2.37678342461586,2.2250295919179917,55.682554964571004,0.004017693206987971,0.0028135760347527405,2.342974901199341,0
2025-05-23,2.294321060180664,99.11000061035156,18737.2109375,-0.05575530656101835,0.05575530656101835,-0.03639797884579199,0.034710301265609145,-0.10924575411906778,0.601719849659627,3.3429527681298605,2.378530127661569,2.3117748578389485,2.257691779401567,2.381571814086702,2.233985067307949,47.60703759814258,-0.008503386173531191,-0.009961528296397737,2.3106610774993896,0
2025-05-24,2.3328700065612793,99.11000061035156,18737.2109375,0.016801897105708452,0.016801897105708452,-0.009129392264320524,0.058209740996836956,-0.0947411855427126,0.6481786348324481,3.3543759075541884,2.3754595688411166,2.3160523891448976,2.2549790024757383,2.3866687417030334,2.243079272210598,42.77640913356117,0.0,0.0,2.318671941757202,0
2025-05-25,2.342974901199341,99.11000061035156,18737.2109375,0.0043315292363659275,0.0043315292363659275,-0.037464936369531854,0.07325560111450002,0.028554810820270227,0.6719735326196206,3.324355638645213,2.3624315602438792,2.321383086840312,2.255701733960046,2.391900141371621,2.2520820116996765,48.64316892090885,0.0,0.0,2.2742528915405273,0
2025-05-26,2.3106610774993896,98.93000030517578,18737.2109375,-0.013791792512762302,0.013791792512762302,-0.02969616129068753,0.053562267927440566,-0.004333151526850876,0.5688770792150091,3.3745039161986528,2.3523290157318115,2.32529882589976,2.2555900004174974,2.3965548581547207,2.2608616569638254,33.79735875996309,-0.001816166926317031,0.0,2.244246006011963,0
2025-05-27,2.318671941757202,99.5199966430664,19199.16015625,0.0034669144409884556,0.0034669144409884556,-0.016159115471231167,0.027672142109596676,0.05757840669466585,0.504319273067124,3.3439370699150706,2.34688857623509,2.3273799896240233,2.2569926328129237,2.400873352421655,2.2696846216917037,30.536039597511234,0.005963775761352652,0.024654107822710714,2.138633966445923,0
2025-05-28,2.2742528915405273,99.87999725341797,19100.939453125,-0.019157108608909956,0.019157108608909956,-0.051970393044999286,-0.009099667106632459,0.03438700348890755,0.26577261573591215,3.3053807736197083,2.329078129359654,2.326683823267619,2.257832687430912,2.4035262518458897,2.2782584512233734,30.073923630447368,0.00361736959902359,-0.00511588539944674,2.1750600337982178,0
2025-05-29,2.244246006011963,99.27999877929688,19175.869140625,-0.013194172750172206,0.013194172750172206,-0.07636406310912869,0.0015373564640099868,0.045978355152491046,0.1543756805129899,3.2890673902407492,2.3025711263929094,2.3267986536026,2.258928808901045,2.4051936129728952,2.2865327712893486,37.767229554413504,-0.0060071935384495845,0.003922827339664758,2.1791839599609375,0
2025-05-30,2.138633966445923,99.33000183105469,19113.76953125,-0.04705902975124965,0.04705902975124965,-0.06785758821499976,-0.024148569155801436,-0.02372362812368889,-0.0782636493586284,3.121785957863735,2.280330113002232,2.3250345547993976,2.258351374997033,2.4041847844918567,2.2941236060857775,31.678275646520802,0.0005036568530683017,-0.0032384247576783265,2.1977550983428955,1
2025-05-31,2.1750600337982178,99.33000183105469,19113.76953125,0.01703239915001875,0.01703239915001875,-0.06764627789770339,-0.017659988527888193,-0.25941337644705964,-0.19852013477152652,3.200579654624563,2.257785831178938,2.3237311522165935,2.24988601870007,2.4011917571226755,2.3014604112505914,36.64262870893042,0.0,0.0,2.2468440532684326,1
2025-06-01,2.1791839599609375,99.33000183105469,19113.76953125,0.0018960056727805874,0.0018960056727805874,-0.06990725387393637,-0.013868499184837457,-0.08658018911056753,-0.13713693831335694,3.2043784338941492,2.234387125287737,2.322709584236145,2.2475909299320644,2.399267629120085,2.308904891014099,28.590383205622146,0.0,0.0,2.202310085296631,0
2025-06-02,2.1977550983428955,98.69999694824219,19242.609375,0.00852206088296037,0.00852206088296037,-0.04886306358640946,0.0042900522907660665,-0.10483733682773,-0.0665502882254978,3.280101750499547,2.2182576996939525,2.3230225245157876,2.244731030199263,2.398397135072284,2.31602863162756,33.642275801135014,-0.006342543755149088,0.006740682079448224,2.0976340770721436,0
2025-06-03,2.2468440532684326,99.25,19398.9609375,0.022335953156268573,0.022335953156268573,-0.030978029791629336,0.041268564826846044,-0.10144533292905777,-0.021070882179650252,3.3200231955011725,2.207996572766985,2.325990827878316,2.2419125305281744,2.3981284572018517,2.3228023970127105,40.617777622198865,0.00557247283448481,0.008125278617521214,2.1624059677124023,0
2025-06-04,2.202310085296631,98.79000091552734,19460.490234375,-0.01982067598639936,0.01982067598639936,-0.03163359998859405,0.031232859828747017,-0.15352054104846558,-0.09173237900493247,3.1887726985753,2.197719029017857,2.3282142003377277,2.2374745435184904,2.3968927522500354,2.328218497633934,33.28390126830138,-0.0046347514808328105,0.0031717831214381764,2.1785459518432617,0
2025-06-05,2.0976340770721436,98.73999786376953,19298.44921875,-0.04753009529554442,0.04753009529554442,-0.06532792240559648,-0.026814138862891745,-0.11924212566402603,-0.19834336788150653,2.990089758839234,2.17677446774074,2.3262876669565835,2.234319100115034,2.394009474251005,2.3334349930286407,24.908924039371044,-0.0005061549883026428,-0.008326666680717576,2.2654950618743896,1
2025-06-06,2.1624059677124023,99.19000244140625,19529.94921875,0.030878546143122687,0.030878546143122687,0.011115507206679531,0.01704230456632394,-0.06930800560562633,-0.17096719585850506,3.1458917172449468,2.180170467921666,2.327495495478312,2.2325298455026417,2.391532019111845,2.3386573427915573,38.84360577939016,0.004557469995670749,0.011995782530291654,2.3203749656677246,1
2025-06-07,2.1785459518432617,99.19000244140625,19529.94921875,0.007463901030542175,0.007463901030542175,0.0016026767035743905,-0.062258547188361435,0.020598876741708683,-0.01820949248836279,3.3662524055494627,2.180668456213815,2.3226742267608644,2.2330183996094597,2.3913075413968827,2.3440403378009798,36.43423070119771,0.0,0.0,2.3052849769592285,1
2025-06-08,2.2654950618743896,99.19000244140625,19529.94921875,0.03991153363442268,0.03991153363442268,0.03960707471204006,-0.03376846846581183,0.12248015111976018,-0.04375596320691899,3.593973602784761,2.192998613630022,2.3200350284576414,2.2357650770081414,2.390731625424491,2.349856308102608,43.9997991156658,0.0,0.0,2.2708730697631836,0
2025-06-09,2.3203749656677246,98.94000244140625,19591.240234375,0.02422424339690643,0.02422424339690643,0.05579323529600022,-0.06134835069289557,0.0708191178852342,-0.03320527648646421,3.6539392979024274,2.2105157375335693,2.3149798631668093,2.2374701778093975,2.390288875500361,2.3552064228057863,50.72685916133693,-0.0025204153024159792,0.003138309011380125,2.1947689056396484,0
2025-06-10,2.3052849769592285,99.05000305175781,19714.990234375,-0.006503254401451275,0.006503254401451275,0.0260102269250877,-0.025877588234849647,0.02879828158130615,-0.016000341939836904,3.6418748841069437,2.2188644409179688,2.3129385312398276,2.238187176651425,2.390080624818802,2.35938775241375,49.008797235668965,0.0011117910616256221,0.006316598567499998,2.1490299701690674,0
2025-06-11,2.2708730697631836,98.62999725341797,19615.880859375,-0.014927398365054079,0.014927398365054079,0.03113230281435042,-0.10758499145271916,0.008824951183149299,-0.06213387728801467,3.727833607838745,2.228659152984619,2.303813036282857,2.2384078992737666,2.3892448140515223,2.363397077918053,49.74598569234308,-0.004240341094390199,-0.005027107486322402,2.1414060592651367,0
2025-06-12,2.1947689056396484,97.91999816894531,19662.490234375,-0.03351317391397468,0.03351317391397468,0.0463068509561424,-0.15146796839346477,-0.06860935214341113,-0.085019249772734,3.465086950822471,2.242535557065691,2.290753730138143,2.236611521244049,2.388111835718155,2.3672088676691057,46.522451688149765,-0.007198612027215168,0.002376104103309906,2.1671769618988037,0
2025-06-13,2.1490299701690674,98.18000030517578,19406.830078125,-0.020839977891545125,0.020839977891545125,-0.006185701363692342,-0.15813549355307632,-0.10204087122015137,-0.12175156568307977,3.5052566496593203,2.2406247002737865,2.2772979656855266,2.2338980979389613,2.3864567246701984,2.3708769023418426,50.79784411556115,0.002655250623900818,-0.013002430170469537,2.241771936416626,1
2025-06-14,2.1414060592651367,98.18000030517578,19406.830078125,-0.003547605668491882,0.003547605668491882,-0.01704801890761176,-0.1003882919271798,-0.06808966592802435,-0.13953379647885245,3.515114840818428,2.2353190013340543,2.2693325996398928,2.2321596423784893,2.3845275474919214,2.3745773178339005,47.29775416196207,0.0,0.0,2.1607139110565186,0
2025-06-15,2.1671769618988037,98.18000030517578,19406.830078125,0.012034570707486925,0.012034570707486925,-0.04339806412742342,-0.08979778945145434,-0.07410841238473087,-0.15515930711121573,3.416581788922808,2.221273558480399,2.262205696105957,2.230232298374176,2.3823163635200926,2.378049142360687,49.06828712911219,0.0,0.0,2.1696650981903076,0
2025-06-16,2.241771936416626,98.0,19701.2109375,0.03442034306809205,0.03442034306809205,-0.03387514105009293,-0.0478226755908252,-0.019758960530972813,-0.0267206207011913,3.5859762670035265,2.2100445543016707,2.25845263004303,2.229730210039351,2.3819744408130648,2.381551287174225,53.14237822646093,-0.0018333703872099871,0.015168930638848721,2.165937900543213,0
2025-06-17,2.1607139110565186,98.81999969482422,19521.08984375,-0.03615801591738865,0.03615801591738865,-0.06271288250592144,-0.11234093852161287,-0.15127695358816617,-0.039209192271047466,3.2772864475530783,2.189391544886998,2.249337395032247,2.2254510203997295,2.3814845674567753,2.3833712017536164,44.11955443159296,0.008367343824736917,-0.009142640740278152,2.120347023010254,0
2025-06-18,2.1696650981903076,98.91000366210938,19546.26953125,0.004142698895946095,0.004142698895946095,-0.044567868156290436,-0.0889038665220564,-0.10884780620153445,-0.0470910220281735,3.419337965060329,2.1749332632337297,2.2422802686691283,2.222506476773156,2.3808888958560095,2.384498922228813,47.65737518849915,0.0009107869617801523,0.0012898709908895079,2.057558059692383,0
2025-06-19,2.165937900543213,98.91000366210938,19546.26953125,-0.0017178677253939512,0.0017178677253939512,-0.013136237269605777,-0.0809660385634845,-0.08966587720823316,-0.032247748612437066,3.3912364288958914,2.1708145482199535,2.235919698079427,2.2201360318395826,2.380487928787867,2.3837274962663653,55.73199381997002,0.0,0.0,2.0140280723571777,0
2025-06-20,2.120347023010254,98.70999908447266,19447.41015625,-0.02104902339144854,0.02104902339144854,-0.013346927477496773,-0.11612654761934338,-0.10527233951879333,-0.03591316629640939,3.3386076898815924,2.166716984340123,2.22663373152415,2.2173640661769443,2.380049123366674,2.380760206580162,46.35304556501662,-0.0020220864445619213,-0.00505771062053284,2.166309118270874,1
2025-06-21,2.057558059692383,98.70999908447266,19447.41015625,-0.02961258823979185,0.02961258823979185,-0.03915558154417842,-0.15319685939937588,-0.15517800046558083,-0.0884717558530671,3.208063795630075,2.1547386986868724,2.2142258326212567,2.2131647891468473,2.378939657078849,2.3784203618764876,40.29425918034631,0.0,0.0,2.1908159255981445,1
2025-06-22,2.0140280723571777,98.70999908447266,19447.41015625,-0.021156140469597795,0.021156140469597795,-0.0706674592034433,-0.12216816237628703,-0.1773305820923663,-0.13361127692001584,3.1388022788177894,2.1328602858952115,2.2048827330271403,2.208341077963511,2.377214123805364,2.3767182821035386,28.316611933738272,0.0,0.0,2.1858720779418945,1
2025-06-23,2.166309118270874,98.41999816894531,19630.970703125,0.07561019034628935,0.07561019034628935,-0.033662129907101934,-0.07139741512469489,-0.11627913536147261,-0.05647323217995104,3.517953747350438,2.1220798833029613,2.19933070341746,2.2051739573478697,2.3764937857786816,2.3760737973451613,38.62583224995186,-0.002937908197924055,0.009438817066138139,2.1058549880981445,0
2025-06-24,2.1908159255981445,97.86000061035156,19912.529296875,0.011312700999399183,0.011312700999399183,0.013931513277899432,-0.06494264002713301,-0.06737594806912028,0.016931805643522146,3.6205805690011417,2.1263801710946217,2.1942587375640867,2.2034153792593214,2.3766964349481796,2.3749041920900344,41.665023228037526,-0.005689875726602511,0.01434257113455839,2.1426188945770264,0
2025-06-25,2.1858720779418945,97.68000030517578,19973.55078125,-0.0022566239356235362,0.0022566239356235362,0.0074698070983880704,-0.05400575652251971,-0.06517710242599695,0.020648620113415506,3.5952091741670813,2.128695453916277,2.190099104245504,2.2017220245467293,2.3769421133730146,2.372750431895256,43.53320210611702,-0.0018393654614052846,0.0030644768158396563,2.1860439777374268,0
2025-06-26,2.1058549880981445,97.1500015258789,20167.91015625,-0.03660648335793282,0.03660648335793282,-0.02773990539156257,-0.09178398626662754,-0.04458983034933828,-0.03437647964548962,3.4843590796590833,2.120112180709839,2.183005205790202,2.200630001227061,2.3765256186326345,2.3702379673719407,43.27554658317448,-0.005425867911967974,0.009730837402353698,2.2070729732513428,1
2025-06-27,2.1426188945770264,97.4000015258789,20273.4609375,0.01745794781058696,0.01745794781058696,0.01050388041442063,-0.05788010535377841,0.001247605033960486,0.023619065149195873,3.51405522736267,2.123293876647949,2.1786174058914183,2.2006596657964916,2.3768002794848546,2.3698563021421433,49.508465219664316,0.0025733401551559787,0.005233600330041721,2.2387499809265137,1
2025-06-28,2.1860439777374268,97.4000015258789,20273.4609375,0.020267292177021945,0.020267292177021945,0.06244582865586468,-0.02593388965319421,0.023360331835020398,0.0624391807350988,3.642415744684002,2.141649007797241,2.1766773382822673,2.201214121447669,2.377514018615087,2.3689407223463057,53.24427103928614,0.0,0.0,2.1721949577331543,0
2025-06-29,2.2070729732513428,97.4000015258789,20273.4609375,0.009619658034364598,0.009619658034364598,0.09585015399920871,0.03200127178338752,0.05606786389118534,0.06102750481994268,3.676061378661557,2.1692268507821217,2.1789586385091146,2.202516077624427,2.3782192687193553,2.367975737452507,52.91975591694811,0.0,0.0,2.233768939971924,0
2025-06-30,2.2387499809265137,96.87999725341797,20369.73046875,0.014352496749804322,0.014352496749804322,0.03343976261036152,0.029281926079565146,0.04633504635911545,-0.03599427715160164,3.7083701827728017,2.1795755454472134,2.1810816367467245,2.2036176217926875,2.377754874361886,2.3674556368589403,49.764016665357204,-0.005338852816370587,0.004748549423642334,2.257658004760742,0
2025-07-01,2.1721949577331543,96.81999969482422,20202.890625,-0.029728653829319218,0.029728653829319218,-0.008499558382526473,-0.003207164863634815,0.07265332956114667,-0.09618783421080612,3.5572977583653476,2.176915407180786,2.1808486700057985,2.205252375867632,2.3764705691072674,2.366210016608238,50.9173286049938,-0.0006192976909031866,-0.00819057689575009,2.2211389541625977,1
2025-07-02,2.233768939971924,96.77999877929688,20393.130859375,0.028346434568205847,0.028346434568205847,0.021912015123559447,0.01638664911126031,0.08305676336962908,-0.08933406374997666,3.610272009245043,2.183757816042219,2.1820491313934327,2.2071557296646964,2.375253195895089,2.365385336279869,54.72456621203554,-0.000413147238725764,0.00941648588344024,2.218522071838379,0
2025-07-03,2.257658004760742,97.18000030517578,20601.099609375,0.010694510233953958,0.010694510233953958,0.07208616809825785,0.004812951515962505,0.060451167225954894,-0.06692731558709519,3.8368711086615663,2.205443961279733,2.1824095964431764,2.208585708671146,2.3743535459041594,2.3644388765096664,56.56483125382677,0.004133101166813313,0.010197980458914957,2.272541046142578,0
2025-07-04,2.2211389541625977,97.18000030517578,20601.099609375,-0.016175634450008136,0.016175634450008136,0.036646768953781717,0.008549599346465708,0.036108930029161046,-0.07442019197858762,4.122860226765562,2.2166611126491,2.1830372254053754,2.209445795747969,2.3733613895045385,2.3631012815237047,57.30906108357896,0.0,0.0,2.274077892303467,1
2025-07-05,2.218522071838379,97.18000030517578,20601.099609375,-0.0011781713698345575,0.0011781713698345575,0.014857017714056786,0.0576306401996336,0.15674847619123988,-0.08280319819832249,4.214016082490459,2.2213008403778076,2.1870668252309162,2.212786096996731,2.3722486952940622,2.3613679414987563,62.78856732404099,0.0,0.0,2.3112339973449707,1
2025-07-06,2.272541046142578,97.18000030517578,20601.099609375,0.024349081305031328,0.024349081305031328,0.029662849250875034,0.05093173070858992,0.19748982286770822,8.404219232827081e-05,4.060741381010715,2.2306534222194125,2.190737994511922,2.2169503980212744,2.3722497562567395,2.361214056611061,70.2021101615525,0.0,0.0,2.4056360721588135,1
2025-07-07,2.274077892303467,97.4800033569336,20412.51953125,0.0006762677239635639,0.0006762677239635639,0.015780195054354573,0.04385123957535786,0.26720077757783733,-0.04261644198474901,4.41675406451459,2.2357002667018344,2.1939223925272624,2.222278286351098,2.371687383784188,2.3613399904966355,61.01766716927011,0.003087086343030565,-0.009153884098457632,2.5466830730438232,1
2025-07-08,2.3112339973449707,97.51000213623047,20418.4609375,0.016338976412046957,0.016338976412046957,0.06400854541938261,0.020189377695106536,0.12647617316744308,0.01583234752509477,4.356526486341477,2.2555629866463796,2.195447023709615,2.2251615749465095,2.3718875057167477,2.3615117305517197,62.00048090310943,0.00030774290381407887,0.000291066776000104,2.7348639965057373,1
2025-07-09,2.4056360721588135,97.47000122070312,20611.33984375,0.04084487980113094,0.04084487980113094,0.07694042526576172,0.036744538168447916,0.22331962318002607,0.026622885661635953,4.518577055966829,2.2801154341016496,2.1982890605926513,2.2300410641564263,2.3722340842088063,2.3623493510484694,68.58689081134011,-0.0004102237170650058,0.009446299936140878,2.737636089324951,1
2025-07-10,2.5466830730438232,97.6500015258789,20630.66015625,0.058631894706514975,0.058631894706514975,0.12801986291706346,0.10471507796099444,0.25831292702605557,-0.011676243276010023,4.800598180613727,2.3214047295706615,2.206335663795471,2.2358499103122287,2.372066934241189,2.3640861064195633,83.79495000488015,0.001846725176172015,0.0009373632498645978,2.8359410762786865,1
2025-07-11,2.7348639965057373,97.8499984741211,20585.529296875,0.07389255673537676,0.07389255673537676,0.2312890156558538,0.20432270430286126,0.2669501096156368,0.09118967284146695,5.09045486269751,2.394794021333967,2.221802028020223,2.2422526200612385,2.3733366562260523,2.3664741164445875,86.8482574311944,0.0020480997963854275,-0.0021875625420221256,2.954977035522461,1
2025-07-12,2.737636089324951,97.8499984741211,20585.529296875,0.0010136126779085597,0.0010136126779085597,0.23399091858320276,0.2473459425684219,0.29121659543455514,0.08509976794460306,4.766722145159459,2.4689531666891917,2.239897600809733,2.249113032552931,2.3745294405354396,2.36853917658329,86.1475026912843,0.0,0.0,2.918951988220215,1
2025-07-13,2.8359410762786865,97.8499984741211,20585.529296875,0.035908712387692,0.035908712387692,0.24791632744870595,0.31963775082000323,0.33345982451394596,0.06249524906086612,4.3881529975929565,2.5494388852800642,2.2627946376800536,2.2569928884506227,2.3754561523596447,2.371239032149315,87.42148715306232,0.0,0.0,3.041404962539673,1
2025-07-14,2.954977035522461,98.08000183105469,20640.330078125,0.04197405941874255,0.04197405941874255,0.2994176872847989,0.37992372942874564,0.4148469482166057,-0.06341591104603606,4.651532428921643,2.6467101914542064,2.2899136702219645,2.2666198677486844,2.374344591961967,2.375242221951485,88.60608727433859,0.0023505708791036195,0.0026621021232773323,3.495129108428955,1
2025-07-15,2.918951988220215,98.62000274658203,20677.80078125,-0.012191312104690044,0.012191312104690044,0.26294091882230886,0.3468913889074996,0.40115842179050665,-0.10062668311493439,4.426792160321893,2.733527047293527,2.3149728377660117,2.2759055349561903,2.3725302146540748,2.379128732085228,91.6215872867378,0.005505718856505526,0.0018154120105235982,3.4182119369506836,1
2025-07-16,3.041404962539673,98.38999938964844,20730.490234375,0.04195100666733542,0.04195100666733542,0.2642830716328266,0.3566968669441126,0.4718267421222584,-0.07798075353811407,4.249449503493508,2.8243511744907925,2.341627271970113,2.286738755967882,2.3711011588573454,2.3834316366910935,92.15404208148051,-0.0023322181152704013,0.0025481168757934824,3.429405927658081,1
2025-07-17,3.495129108428955,98.7300033569336,20885.650390625,0.14918241782258668,0.14918241782258668,0.372424054419751,0.6175806942992981,0.6937645724004224,0.06753476547255866,4.57894205052741,2.959843465260097,2.3861077785491944,2.302645444869995,2.3723295483324263,2.390441382527351,94.58413634078737,0.003455676078812253,0.00748463516761011,3.459528923034668,0
2025-07-18,3.4182119369506836,98.4800033569336,20895.650390625,-0.02200696142891423,0.02200696142891423,0.24986541974958953,0.5754560184434798,0.6376079329697637,0.1568661325309868,5.001348281777915,3.057464599609375,2.4277260065078736,2.317433132065667,2.374904520644082,2.3972445875406265,91.90870925975265,-0.0025321583257339464,0.00047879763440294987,3.55576491355896,1
2025-07-19,3.429405927658081,98.4800033569336,20895.650390625,0.0032748088514906737,0.0032748088514906737,0.25268874889200754,0.5833352963619101,0.6511334231908035,0.10631889029469344,4.977157397583473,3.1562888622283936,2.4698416074117024,2.3324598524305555,2.3767354706923167,2.403990977406502,92.1391487200234,0.0,0.0,3.551676034927368,1
2025-07-20,3.459528923034668,98.4800033569336,20895.650390625,0.008783735729166908,0.008783735729166908,0.21988744828727236,0.6315861910769585,0.658836731492884,0.09154065388857213,4.8177469090635,3.245372840336391,2.5144810040791827,2.347726673550076,2.3783472981717853,2.4096769171953203,92.00619775579412,0.0,0.0,3.1849300861358643,0
2025-07-21,3.55576491355896,97.8499984741211,20974.1796875,0.027817657451429723,0.027817657451429723,0.20331389070516948,0.7281480329602792,0.6049687878233823,0.12130157050317658,4.951399629263576,3.331199680055891,2.564421232541402,2.3626188066270615,2.3804842982027266,2.4154388922452927,92.50833397514839,-0.006397287381572192,0.0037581647571129917,3.143894910812378,0
2025-07-22,3.551676034927368,97.38999938964844,20892.689453125,-0.001149929405062755,0.001149929405062755,0.21676411577188937,0.7634689822225558,0.6017617777557951,0.13839750061345257,4.845062272566357,3.421588829585484,2.615676164627075,2.377444585164388,2.3828831043508316,2.420932791829109,92.0630205841392,-0.004701063787898918,-0.0038852644341349496,3.1417200565338135,0
2025-07-23,3.1849300861358643,97.20999908447266,21020.01953125,-0.10325996661432657,0.10325996661432657,0.04719040225289284,0.4702103496097747,0.4447114635893603,0.02624378012946349,4.330810636628419,3.4420924186706543,2.6496301968892415,2.388337763150533,2.3833355883757275,2.424759467244148,72.30571768458097,-0.0018482421840421148,0.006094480005107927,3.167534112930298,0
2025-07-24,3.143894910812378,97.37999725341797,21057.9609375,-0.0128841683219717,0.0128841683219717,-0.10049248159947244,0.4350338036519523,0.44013613659179285,0.010994282626489493,4.080278542769668,3.391916104725429,2.6813994963963825,2.3990137736002604,2.383525527185864,2.4284803062677383,68.13209499702634,0.0017487724570142138,0.001805012892285518,3.2412819862365723,1
2025-07-25,3.1417200565338135,97.6500015258789,21108.3203125,-0.0006917706667245449,0.0006917706667245449,-0.08088786930617375,0.43728449996575125,0.4324894897770941,0.038163716465557274,4.2378061426122775,3.3524172646658763,2.71326109568278,2.4095530086093477,2.3841671499941084,2.432094871401787,63.92550813867292,0.002772687205548907,0.002391464926232212,3.11584210395813,0
2025-07-26,3.167534112930298,97.6500015258789,21108.3203125,0.008216536143250242,0.008216536143250242,-0.07636069344133134,0.5041558563303472,0.4039013059231493,0.03745240702277819,4.243671592080934,3.31500700541905,2.748650399843852,2.4196785317526923,2.384802422920863,2.4365707916021346,64.48568248618089,0.0,0.0,3.1284310817718506,0
2025-07-27,3.2412819862365723,97.6500015258789,21108.3203125,0.02328242433293015,0.02328242433293015,-0.06308573844980359,0.5127664534464178,0.41223845910447676,0.058854912912480684,4.43114782145104,3.2838288715907504,2.78527250289917,2.4301912440194022,2.3858033226595983,2.4409006768465042,63.88805339684561,0.0,0.0,3.0983760356903076,0
2025-07-28,3.11584210395813,98.66000366210938,21178.580078125,-0.0387007001584857,0.0387007001584857,-0.12372100526761542,0.4253336784116537,0.39050365049011027,0.015496577218537144,4.176273084599012,3.220982755933489,2.8162657737731935,2.43991392188602,2.386067478524314,2.4451038271188734,55.48758220796135,0.010343083670744324,0.003328534179168896,3.025170087814331,0
2025-07-29,3.1284310817718506,98.91000366210938,21098.2890625,0.004040313146076446,0.004040313146076446,-0.11916766872690654,0.41745702098975546,0.4274925000456917,-0.0008424800621047446,4.19598702229915,3.1605191911969865,2.846977710723877,2.450323634677463,2.3860528237289853,2.4490297228097915,57.262066663768294,0.0025339549029026465,-0.003791142528385638,2.96459698677063,0
2025-07-30,3.0983760356903076,99.94000244140625,21129.669921875,-0.009607066704029998,0.009607066704029998,-0.02717612258502322,0.38397590713011875,0.39934470918024156,0.02074048927877481,3.9346863327114754,3.1481543268476213,2.875631912549337,2.4601482338375513,2.386402579810884,2.4516377526521684,52.11021952627314,0.010413494501683607,0.0014873651262450327,2.766371965408325,0
2025-07-31,3.025170087814331,100.02999877929688,21122.44921875,-0.023627199227180484,0.023627199227180484,-0.037763610542366544,0.3926789016080394,0.36895992891346285,0.04877884073352212,3.84850313227249,3.1311936378479004,2.904064416885376,2.4692075570424397,2.3871842523415885,2.454232032895088,25.759484128535973,0.0009005036591167581,-0.0003417328880052084,2.9495439529418945,0
2025-08-01,2.96459698677063,98.69000244140625,20650.130859375,-0.020023039791281616,0.020023039791281616,-0.056377737855676235,0.32717262458125673,0.35470747632883004,0.14915996053396707,3.9702867141567335,3.1058903421674455,2.928425351778666,2.477832335895962,2.389322041802936,2.456440343260765,26.20125200543272,-0.013395944759003298,-0.022360965552978174,3.072809934616089,1
2025-08-02,2.766371965408325,98.69000244140625,20650.130859375,-0.06686407030934527,0.06686407030934527,-0.12664809066597738,0.22532817617852374,0.2820365356499479,0.024143761724402024,3.9331581381980953,3.048581463950021,2.9453824838002522,2.484594302707248,2.3896843532721204,2.4569265383481977,20.92093408831778,0.0,0.0,2.963747978210449,1
2025-08-03,2.9495439529418945,98.69000244140625,20650.130859375,0.06621379547798178,0.06621379547798178,-0.09000698937441498,0.3279421115973882,0.3811255127468449,0.16333317441425388,4.301207152844465,3.0069046020507812,2.969662650426229,2.493638025389777,2.391985014412138,2.455898968577385,30.280570374355648,0.0,0.0,2.9918880462646484,0
2025-08-04,3.072809934616089,98.77999877929688,21053.580078125,0.041791539180573434,0.041791539180573434,-0.013810767011388725,0.38507070703597024,0.42561336842125064,0.28984203904804096,4.870908156674177,3.0007571492876326,2.998138912518819,2.5038311349021063,2.3958210978243084,2.4550353187322616,31.70809013772346,0.0009119093693816804,0.019537368624801488,3.3182079792022705,1
2025-08-05,2.963747978210449,98.77999877929688,20916.55078125,-0.035492581294086945,0.035492581294086945,-0.052640796379036625,0.30415597255817617,0.39393671628723115,0.2737004082731722,5.055063903173416,2.9772309916360036,3.0211791435877484,2.513137544525994,2.399359253380034,2.453360883593559,29.372477028611613,0.0,-0.006508598365053131,3.2871201038360596,1
2025-08-06,2.9918880462646484,98.18000030517578,21169.419921875,0.009494757402142673,0.009494757402142673,-0.034368968840134406,0.3156488862543292,0.28783946043468167,0.24996207448342367,4.91636488960405,2.9620184217180525,3.0451061487197877,2.5205675893359714,2.402683169974221,2.4519502288103103,41.116334449610726,-0.0060740886974666175,0.01208942828430759,3.2278831005096436,1
2025-08-07,3.3182079792022705,98.4000015258789,21242.69921875,0.10906822979055986,0.10906822979055986,0.09686658365700618,0.43568672969247624,0.41521260922145364,0.3686853707060087,4.522890808944,3.0038809776306152,3.078671948115031,2.5313846667607627,2.407648903131485,2.4537676841020586,56.35351414972187,0.002240794663060486,0.0034615637625137197,3.1878559589385986,0
2025-08-08,3.2871201038360596,98.18000030517578,21450.01953125,-0.009368874874951305,0.009368874874951305,0.10879155531246698,0.36642451527849085,0.3297250455589049,0.37138189256571974,4.322607572484445,3.0499557086399625,3.108054749170939,2.540441224310133,2.412594348192215,2.4547041100263596,55.19027219286217,-0.002235784728572998,0.009759603069510403,3.134514093399048,0
2025-08-09,3.2278831005096436,98.18000030517578,21450.01953125,-0.01802094278736166,0.01802094278736166,0.16682902403299837,0.2674851985612967,0.36397595186342824,0.3323516236344075,4.554274410112932,3.1158858707972934,3.130761416753133,2.550011870596144,2.4170676092306773,2.454996525645256,52.1040415032872,0.0,0.0,3.2665059566497803,0
2025-08-10,3.1878559589385986,98.18000030517578,21450.01953125,-0.012400430971222343,0.012400430971222343,0.08079622131381026,0.1656360107894348,0.2527738959625634,0.32045181709262804,4.443938526431935,3.149930443082537,3.1458611488342285,2.5571587377124363,2.421365608771642,2.4550802809000016,48.092472499886355,0.0,0.0,3.2805910110473633,1
2025-08-11,3.134514093399048,98.5199966430664,21385.400390625,-0.016732834301996236,0.016732834301996236,0.020080694900079576,0.14497105938282662,0.21185223871943437,0.26757911965708625,4.668895917280573,3.158745322908674,3.1590904156366983,2.5632472488615248,2.4250416033797793,2.4551533967256547,50.70285186478852,0.003462989782377246,-0.0030125446054189986,3.083522081375122,0
2025-08-12,3.2665059566497803,98.0999984741211,21681.900390625,0.04210919438157679,0.04210919438157679,0.1021537528376959,0.15182433936042128,0.27962637244401045,0.27472655991593564,4.743125169245627,3.201996462685721,3.173442578315735,2.5711783938937716,2.4289526641368866,2.4559685117006302,54.76875104782288,-0.0042630753477077565,0.013864598959296481,3.078666925430298,0
2025-08-13,3.2805910110473633,97.83999633789062,21713.140625,0.004311963481624659,0.004311963481624659,0.0964952432438635,0.11019171100506764,0.3781870421854685,0.1972103541089243,4.691527657005093,3.2432397433689664,3.1842963774998982,2.5811808824539186,2.4319548587004345,2.4568229371309283,56.363433204038344,-0.0026503785960716453,0.0014408439210664703,3.108139991760254,0
2025-08-14,3.083522081375122,98.25,21710.669921875,-0.06007116675276292,0.06007116675276292,-0.07072669925999309,0.056379856132971584,0.2950620388119205,0.11657971951406298,4.417367291145455,3.2097131865365163,3.1897820472717284,2.5889868603812323,2.4337434364689723,2.457109407782555,51.87554888001656,0.004190552713160711,-0.00011378838131570479,3.089040994644165,0
2025-08-15,3.078666925430298,97.8499984741211,21622.98046875,-0.0015745487843754624,0.0015745487843754624,-0.06341513903386053,0.012251562468521104,0.3076427571347935,0.12861602504674496,4.488260183569411,3.179934161049979,3.191024112701416,2.5970346715715196,2.4356925586859384,2.4572368174791337,53.80263591265679,-0.004071262349912508,-0.004039002639741107,3.0614829063415527,0
2025-08-16,3.108139991760254,97.8499984741211,21622.98046875,0.009573320870310376,0.009573320870310376,-0.03709648243781927,-0.11072240957721047,0.27687826412905503,0.1692323919161649,4.50584916683094,3.1628280026572093,3.178124475479126,2.6045232163535226,2.4381918145550623,2.457471917271614,62.837535407847355,0.0,0.0,2.852924108505249,0
2025-08-17,3.089040994644165,97.8499984741211,21622.98046875,-0.006144831689280594,0.006144831689280594,-0.03099731153704144,-0.09629916119249327,0.29716485218047217,0.20718575137393036,4.454595476640141,3.1487115791865756,3.1671521107355756,2.612386128637526,2.4411371648311615,2.457575652003288,55.97645589371811,0.0,0.0,2.950748920440674,0
2025-08-18,3.0614829063415527,98.16999816894531,21629.76953125,-0.008921243955775648,0.008921243955775648,-0.023299045683441322,-0.10728476858024816,0.29902466851870835,0.11700294882814544,4.429364309812856,3.1382785524640764,3.1548880100250245,2.6202164385053845,2.4429187304443785,2.457227721810341,49.471365099570384,0.0032703086337690923,0.00031397440837599433,2.8504741191864014,0
2025-08-19,2.852924108505249,98.2699966430664,21314.94921875,-0.06812345657860619,0.06812345657860619,-0.12661291717609857,-0.17534318342894806,0.18925055842255256,0.06024020057856738,3.7659464726571157,3.079195431300572,3.1346678495407105,2.625260861714681,2.443819263908598,2.4563152426481247,45.26735052307379,0.0010186256084980805,-0.014554954552111976,3.075773000717163,1
2025-08-20,2.950748920440674,98.22000122070312,21172.859375,0.0342893144769556,0.0342893144769556,-0.10054349642974358,-0.17015072925974917,0.214402403462012,0.14808884050275561,3.9640139871793885,3.0320751326424733,3.114500649770101,2.63104923831092,2.44593375855022,2.45664664208889,48.34187110356526,-0.0005087557145735389,-0.006666206064662283,3.0462141036987305,1
2025-08-21,2.8504741191864014,98.62000274658203,21100.310546875,-0.03398283078564923,0.03398283078564923,-0.07557849629044688,-0.19742845598678216,0.2424041990713992,0.10667681542314789,3.7486139083499923,2.9987825666155135,3.0911272525787354,2.637228716744317,2.447460248072942,2.458000038266182,26.947191244666342,0.00407250581253904,-0.003426501203265042,3.0258688926696777,1
2025-08-22,3.075773000717163,97.72000122070312,21496.5390625,0.07903909037948664,0.07903909037948664,-0.0009399927901360128,-0.0342729926455424,0.3184502317173452,0.19353869368537957,4.146867255510902,2.9983691487993513,3.0874886830647785,2.64548319445716,2.4502310984664493,2.4598731237649916,41.25721551386768,-0.009125953161769673,0.018778326259453193,2.861272096633911,0
2025-08-23,3.0462141036987305,97.72000122070312,21496.5390625,-0.00961023359381219,0.00961023359381219,-0.019923776993858167,-0.031069997530040472,0.3001479879871567,0.33727346782248513,3.9836709105286268,2.9895225933619907,3.0842326561609905,2.65329696337382,2.454499348666933,2.462427069544792,42.29573887804887,0.0,0.0,3.0122179985046387,0
2025-08-24,3.0258688926696777,97.72000122070312,21496.5390625,-0.006678851300816135,0.006678851300816135,-0.02045039288375139,-0.03687507536618384,0.30952519265364953,0.3038508215656528,3.935278928366613,2.9804980073656355,3.0803709506988524,2.661243716875712,2.4584168586466046,2.4656448394060133,43.01379035623116,0.0,0.0,2.966618061065674,0
2025-08-25,2.861272096633911,98.43000030517578,21449.2890625,-0.054396539266625465,0.054396539266625465,-0.0653966773072373,-0.09668783519842272,0.23401333543782843,0.3050658571323088,3.76732466239108,2.951896463121687,3.070162216822306,2.667272607485453,2.4621326201491884,2.4683167999982834,39.24743087098006,0.0072656475194787795,-0.0021980282436453447,2.967094898223877,1
2025-08-26,3.0122179985046387,98.2300033569336,21544.26953125,0.05275482260086517,0.05275482260086517,0.05583530579187035,-0.07067079899391848,0.3244868280520161,0.37003196122925264,4.1274414421672,2.9746527331215993,3.062526750564575,2.6754722197850547,2.466652453607983,2.471409974694252,40.14038767275983,-0.0020318698325928475,0.00442814064714403,2.8219571113586426,0
2025-08-27,2.966618061065674,98.2300033569336,21590.140625,-0.015138325798996655,0.015138325798996655,0.005378004382233348,-0.04789204263685032,0.32187739361843404,0.3826551418902717,4.227023466557782,2.9769197532108853,3.057552615801493,2.683498575952318,2.4712136924266814,2.4741211849451066,38.11661240371635,0.0,0.0021291552114803824,2.818186044692993,0
2025-08-28,2.967094898223877,97.80999755859375,21705.16015625,0.0001607342598162198,0.0001607342598162198,0.04091276544224942,-0.05157095660122313,0.3873785532148484,0.35446490035159783,4.206799604664904,2.993579864501953,3.0521747430165607,2.6927036974165173,2.4755275362067755,2.476971959471703,44.82300201023969,-0.004275738409716734,0.005327410008474587,2.7766408920288086,0
2025-08-29,2.8219571113586426,97.7699966430664,21455.55078125,-0.04891578862277535,0.04891578862277535,-0.08252100831216724,-0.08921413061151562,0.29741573451229075,-0.039151261833084594,4.020784714876945,2.95732045173645,3.042960778872172,2.6998914427227443,2.474888730711407,2.4789682644605637,39.85135183791254,-0.00040896550992530756,-0.011500001529734183,2.753695011138916,0
2025-08-30,2.818186044692993,97.7699966430664,21455.55078125,-0.001336330254797513,0.001336330254797513,-0.07485621536873077,-0.06842062995237497,0.2932299872212303,0.1812618903641594,3.970073798496027,2.9247450147356306,3.0360613107681274,2.706991465886434,2.477291197909249,2.480988114476204,38.29931426941898,0.0,0.0,2.861859083175659,0
2025-08-31,2.7766408920288086,97.7699966430664,21455.55078125,-0.014741806255984868,0.014741806255984868,-0.08236576318446476,-0.06340021783081018,0.26339868082771933,0.13094732777807394,3.903014327940727,2.889141014644078,3.029796107610067,2.7134235302607217,2.4790772802299923,2.4825071436166763,37.61784208720896,0.0,0.0,2.8448948860168457,1
2025-09-01,2.753695011138916,97.7699966430664,21455.55078125,-0.008263899359750027,0.008263899359750027,-0.03759764253862896,-0.004582519786900052,0.22558350550995243,0.10125377876113362,4.025082373922189,2.8737728595733643,3.029373542467753,2.7190552075703938,2.480483869049284,2.4834630435705183,37.755883256761514,0.0,0.0,2.795828104019165,0
2025-09-02,2.861859083175659,98.4000015258789,21279.630859375,0.03927961215719633,0.03927961215719633,-0.04991634583009019,-0.029728280427480325,0.29948053286519505,0.09998357837778205,4.042150352899912,2.852293014526367,3.0264507134755454,2.7263835297690497,2.48192903664377,2.484071359038353,50.38629842491343,0.0064437445478544575,-0.008199273170313437,2.8162479400634766,0
2025-09-03,2.8448948860168457,98.13999938964844,21497.73046875,-0.005927684300929714,0.005927684300929714,-0.04103095597183226,-0.07417154117855274,0.35623983091832745,0.19451891056940673,4.10394848124931,2.834903989519392,3.018853545188904,2.734686427646213,2.4845027638806236,2.4844879430532454,45.079419261886294,-0.0026422980914495575,0.010249219585447555,2.810854911804199,0
2025-09-04,2.795828104019165,98.3499984741211,21707.689453125,-0.017247309290354562,0.017247309290354562,-0.05772204802321401,-0.0566579464333119,0.2929247078322008,0.2033146749341137,4.00886494396634,2.8104373046330045,3.0132562160491942,2.741724451382955,2.487127148442798,2.4848279589414597,47.33282472808316,0.002139790969825528,0.009766565111615222,2.8785619735717773,1
2025-09-05,2.8162479400634766,97.7699966430664,21700.390625,0.0073036808003170695,0.0073036808003170695,-0.002023124756994399,-0.05870544067330907,0.2927190898501162,0.31934765104359286,4.175061724446649,2.8096217087336948,3.0074015458424888,2.7488100290298463,2.4909142143196528,2.485617828965187,34.16638714281433,-0.005897324250668912,-0.0003362323816525903,2.9704010486602783,1
2025-09-06,2.810854911804199,97.7699966430664,21700.390625,-0.0019149692690607623,0.0019149692690607623,-0.002601365833387548,-0.15289971893806487,0.24072436047536483,0.3926884676443554,4.39152423568477,2.8085744040352956,2.9904897769292194,2.754869582917955,2.4953173299630484,2.4868777137994766,35.20446734056068,0.0,0.0,2.9466140270233154,1
2025-09-07,2.8785619735717773,97.7699966430664,21700.390625,0.024087711351888696,0.024087711351888696,0.036706612596380195,-0.12429060008713888,0.24055896834045765,0.32841426016294517,4.482014470153067,2.823134558541434,2.9768711725870767,2.7610716607835557,2.4992709192964764,2.487566518187523,41.2601805423059,0.0,0.0,2.98170804977417,1
2025-09-08,2.9704010486602783,97.44999694824219,21798.69921875,0.03190449812499452,0.03190449812499452,0.07869645572395245,-0.07976808447886852,0.28851793958175476,0.3256250420283946,4.612037978704799,2.8540925639016286,2.9682884375254313,2.768461839358012,2.5033245080047184,2.488964383006096,57.08651079604498,-0.0032729846150292286,0.0045302683923460485,3.0409340858459473,1
2025-09-09,2.9466140270233154,97.79000091552734,21879.490234375,-0.008008016845971522,0.008008016845971522,0.02961534491544837,-0.07567529242933713,0.2975687924867598,0.3090197737372333,4.460353275147419,2.8662004130227223,2.960247039794922,2.7759700722164578,2.507188985745112,2.4908467537164687,44.897156080118,0.0034890095221422612,0.003706231037653218,3.1076419353485107,1
2025-09-10,2.98170804977417,97.77999877929688,21886.060546875,0.011909948988570562,0.011909948988570562,0.04809076230892906,-0.04874951557776408,0.35855216561179337,0.26534278167614,4.51068091302479,2.8857451507023404,2.955153505007426,2.7847138404846192,2.510662680864334,2.4928767639398575,51.19323949100112,-0.00010228178890303585,0.00030029550184296205,3.121467113494873,1
2025-09-11,3.0409340858459473,97.54000091552734,22043.0703125,0.019863123781103553,0.019863123781103553,0.08766847342096185,-0.0690560108560726,0.415026373786082,0.27063584980545863,4.680676135126815,2.920760290963309,2.9476344426472982,2.7946238862143624,2.514260992076662,2.4951963347196577,55.342450629976675,-0.0024544678540162623,0.00717396195120279,3.032525062561035,0
2025-09-12,3.1076419353485107,97.55000305175781,22141.099609375,0.021936631186139754,0.021936631186139754,0.10346887116709835,-0.052718877518242224,0.45121562624837064,0.3524028390675904,4.523950466914144,2.9623880045754567,2.9418694734573365,2.8053598403930664,2.518759741385778,2.499344899058342,73.31622016367777,0.00010254394234765485,0.004447170720106586,2.9971089363098145,0
2025-09-13,3.121467113494873,97.55000305175781,22141.099609375,0.00444876804792238,0.00444876804792238,0.11050453027164675,0.012305743600457442,0.4403378996609275,0.3335967446194985,4.446170149373248,3.0067611762455533,2.943134307861328,2.8159630642996896,2.5230976813369326,2.5033486491441725,74.3526802722026,0.0,0.0,3.038494110107422,0
2025-09-14,3.032525062561035,97.55000305175781,22141.099609375,-0.02849366906648465,0.02849366906648465,0.05348611230287914,-0.014987611192403882,0.35273575928887446,0.3260071068122501,4.086431182260459,3.0287559032440186,2.941596245765686,2.8247492101457383,2.5272397100925446,2.5075490993261336,69.09349417618327,0.0,0.0,3.084991931915283,0
2025-09-15,2.9971089363098145,97.30000305175781,22348.75,-0.011678757972509834,0.011678757972509834,0.008991340634485034,-0.035722668780938216,0.38709197963386366,0.17725693060827408,4.249107065589171,3.032571315765381,2.9378952105840046,2.8340424882041084,2.529746754301919,2.511541404128075,67.83115460495063,-0.002562788233510971,0.009378503971730234,3.0762689113616943,1
2025-09-16,3.038494110107422,96.62999725341797,22333.9609375,0.013808364886650715,0.013808364886650715,0.03118158070296162,-0.016363293534913392,0.40044383469218103,0.24800859557747268,4.190395764394441,3.045697041920253,2.93621031443278,2.8436961438920765,2.5331013103326163,2.516005899310112,64.34253376548403,-0.006885979211978421,-0.0006617400302030285,2.991852045059204,0
2025-09-17,3.084991931915283,96.87000274658203,22261.330078125,0.015302916551060086,0.015302916551060086,0.03463916668465772,0.007678966792541653,0.4243215057742762,0.29660846853247413,4.277983699485107,3.0604518822261264,2.936993948618571,2.853907855351766,2.5370219435956742,2.5204778438806534,68.60331765076216,0.0024837576320595467,-0.0032520366440261794,2.97891902923584,0
2025-09-18,3.0762689113616943,97.3499984741211,22470.720703125,-0.0028275667314867636,0.0028275667314867636,0.011619727530502333,0.07828627554115486,0.45083275425091474,0.29810019596042636,4.2563242943544894,3.065499714442662,2.9444387753804526,2.864529209666782,2.5409466379218633,2.5211744779348373,73.17833215102073,0.0049550502108972605,0.009406024899013321,2.9734089374542236,0
2025-09-19,2.991852045059204,97.63999938964844,22631.48046875,-0.02744131567650354,0.02744131567650354,-0.03725972705292424,0.013929726224348515,0.45407903848239584,0.22843796077178347,4.093632622825221,3.0489583015441895,2.9458088795344035,2.8749102539486353,2.5440375215477413,2.5242050284147264,63.125150802456176,0.0029789514131779438,0.0071541882322734285,2.8530099391937256,0
2025-09-20,2.97891902923584,97.63999938964844,22631.48046875,-0.004322745787086024,0.004322745787086024,-0.045667014604370726,0.04506089326855567,0.47908515780982786,0.2167981258112317,4.090681372319339,3.028594289507185,2.9500903765360516,2.8856312645806206,2.546986171272066,2.5268238931894302,62.42158446604132,0.0,0.0,2.8281569480895996,0
2025-09-21,2.9734089374542236,97.63999938964844,22631.48046875,-0.0018496950496266207,0.0018496950496266207,-0.01949402688757551,-0.03328076006879299,0.37256909107577796,0.21296794394160434,3.971083515418468,3.02014912877764,2.9466782410939536,2.8945990403493247,2.5498864988485974,2.5291883927583694,57.719880073353195,0.0,0.0,2.928035020828247,0
2025-09-22,2.8530099391937256,97.33000183105469,22788.98046875,-0.0404919070309856,0.0404919070309856,-0.04807933250951846,-0.06342435492975207,0.3022590834119423,0.21451814303543904,3.8551873868252065,2.999563557761056,2.94023810227712,2.9019567516114977,2.5526860654354095,2.530444797873497,40.86966744846023,-0.0031749033237562507,0.006959332608287738,2.742319107055664,0
2025-09-23,2.8281569480895996,97.26000213623047,22573.470703125,-0.008711147747052506,0.008711147747052506,-0.06922414669758437,-0.06534055228203883,0.2938346102816993,0.2095062193650692,3.83391915981663,2.96951539175851,2.933647704124451,2.9090932501686946,2.5554076373577117,2.532677462697029,40.8020112298604,-0.0007191995634164838,-0.009456753272509166,2.7858119010925293,0
2025-09-24,2.928035020828247,97.87000274658203,22497.859375,0.03531560467537509,0.03531560467537509,-0.05087757587410968,0.023333301391670558,0.3904257593124376,0.3284269105913462,3.9498180304199897,2.9470929758889333,2.9358731349309286,2.9182285838656954,2.5594292925463784,2.5357004433870314,46.21334681666537,0.006271854790802278,-0.0033495659183030435,2.807734966278076,0
2025-09-25,2.742319107055664,98.55000305175781,22384.69921875,-0.06342680755233931,0.06342680755233931,-0.10855676598123187,-0.08960138063810819,0.2798912181706603,0.2814880168973719,3.6994456595493057,2.899385860988072,2.926876505215963,2.9248919195599026,2.562775792678197,2.5387391585111616,32.12321329475412,0.006947995157786213,-0.005029818809150544,2.8665859699249268,1
2025-09-26,2.7858119010925293,98.1500015258789,22484.0703125,0.015859858878189304,0.015859858878189304,-0.06886708997088709,-0.0609468951686335,0.27436224040463597,0.3041317652185085,3.7183480975094847,2.8699515547071184,2.920849633216858,2.9315560075971816,2.5663850645224255,2.542576747536659,30.182589610141747,-0.004058868731529386,0.00443924185797262,2.8826920986175537,1
2025-09-27,2.807734966278076,98.1500015258789,22484.0703125,0.007869542511807381,0.007869542511807381,-0.05746516144874081,-0.0537090782102031,0.272153209389298,0.34348012238207204,3.767543523617854,2.8454966885702953,2.915537635485331,2.938230029741923,2.570373053683175,2.5457808429002764,30.871997185792907,0.0,0.0,2.846930980682373,0
2025-09-28,2.8665859699249268,98.1500015258789,22484.0703125,0.020960312976001205,0.020960312976001205,-0.03592609350961218,0.0158148606818469,0.28044042181904616,0.339769688124117,3.662624195937254,2.8302362646375383,2.917025264104207,2.945205985175239,2.574411803483963,2.5489099973440172,39.49745871333423,0.0,0.0,2.9472780227661133,1
2025-09-29,2.8826920986175537,97.91000366210938,22591.150390625,0.00561857514883779,0.00561857514883779,0.010403805123867294,0.02288921061334248,0.3270871881711095,0.42350449100968035,3.4905455231867757,2.834476573126657,2.919175465901693,2.953100397851732,2.579176386859682,2.552068417668343,42.57693843780346,-0.0024452150793523586,0.00476248635752885,3.0393240451812744,1
2025-09-30,2.846930980682373,97.7699966430664,22660.009765625,-0.012405458755838206,0.012405458755838206,0.006638256977023582,0.025314792725034563,0.2744966275330858,0.38035219234149165,3.6557127195836143,2.837158577782767,2.9215184688568114,2.9599133094151813,2.583534519539939,2.5545208579301835,37.48053069932419,-0.0014299562231264717,0.003048068549381,3.0408809185028076,1
2025-10-01,2.9472780227661133,97.70999908447266,22755.16015625,0.03524744462181806,0.03524744462181806,0.006571984898057437,0.07029936534152781,0.3054581413797677,0.3843746097908003,3.9324351688646955,2.8399075780596053,2.9279712359110515,2.9675757540596854,2.588080731365416,2.5572910577058794,41.59163469449667,-0.0006136602296590299,0.004199044555106113,2.969348907470703,0
2025-10-02,3.0393240451812744,97.8499984741211,22844.05078125,0.031230858339171164,0.031230858339171164,0.10830429520818763,0.062010377467185185,0.36836285703122273,0.41777297569026617,4.63014006729263,2.8823368549346924,2.933886734644572,2.9766666995154485,2.5930562476317087,2.560998342633247,47.952587573726824,0.0014328051474794545,0.003906394171239613,2.9706408977508545,0
2025-10-03,3.0408809185028076,97.72000122070312,22780.509765625,0.00051224328119992,0.00051224328119992,0.09156002862585466,0.06889043016993956,0.3706786860961815,0.5855304814895688,4.825967081112328,2.9187752859933034,2.940419602394104,2.9858040200339424,2.5992950585153367,2.5644995576143264,52.99185264934385,-0.0013285360801753576,-0.002781512623722282,2.9907169342041016,0
2025-10-04,2.969348907470703,97.72000122070312,22780.509765625,-0.02352345025971081,0.02352345025971081,0.05756025519989216,0.06206418885413312,0.3066205833821527,0.5646648509495955,4.557030120402635,2.9418629918779646,2.946203629175822,2.993546329604255,2.6052483638127644,2.5679115027189257,49.4549871526867,0.0,0.0,2.855971097946167,0
2025-10-05,2.9706408977508545,97.72000122070312,22780.509765625,0.00043510894826170876,0.00043510894826170876,0.036299252461859055,0.05482221770711626,0.30630569331194835,0.6553515903192568,4.610317771131975,2.956727981567383,2.9513500610987347,3.00128591855367,2.611782102452384,2.5700355023145676,49.84160074656393,0.0,0.0,2.8808040618896484,0
2025-10-06,2.9907169342041016,98.11000061035156,22941.669921875,0.006758149888950626,0.006758149888950626,0.03747359478258305,0.06398836939059738,0.29399140789711753,0.45765048927949703,4.604876037009053,2.9721601009368896,2.957345461845398,3.008835728963216,2.6169986519548627,2.5728157168626784,58.90234447850728,0.003990988382896354,0.007074475413767267,2.8049099445343018,0
2025-10-07,2.855971097946167,98.58000183105469,22788.359375,-0.04505469398219508,0.04505469398219508,0.003175390385343091,-0.007847972645028456,0.18719998049548026,0.4523250327790651,4.3892959443434725,2.973451546260289,2.9565924326578776,3.0138394514719646,2.6219402578141953,2.5751991826295852,51.57440264037448,0.004790553641618622,-0.006682623688557987,2.3585970401763916,0
2025-10-08,2.8808040618896484,98.8499984741211,23043.380859375,0.008695103378791202,0.008695103378791202,-0.022554357058611307,-0.030163262570567784,0.1311984959504522,0.42340169048688514,4.426592100791255,2.9639552661350796,2.95360586643219,3.0175519069035848,2.6267009086079067,2.577754083275795,47.07830027252344,0.0027388581664780087,0.01119086636200639,2.385982036590576,0
2025-10-09,2.8049099445343018,99.54000091552734,23024.630859375,-0.02634476893425519,0.02634476893425519,-0.07712705100287898,-0.04809047984888737,0.02561222353947401,0.29939951903647355,4.349492334228088,2.9304675374712263,2.9488823970158893,3.0183301952150132,2.630291407638126,2.579601168036461,54.48065072309962,0.006980297946963532,-0.0008136826846035783,2.5349578857421875,0
2025-10-10,2.3585970401763916,98.9800033569336,22204.4296875,-0.1591184434379448,0.1591184434379448,-0.2243704691541627,-0.20897787415671765,-0.13845487010730606,0.11244136943326577,3.450376026017543,2.832998411996024,2.928112030029297,3.0141186502244737,2.6316158413887023,2.5791533428430555,30.603662062514033,-0.005625854464970104,-0.035622771843095036,2.6064999103546143,1
2025-10-11,2.385982036590576,98.9800033569336,22204.4296875,0.011610714313512682,0.011610714313512682,-0.19646289104403025,-0.21537857472934085,-0.15866304256171126,0.12188903162275788,3.4324639510581463,2.7496602875845775,2.906280295054118,3.0091191053390505,2.6330559968948366,2.578826503157616,30.946143903489883,0.0,0.0,2.505660057067871,1
2025-10-12,2.5349578857421875,98.9800033569336,22204.4296875,0.06243795924150741,0.06243795924150741,-0.14666296836434634,-0.18428250793381662,-0.14213956478548773,0.21374121875902174,3.6981944397648556,2.6874198572976247,2.887190826733907,3.0044522258970474,2.6355360468228657,2.579755852818489,36.14595665228622,0.0,0.0,2.412666082382202,0
2025-10-13,2.6064999103546143,99.2699966430664,22694.609375,0.028222174819870993,0.028222174819870993,-0.1284698727102156,-0.1649760142959471,-0.10704255469995361,0.2511748447826958,3.9036761581746813,2.6325317110334123,2.8700252532958985,3.000980536142985,2.638443035549588,2.5810969823598864,38.972600992360626,0.002929816895308246,0.02207576120615018,2.3290679454803467,0
2025-10-14,2.505660057067871,99.05000305175781,22521.69921875,-0.038687840688635955,0.038687840688635955,-0.12265916876057237,-0.17373805479721738,-0.17615046732364015,0.21256377367799173,3.5721970005874315,2.5824872766222273,2.8524630864461265,2.9950278149710763,2.640883285469479,2.582604597210884,37.047347509341265,-0.0022161136168826756,-0.007618996801966316,2.294239044189453,0
2025-10-15,2.412666082382202,98.79000091552734,22670.080078125,-0.03711356391835963,0.03711356391835963,-0.16250254076647397,-0.1950022059082065,-0.3097061631961616,0.16919524532470032,3.4559187596467087,2.5156104224068776,2.8329816579818727,2.983000448015001,2.642822946442498,2.5839681822061538,29.595360573795034,-0.0026249583868726,0.006588350991361569,2.3605101108551025,0
2025-10-16,2.3290679454803467,98.38999938964844,22562.5390625,-0.03464969210298385,0.03464969210298385,-0.169646087918505,-0.23347952601494248,-0.3186297431404853,0.11581733792278692,3.2497751686330414,2.4476329939705983,2.80933411916097,2.9708988481097753,2.6441659900877212,2.584932807087898,22.715567741278406,-0.0040490082211958045,-0.004743742203573875,2.390631914138794,1
2025-10-17,2.294239044189453,98.43000030517578,22679.970703125,-0.014954008258316609,0.014954008258316609,-0.02728655844583161,-0.25632251402190864,-0.33100977469990733,0.10459212078092883,3.2200040609279528,2.438438994543893,2.782975689570109,2.9582858827379015,2.6453728675842285,2.5859545177221297,22.03273400473141,0.00040655468823547203,0.005204717443356266,2.4934189319610596,1
2025-10-18,2.3605101108551025,98.43000030517578,22679.970703125,0.028885859489442556,0.028885859489442556,-0.010675656960046354,-0.23267107692147915,-0.3176787466241259,0.13185955777816294,3.318999336491361,2.434800148010254,2.759117062886556,2.946074562602573,2.6469006180763244,2.5870590132474898,27.104242133204608,0.0,0.0,2.4242711067199707,1
2025-10-19,2.390631914138794,98.43000030517578,22679.970703125,0.012760717755527784,0.012760717755527784,-0.05693426798731127,-0.20095249426296846,-0.3276743619853052,0.07906166426702699,3.3924689608073137,2.414182152066912,2.7390763918558756,2.9331286403867933,2.6478737235069274,2.588886837363243,28.651314057448545,0.0,0.0,2.3638620376586914,0
2025-10-20,2.4934189319610596,98.58999633789062,22990.5390625,0.04299575238427855,0.04299575238427855,-0.043384224931037885,-0.16297861489686816,-0.2979599187987172,0.1245009685207894,3.5529257703136112,2.3980277265821184,2.7228930552800494,2.9213702281316123,2.6494074066480002,2.591041596531868,32.74624102598463,0.0016254803639010884,0.01369350796084623,2.3951499462127686,0
2025-10-21,2.4242711067199707,98.93000030517578,22953.669921875,-0.027732132917874575,0.027732132917874575,-0.032482040058994244,-0.184682915228073,-0.23883066781499362,0.09967005994033662,3.4493224365417374,2.3864007336752757,2.704588460922241,2.912918461693658,2.6506281124220954,2.5925181525945664,34.30788347551746,0.0034486659895989202,-0.0016036657742026783,2.507473945617676,1
2025-10-22,2.3638620376586914,98.9000015258789,22740.400390625,-0.02491844616463401,0.02491844616463401,-0.020228263280977044,-0.17144977128024652,-0.24811035205757792,0.0828234527311631,3.431861690328615,2.3794287272862027,2.6882835308710735,2.9042514297697277,2.651632601684994,2.5936188071966173,31.683110268721705,-0.0003032323784932789,-0.009291304265325873,2.596446990966797,1
2025-10-23,2.3951499462127686,98.94000244140625,22941.80078125,0.01323592834760623,0.01323592834760623,0.02837272345817854,-0.15310571860918976,-0.23763101004763565,0.09208556543874091,3.5603577474999373,2.38886901310512,2.6738499641418456,2.895956206321716,2.652754607465532,2.596005082130432,35.00696673588621,0.000404458189182888,0.008856501520000837,2.645145893096924,1
2025-10-24,2.507473945617676,98.94999694824219,23204.869140625,0.04689643735354232,0.04689643735354232,0.09294362850648707,-0.14363252905752744,-0.20838297040532827,0.11135218163896399,3.7154153648911405,2.4193311418805803,2.6598312616348267,2.888622204462687,2.6541503681076897,2.599053682088852,57.2094486050776,0.00010101583373067768,0.011466770280299965,2.634629964828491,1
2025-10-25,2.596446990966797,98.94999694824219,23204.869140625,0.0354831385205896,0.0354831385205896,0.09995164986869098,-0.0531929765990965,-0.19894442939797674,0.13128148468405887,4.173040148308896,2.4530364104679654,2.6549688577651978,2.881457371181912,2.6558243076006574,2.603063077330589,59.61817306204633,0.0,0.0,2.6059770584106445,0
2025-10-26,2.645145893096924,98.94999694824219,23204.869140625,0.018755977803341928,0.018755977803341928,0.1064630558359363,-0.0504937206781404,-0.15106548892938743,0.18044653667072375,4.158633182923226,2.4893955503191267,2.650279990832011,2.876227413283454,2.658070667584737,2.6060301166772843,55.54364050649674,0.0,0.0,2.552021026611328,0
2025-10-27,2.634629964828491,98.77999877929688,23637.4609375,-0.0039755569989073924,0.0039755569989073924,0.056633496705012165,-0.06165289941131891,-0.15784305424547984,0.20217272392596386,4.102104522962945,2.509568555014474,2.6445098241170246,2.8707407342063056,2.6605321844418843,2.609370856285095,51.50783297158088,-0.0017180209619838127,0.018642285558837957,2.4397149085998535,0
2025-10-28,2.6059770584106445,98.69000244140625,23827.490234375,-0.010875495534611757,0.010875495534611757,0.07495281826648559,-0.09091264460528536,-0.1589216323673115,0.17695856375275665,4.018954943438229,2.535526548113142,2.635822860399882,2.8652696344587536,2.6627089341481525,2.6122813069820405,55.82824652280463,-0.0009110785483172901,0.008039327801639073,2.508733034133911,0
2025-10-29,2.552021026611328,99.22000122070312,23958.470703125,-0.020704722486015847,0.020704722486015847,0.07959812626755514,-0.11470911935575945,-0.1564041186010967,0.15484895783153263,3.834142094562684,2.5624064036778043,2.6248004913330076,2.860012422667609,2.6646099898550246,2.614248311519623,58.48098841385114,0.00537033910412088,0.005497031683221021,2.505173921585083,0
2025-10-30,2.4397149085998535,99.52999877929688,23581.140625,-0.04400673695098778,0.04400673695098778,0.018606335047019362,-0.14303686139413008,-0.17705006127748124,0.11485643463174866,3.665078650128196,2.5687728268759593,2.6112266222635907,2.854180399576823,2.6660063677363928,2.615845891237259,56.506497566829815,0.0031243454422480443,-0.01574933904590925,2.529094934463501,1
2025-10-31,2.508733034133911,99.80000305175781,23724.9609375,0.028289422379136564,0.028289422379136564,0.000502134236902485,-0.14879661343269335,-0.09313242560871082,0.16263736336587975,3.926454826484311,2.5689526966639926,2.59660845597585,2.851317744784885,2.6679560237460667,2.617755786180496,62.125569616158565,0.0027127928842807236,0.006098954871908369,2.309377908706665,0
2025-11-01,2.505173921585083,99.80000305175781,23724.9609375,-0.0014186892349256075,0.0014186892349256075,-0.03515306482252811,-0.17574635532629856,-0.1506571993658864,0.17304901102363157,3.8846369520496085,2.5559136867523193,2.5788034518559773,2.8463802999920316,2.6700091626909046,2.619838911294937,58.80209545240639,0.0,0.0,2.210616111755371,0
2025-11-02,2.529094934463501,99.80000305175781,23724.9609375,0.009548643578120242,0.009548643578120242,-0.043873178767297016,-0.16830188282785075,-0.17694390857940212,0.1733597668897473,3.9604683918285346,2.539334978376116,2.5617439190546674,2.840339022212558,2.6720850785573322,2.622068176269531,58.488862201646796,0.0,0.0,2.3452250957489014,0
2025-11-03,2.309377908706665,99.87000274658203,23834.720703125,-0.08687575257171776,0.08687575257171776,-0.12345265197156419,-0.22226118227588232,-0.22079140139942044,0.08616747523606705,3.5918384712949445,2.492870398930141,2.5397448857625324,2.8330682436625163,2.673102894094255,2.6232829904556274,40.131711161008546,0.0007013997262896865,0.004626341257806255,2.210848093032837,0
2025-11-04,2.210616111755371,100.22000122070312,23348.640625,-0.0427655415681204,0.0427655415681204,-0.15171313399681252,-0.25584539234308556,-0.2611300698516076,-0.04845414782628332,3.392889457214733,2.4363902636936734,2.51441072622935,2.824387444390191,2.672477516863081,2.6240184354782103,38.89643609070256,0.0035045405476679115,-0.020393781164017133,2.3141629695892334,1
2025-11-05,2.3452250957489014,100.19999694824219,23499.80078125,0.06089206682142656,0.06089206682142656,-0.08103222062281301,-0.21583180643840516,-0.29322540646993556,0.00023631664111478656,3.5624370939807815,2.406847987856184,2.4928943316141763,2.8135765234629315,2.672480595111847,2.625307960510254,49.10079485827992,-0.0001996035942654073,0.006474045263609396,2.2848949432373047,0
2025-11-06,2.210848093032837,99.7300033569336,23053.990234375,-0.05729812586418437,0.05729812586418437,-0.09380883592598233,-0.2258856909922028,-0.3274209571920468,-0.10565480166022967,3.075844453247462,2.374152728489467,2.471390231450399,2.8016179455651176,2.6710295849376253,2.6259771955013274,41.912257676794134,-0.004690554946337633,-0.018970822392277542,2.367656946182251,1
2025-11-07,2.3141629695892334,99.5999984741211,23004.5390625,0.046730879829318894,0.046730879829318894,-0.07755710228922352,-0.19669546422700113,-0.28307101046383765,-0.022126099078927153,3.1716772543776584,2.3463570049830844,2.452502195040385,2.791465499666002,2.670738685131073,2.6271204352378845,41.44929902190624,-0.0013035684190966235,-0.0021450157379379053,2.526365041732788,1
2025-11-08,2.2848949432373047,99.5999984741211,23004.5390625,-0.012647348841263284,0.012647348841263284,-0.08792961496597518,-0.1853945444167674,-0.2832502557618495,-0.10207463048060128,3.1237710849607616,2.3148885795048306,2.4351683616638184,2.781432599491543,2.6692956686019897,2.6274675452709197,35.4506829609374,0.0,0.0,2.391724109649658,1
2025-11-09,2.367656946182251,99.5999984741211,23004.5390625,0.036221360281749604,0.036221360281749604,-0.06383231648656795,0.003841226734169867,-0.244649449441531,-0.08462674428776207,3.2318356079506243,2.291826009750366,2.4354703585306803,2.772911964522468,2.6680796066919963,2.6282190501689913,37.44097206260949,0.0,0.0,2.3868958950042725,0
2025-11-10,2.526365041732788,99.62000274658203,23527.169921875,0.06703171074105452,0.06703171074105452,0.09395912735115908,0.058836572526258735,-0.2265848967488494,-0.010317637033320448,3.286464589218511,2.322824171611241,2.4401497920354207,2.7646881765789457,2.6679332852363586,2.629828155040741,45.67953411247658,0.00020084611212256576,0.022718597314864253,2.3311400413513184,0
2025-11-11,2.391724109649658,99.45999908447266,23468.30078125,-0.053294329940055785,0.053294329940055785,0.08192648055499596,-0.05650341447411977,-0.2709471855542044,0.004771141938042067,2.8547160155965936,2.3486967427389964,2.4353753328323364,2.7548118776745265,2.6679963800642224,2.630871505737305,42.11678819310422,-0.0016061399086325645,-0.0025021768797727217,2.2439820766448975,0
2025-11-12,2.3868958950042725,99.4800033569336,23406.4609375,-0.002018717219894106,0.002018717219894106,0.017768358069724766,-0.08425245459550568,-0.22591898743925432,0.0024829343325152298,2.372755779203601,2.354649714061192,2.428055198987325,2.7470715867148505,2.6680292235480416,2.6318400406837466,43.696509960658304,0.00020112882209000205,-0.0026350371220488222,2.235245943069458,0
2025-11-13,2.3311400413513184,99.18000030517578,22870.359375,-0.023359147656858426,0.023359147656858426,0.05440986592320107,-0.06965031638041774,-0.2428086253515389,-0.009864183176002017,2.3770542394421397,2.3718342781066895,2.4222378651301066,2.7387657324473063,2.667900202009413,2.6322145557403562,45.668236920795195,-0.0030157121193633563,-0.022903999196268954,2.216609001159668,0
2025-11-14,2.2439820766448975,99.2699966430664,22900.58984375,-0.03738855802755503,0.03738855802755503,-0.030326685659823327,-0.06991601820453774,-0.27803056406926896,-0.07813291989453508,1.9029260373177226,2.3618084362574985,2.416615064938863,2.7291639778349133,2.666843597094218,2.6319587767124175,39.58805511351213,0.0009074040896723812,0.0013218187022914218,2.162097930908203,0
2025-11-15,2.235245943069458,99.2699966430664,22900.58984375,-0.0038931387493528202,0.0038931387493528202,-0.02172922668273869,-0.040283067994196675,-0.27639485945801057,-0.061364844831820475,1.5056255500924278,2.354715721947806,2.4134876648585,2.71967736615075,2.666031747394138,2.631931000947952,39.42750760514222,0.0,0.0,2.2164790630340576,0
2025-11-16,2.216609001159668,99.2699966430664,22900.58984375,-0.008337758969018672,0.008337758969018672,-0.06379638117174935,-0.03383694616583055,-0.27596884615354667,-0.05946567037739303,0.9807245872137595,2.3331374440874373,2.4108999967575073,2.710289878315396,2.66525315841039,2.6320562613010408,37.70973174029264,0.0,0.0,2.1076180934906006,0
2025-11-17,2.162097930908203,99.58999633789062,22708.0703125,-0.024592100015359608,0.024592100015359608,-0.14418625369148586,-0.08405478927392684,-0.24214670679024652,-0.09872254784793022,1.0506745339397132,2.2810992853982106,2.404286257425944,2.702614031897651,2.663937446806166,2.63179594039917,43.342181870306966,0.0032235288168167564,-0.008406749894371957,1.9987870454788208,0
2025-11-18,2.2164790630340576,99.55000305175781,22432.849609375,0.025152020798156594,0.025152020798156594,-0.0732714303913885,-0.07284804075221818,-0.2488418625929576,-0.08779175255283944,0.9826528826679926,2.2560642787388394,2.3984811623891193,2.694455477926466,2.662752358118693,2.6318291807174683,50.27611480609085,-0.00040157935137508094,-0.012119951159984765,1.9504029750823975,0
2025-11-19,2.1076180934906006,100.2300033569336,22564.23046875,-0.04911436853116091,0.04911436853116091,-0.11700460087019082,-0.15472764465096478,-0.26060788298187776,-0.08137612905639358,0.9126311784513752,2.216167449951172,2.3856211344401044,2.6862015220854016,2.6617151194148594,2.631425436735153,38.53180773313228,0.0068307411786039385,0.005856628188694035,1.9497510194778442,0
2025-11-20,1.9987870454788208,100.16000366210938,22078.05078125,-0.05163698696073338,0.05163698696073338,-0.14257101245613657,-0.17551009871038237,-0.3501513131779318,-0.1432068482782317,0.8132860649409399,2.1686884505408153,2.3714383323987325,2.674235011471642,2.6598591029644014,2.6306303972005844,39.506014363493776,-0.000698390626357015,-0.02154647765069262,2.046264886856079,1
2025-11-21,1.9504029750823975,100.18000030517578,22273.080078125,-0.02420671602103197,0.02420671602103197,-0.13082952159825023,-0.17490828821203463,-0.35972886058330333,-0.16755276632113747,0.5598830857513215,2.1267485788890292,2.3576563636461896,2.662059332264794,2.6576781478193072,2.629704367518425,30.96419213973799,0.0001996469881717644,0.008833628421609951,2.2258780002593994,1
2025-11-22,1.9497510194778442,100.18000030517578,22273.080078125,-0.00033426712986106555,0.00033426712986106555,-0.1277241658694478,-0.18595868180996056,-0.35563929283214624,-0.15619342080757437,0.32724692192055116,2.0859635898045132,2.342809732755025,2.650102467007107,2.6556730919414098,2.6286759722232818,31.92020116911347,0.0,0.0,2.1985440254211426,1
2025-11-23,2.046264886856079,100.18000030517578,22273.080078125,0.049500611316044774,0.049500611316044774,-0.07684896804735053,-0.183933739199027,-0.2848408617749537,-0.1174840864700678,0.3929569683578551,2.0616287163325717,2.327436097462972,2.641046831342909,2.654159719414181,2.6282764410972597,32.91555084654469,0.0,0.0,2.2242848873138428,1
2025-11-24,2.2258780002593994,100.13999938964844,22872.009765625,0.08777608146288496,0.08777608146288496,0.029499158405098314,-0.142721569897876,-0.2610501625830546,-0.021270673750077074,0.5539381291541714,2.0707401548113142,2.315083797772725,2.6323097202512953,2.6538909700181748,2.627789911031723,34.374101903945046,-0.0003992904312786205,0.026890294714480234,2.200824022293091,0
2025-11-25,2.1985440254211426,99.66000366210938,23025.58984375,-0.012280086705143467,0.012280086705143467,-0.008091679236691962,-0.1688382742295178,-0.25890560221581826,-0.020364069031822862,0.5532769851068298,2.0681780065808977,2.3001970688501996,2.6237755642996894,2.6536370701260035,2.6270592761039735,38.69228993633119,-0.004793246759183467,0.00671476095449286,2.1806480884552,0
2025-11-26,2.2242848873138428,99.5999984741211,23214.689453125,0.011708140294242941,0.011708140294242941,0.055354807487926205,-0.1557505543444926,-0.2503492595921638,0.04004935964346368,0.5872749890282123,2.0848446914127896,2.286518899599711,2.615522119734022,2.6541129085752697,2.6258205509185792,40.7090993449618,-0.000602098994414324,0.008212584809258683,2.2033770084381104,0
2025-11-27,2.200824022293091,99.5999984741211,23214.689453125,-0.010547598985435891,0.010547598985435891,0.1010797910018828,-0.15547068413743137,-0.2201072038144849,0.011845185003874326,0.4943006560261429,2.113707116671971,2.2730137983957928,2.6086206409666275,2.6542560418446857,2.6249920463562013,42.2689926897119,0.0,0.0,2.1609671115875244,0
2025-11-28,2.1806480884552,99.45999908447266,23365.689453125,-0.009167445299360533,0.009167445299360533,0.11805002161826361,-0.1455211122022969,-0.2262228064887195,0.000671870076672576,0.414771485419408,2.1465992757252286,2.260634700457255,2.6015368858973185,2.654264175891876,2.623172097206116,45.91831780152578,-0.0014056163834662572,0.006504502259437883,2.0309159755706787,0
2025-11-29,2.2033770084381104,99.45999908447266,23365.689453125,0.010423011444735897,0.010423011444735897,0.13008121879489454,-0.09687111364064127,-0.2064594976024543,0.0025580239124249893,0.22632548464471247,2.1828315598624095,2.2527567704518634,2.595167287190755,2.6542954087257384,2.6212562417984007,47.98253120882405,0.0,0.0,2.155522108078003,0
2025-11-30,2.1609671115875244,99.45999908447266,23365.689453125,-0.019247680577664128,0.019247680577664128,0.05605443628936824,-0.13862213229334142,-0.2152482018356281,-0.03822114025047041,0.11153940937067719,2.1992175919669017,2.2411645730336507,2.588581421640184,2.653818314605289,2.6192975628376005,46.58050342332078,0.0,0.0,2.2019059658050537,0
2025-12-01,2.0309159755706787,99.41000366210938,23275.919921875,-0.060181913606869086,0.060181913606869086,-0.08758881873400082,-0.18931138550026505,-0.2903508116419643,-0.07782469456514651,-0.1246893535069491,2.171365874154227,2.2253559748331706,2.5793487204445733,2.6528661251068115,2.6175503075122832,42.62308027696246,-0.0005026686388848178,-0.0038419380446740314,2.097172975540161,1
2025-12-02,2.155522108078003,99.36000061035156,23413.669921875,0.06135464687174497,0.06135464687174497,-0.019568367449407154,-0.1477100844633752,-0.24231924396477011,0.02759682045529077,-0.20571959309899923,2.16521988596235,2.212903547286987,2.5716890229119196,2.653187725279066,2.616422997713089,46.82304971421712,-0.0005029981884697721,0.005918133438435724,2.037606954574585,0
2025-12-03,2.2019059658050537,98.8499984741211,23454.08984375,0.021518618414176016,0.021518618414176016,-0.01006117590261335,-0.04653718323728118,-0.21243156450152056,0.018266689364734967,-0.12814000189562225,2.16202289717538,2.209321149190267,2.565089888042874,2.6534071697129145,2.615660707950592,55.256404428611646,-0.005132871709919606,0.0017263385880927906,2.0326199531555176,0
2025-12-04,2.097172975540161,98.98999786376953,23505.140625,-0.047564697081240004,0.047564697081240004,-0.04709647191370314,-0.05131742938629391,-0.255330844381233,-0.03735196690905285,-0.10927040458908699,2.1472156047821045,2.2055397113164266,2.557100166214837,2.6529550976223417,2.613975718021393,55.51004139936669,0.0014162811513354079,0.0021766259782449726,2.0434200763702393,0
2025-12-05,2.037606954574585,98.98999786376953,23578.130859375,-0.02840300807816487,0.02840300807816487,-0.06559569819536881,-0.13116785324015334,-0.2750935147816971,-0.10059086472307655,-0.11223354571283972,2.126781157084874,2.195285773277283,2.548508522245619,2.651689052581787,2.6122568583488466,54.823391550044676,0.0,0.0031052881384325826,2.073106050491333,0
2025-12-06,2.0326199531555176,98.98999786376953,23578.130859375,-0.0024474795827876816,0.0024474795827876816,-0.07749788376145217,-0.08061528082321856,-0.2938766051184224,-0.1240122897246484,-0.16171528180101558,2.1023872920445035,2.1893448352813722,2.539109166463216,2.650090413623386,2.610636183023453,54.56173712115018,0.0,0.0,2.1084249019622803,1
2025-12-07,2.0434200763702393,98.98999786376953,23578.130859375,0.005313400174959071,0.005313400174959071,-0.054395568811286044,-0.11699387501090786,-0.3120726653083191,-0.11359328812110703,-0.21906243117829505,2.085594858442034,2.180320072174072,2.5288093778822156,2.648635608620114,2.608858653306961,49.82708228749903,0.0,0.0,2.0433449745178223,0
2025-12-08,2.073106050491333,99.08999633789062,23545.900390625,0.014527592473215556,0.014527592473215556,0.020773914543066763,-0.09269086676077243,-0.29644465427811895,-0.08708853960405394,-0.20520339474474147,2.0916220120021274,2.1732604424158732,2.519103733698527,2.6475369029574924,2.6070752084255218,38.644254748425936,0.0010101876581380953,-0.0013669645376993556,2.035507917404175,0
2025-12-09,2.1084249019622803,99.22000122070312,23576.490234375,0.017036683416449705,0.017036683416449705,-0.021849558368815525,-0.10948885337378444,-0.29288016574192455,-0.03934081782163934,-0.049810469778581834,2.0848938396998813,2.1646193742752073,2.5094005876117285,2.6470572140481736,2.6061457276344298,43.37990792501314,0.0013119879666680934,0.0012991579528713881,2.0091450214385986,0
2025-12-10,2.0433449745178223,98.79000091552734,23654.150390625,-0.030866609184841742,0.030866609184841742,-0.072010791445973,-0.19119171585895245,-0.32805351354750234,-0.04917799989682359,-0.1375234138108602,2.062242269515991,2.148518705368042,2.498316264152527,2.6464700751834447,2.6046981024742126,37.43451241072809,-0.004333806691045106,0.003293965958375278,2.023993968963623,0
2025-12-11,2.035507917404175,98.3499984741211,23593.859375,-0.0038354057740528358,0.0038354057740528358,-0.02940389698665824,-0.14893699102178737,-0.34499921170104175,-0.04945262081555091,-0.15189642047785046,2.053432975496565,2.1366448322931926,2.4864036639531455,2.6458817521731057,2.6031607675552366,38.264864015900805,-0.004453916766156141,-0.002548855681956619,1.979287028312683,0
2025-12-12,2.0091450214385986,98.4000015258789,23195.169921875,-0.012951507454314393,0.012951507454314393,-0.013968313698619395,-0.158260305510726,-0.3563459269673005,-0.07292064433988033,-0.1424062387737386,2.0493669850485667,2.12405313650767,2.4740445295969646,2.645003796948327,2.6016531872749327,37.93168126603464,0.0005084194461981717,-0.01689801769130872,1.8986730575561523,0
2025-12-13,2.023993968963623,98.4000015258789,23195.169921875,0.007390679799904154,0.007390679799904154,-0.004243776205435368,-0.13175788109651643,-0.3325713960450124,-0.09714546065783636,-0.16409446157978713,2.0481347015925815,2.113814934094747,2.462838628556993,2.6437939193513658,2.600179797410965,37.23562753311177,0.0,0.0,1.9300730228424072,0
2025-12-14,1.979287028312683,98.4000015258789,23195.169921875,-0.022088475230897964,0.022088475230897964,-0.03138515119782748,-0.11795773731311376,-0.33960123893605376,-0.08396617516805993,-0.17485183728132414,2.0389728375843594,2.1049917658170063,2.451529496245914,2.642785992225011,2.5987049680948258,37.114300203645804,0.0,0.0,1.8618379831314087,0
2025-12-15,1.8986730575561523,98.1500015258789,23057.41015625,-0.04072879254165229,0.04072879254165229,-0.08414089230690325,-0.15057532552821506,-0.3751269580413874,-0.12490040092371246,-0.22406543267182766,2.014053838593619,2.0937726696332297,2.4388648178842334,2.6412804808881547,2.596977103352547,39.913293168381834,-0.0025406503671064895,-0.005939157423247909,1.8077770471572876,0
2025-12-16,1.9300730228424072,98.1500015258789,23111.4609375,0.016537847398893968,0.016537847398893968,-0.08459010276054113,-0.12926771395737957,-0.3743669139373915,-0.10889734079709823,-0.2244522708347464,1.9885749987193517,2.0842214703559874,2.4260323855612014,2.639970120456484,2.5959342986345293,29.95382775931077,0.0,0.002344182667685546,1.9073920249938965,0
2025-12-17,1.8618379831314087,98.37000274658203,22693.3203125,-0.035353605228111595,0.035353605228111595,-0.08882836410393435,-0.13887435138086845,-0.3947739821265249,-0.12191826954431273,-0.2741910239128663,1.9626454285212926,2.0742128054300943,2.4125387085808647,2.6385339591238233,2.594368188381195,20.89334773481707,0.002241479544400349,-0.01809234933831194,1.9323979616165161,1
2025-12-18,1.8077770471572876,98.43000030517578,23006.359375,-0.0290363267179653,0.0290363267179653,-0.1118791375360042,-0.18439245499450496,-0.3957665620054034,-0.12139682346190461,-0.21514223022154655,1.9301124470574516,2.0605894049008686,2.399382319715288,2.6371462868319617,2.592511153817177,22.87779310369484,0.0006099172198694713,0.013794326180095018,1.9220119714736938,1
2025-12-19,1.9073920249938965,98.5999984741211,23307.619140625,0.05510357485357642,0.05510357485357642,-0.05064492376555496,-0.09500111482013951,-0.359703299661963,-0.05294665393540243,-0.15185221191380938,1.9155763047082084,2.0539152026176453,2.3874764641126,2.63655386434661,2.5910593384504317,38.64838833847261,0.0017270971087903764,0.013094630085295655,1.9027639627456665,0
2025-12-20,1.9323979616165161,98.5999984741211,23307.619140625,0.013110014247175839,0.013110014247175839,-0.045255079190778535,-0.03321468588285792,-0.3501068967422293,-0.10797681396506487,-0.15129788086893003,1.9024911608014787,2.0517022331555683,2.375909675492181,2.635254357920753,2.589487107992172,41.55771594815995,0.0,0.0,1.872817039489746,0
2025-12-21,1.9220119714736938,98.5999984741211,23307.619140625,-0.0053746641991559985,0.0053746641991559985,-0.028937216290360612,-0.014556480876729672,-0.32632131943540876,-0.12269581893378867,-0.1412351147643598,1.8943090098244804,2.0507558663686116,2.365565253628625,2.6337610026200613,2.5880856174230575,39.76594553802279,0.0,0.0,1.861171007156372,0
2025-12-22,1.9027639627456665,98.29000091552734,23428.830078125,-0.010014510322362336,0.010014510322362336,0.002154612756121166,-0.0240990035459816,-0.3272070830330084,-0.1295172384757246,-0.13484459655833647,1.8948934248515539,2.049189631144206,2.3552831093470257,2.63218817975786,2.587111266851425,35.38386790243044,-0.0031439915151226794,0.005200485590942661,1.8318359851837158,0
2025-12-23,1.872817039489746,97.94000244140625,23561.83984375,-0.015738643280119424,0.015738643280119424,-0.029665190215622306,-0.0847631450260683,-0.3603843443921698,-0.11066191638335998,-0.17031472352728128,1.8867139986583166,2.0434080362319946,2.3435584651099313,2.630893524487813,2.585663322210312,29.59566331113149,-0.0035608756827857357,0.0056771834180993075,1.8429640531539917,0
2025-12-24,1.861171007156372,97.9800033569336,23613.310546875,-0.006218457055766069,0.006218457055766069,-0.00035823523909139787,-0.16384859954612296,-0.32131494020232787,-0.13135695206133002,-0.19936688348317677,1.8866187163761683,2.031251136461894,2.3337679306666055,2.6293299251132543,2.5840764474868774,32.61412189475725,0.00040842265193208327,0.002184494227374767,1.8728530406951904,0
2025-12-25,1.8318359851837158,97.9800033569336,23613.310546875,-0.015761594103852028,0.015761594103852028,0.013308575891181285,-0.16679585944028663,-0.34244089327591953,-0.16203150355662976,-0.20215158967874958,1.890055707522801,2.0190275351206464,2.3231681982676187,2.6273621029324,2.581908152103424,31.3286023652509,0.0,0.0,1.864359974861145,0
2025-12-26,1.8429640531539917,98.0199966430664,23593.099609375,0.006074816774144676,0.006074816774144676,-0.03377804404949791,-0.1714352492950456,-0.34361181689558884,-0.16497366625851306,-0.14453389697799446,1.8808517115456718,2.006316840648651,2.312448521455129,2.625339275598526,2.5795210975408556,34.32777695958016,0.0004081780441169691,-0.0008559129165679469,1.8477239608764648,0
2025-12-27,1.8728530406951904,98.0199966430664,23593.099609375,0.016217889594779544,0.016217889594779544,-0.03081400524326483,-0.14902190192207176,-0.34666078033437153,-0.16343805398041622,-0.1255092688404006,1.8723452942711967,1.9953844745953877,2.3014070444636876,2.623306514819463,2.577358937859535,36.13937349271145,0.0,0.0,1.8754940032958984,0
2025-12-28,1.864359974861145,98.0199966430664,23593.099609375,-0.004534827693096988,0.004534827693096988,-0.02999564907410246,-0.14504317100432185,-0.35325733339497756,-0.14171609310485545,-0.14511215050028758,1.8641092947551183,1.984841537475586,2.2900922430886164,2.621596320470174,2.575326372385025,38.7105704073187,0.0,0.0,1.839972972869873,0
2025-12-29,1.8477239608764648,98.04000091552734,23474.349609375,-0.008923176966357693,0.008923176966357693,-0.02892634238761782,-0.1614127070399788,-0.3509769034043849,-0.17282225219780845,-0.11726463428788625,1.8562464373452323,1.9729864358901978,2.2789899428685505,2.619451626141866,2.573591147661209,44.27570356322023,0.00020408358647250324,-0.005033251330520905,1.8779360055923462,0
2025-12-30,1.8754940032958984,98.23999786376953,23419.080078125,0.015029324188804205,0.015029324188804205,0.0014293781772092284,-0.1321043280857278,-0.36365216012580714,-0.16927453168680617,-0.08849120483036188,1.8566288607461112,1.9634706656138101,2.2670812315411037,2.617328492800395,2.572223467826843,43.81744083355614,0.00203995253340028,-0.002354464859291694,2.00581693649292,1
2025-12-31,1.839972972869873,98.27999877929688,23241.990234375,-0.01893955958462279,0.01893955958462279,-0.01138962202021776,-0.09401816963262177,-0.3946111222371711,-0.17160834560952976,-0.1154520235621006,1.8536005701337541,1.9571058988571166,2.2537551085154215,2.615210904015435,2.570716302394867,47.324929665588854,0.0004071754519254789,-0.0075617762593251925,2.017406940460205,1
2026-01-01,1.8779360055923462,98.27999877929688,23241.990234375,0.02063238606340012,0.02063238606340012,0.025166019655415317,-0.12877905610217555,-0.38243684776812736,-0.15351934991740068,-0.1913607718782121,1.860186287334987,1.9478530287742615,2.240833498371972,2.613318759202957,2.5692700976133347,58.935554377379496,0.0,0.0,2.0900208950042725,1
2026-01-02,2.00581693649292,98.41999816894531,23235.630859375,0.06809653285295902,0.06809653285295902,0.08836465532804438,-0.0890542250020383,-0.3244926753314825,-0.11736822536270441,-0.165414806302567,1.883450984954834,1.9413167277971903,2.23012758758333,2.611836958593792,2.568090322613716,61.69361120663234,0.001424495231861167,-0.0002736157676632711,2.348797082901001,1
2026-01-03,2.017406940460205,98.41999816894531,23235.630859375,0.005778196283231063,0.005778196283231063,0.07718379212036686,-0.03803502906545464,-0.3208849504537443,-0.11286814436390025,-0.17754081572350122,1.9041015420641219,1.9386578599611919,2.219536099168989,2.61041100886133,2.5673737877607348,60.432260897882465,0.0,0.0,2.306900978088379,1
2026-01-04,2.0900208950042725,98.41999816894531,23235.630859375,0.03599370711369865,0.03599370711369865,0.12103935033250979,0.025723283046327428,-0.3011639212319922,-0.09571211854568451,-0.1362104433583744,1.9363388163702828,1.9404049913088481,2.2095283654001023,2.609182047181659,2.566975566744804,67.88618618748197,0.0,0.0,2.1671249866485596,1
2026-01-05,2.348797082901001,98.2699966430664,23395.8203125,0.1238151199900801,0.1238151199900801,0.27118397154240115,0.1555515231731528,-0.17758373514700254,-0.02362742640735571,-0.02122325620443144,2.0079206909452165,1.950944228967031,2.203893098566267,2.608866275019116,2.5678898626565934,81.44669010210097,-0.0015240960035521889,0.006894129713735264,2.1220970153808594,0
2026-01-06,2.306900978088379,98.58000183105469,23547.169921875,-0.017837260237430153,0.017837260237430153,0.2300231160613404,0.1289411339180757,-0.19921628527030777,-0.09415466631615621,-0.04626497701575871,2.069550258772714,1.9597269256909688,2.197516397635142,2.6075341522693636,2.568822632431984,80.09712782270088,0.0031546270334603665,0.00646908752731945,2.0916409492492676,0
2026-01-07,2.1671249866485596,98.68000030517578,23584.279296875,-0.060590373304902356,0.060590373304902356,0.17780261917022377,0.04535172531812526,-0.22738161669986645,-0.20759314195607637,-0.046306723364894053,2.1162862607410977,1.962860890229543,2.190429898103078,2.604380046659046,2.569370467066765,68.0127958586111,0.0010143890471057126,0.0015759590270558732,2.0880179405212402,0
2026-01-08,2.1220970153808594,98.93000030517578,23480.01953125,-0.020777745420828553,0.020777745420828553,0.13001561771083825,0.006484515244462585,-0.10027148375368311,-0.22484327860240616,-0.10660017499182706,2.1511664049965993,1.9633166273434957,2.1878021200497946,2.6009603851371343,2.569910811781883,66.77884325166741,0.0025334414189992494,-0.004420731467457473,2.0710649490356445,0
2026-01-09,2.0916409492492676,99.12999725341797,23671.349609375,-0.014351872657492826,0.014351872657492826,0.042787560118226375,0.02363574204734653,-0.12336265857303108,-0.2624526063870436,-0.08068307315645473,2.1634269782475064,1.9649264931678772,2.18453166352378,2.596825384431415,2.5695374709367753,64.06083238282454,0.002021600602701401,0.008148633687052653,2.0525450706481934,0
2026-01-10,2.0880179405212402,99.12999725341797,23671.349609375,-0.0017321370234827382,0.0017321370234827382,0.035000870991812594,0.02579701246459898,-0.1763105997676533,-0.2933894526350984,-0.1089229878867285,2.173514263970511,1.9666768272717794,2.179565664132436,2.592008945014742,2.5690234810113908,62.53840504544418,0.0,0.0,2.1637980937957764,1
2026-01-11,2.0710649490356445,99.12999725341797,23671.349609375,-0.008119179034143609,0.008119179034143609,-0.00906973993127913,0.030819043392253276,-0.2054229732339119,-0.29047652808484736,-0.1962554302432965,2.170806271689279,1.9687408248583476,2.1736163867844476,2.5872984614637162,2.5684494453668596,61.927810198100346,0.0,0.0,2.139741897583008,1
2026-01-12,2.0525450706481934,98.86000061035156,23733.900390625,-0.008942200676069878,0.008942200676069878,-0.1261292490566731,0.014106317569310578,-0.18083657643084827,-0.3251325963069873,-0.1810503238937684,2.1284845556531633,1.9696925282478333,2.168581775824229,2.5818047953976526,2.56818289577961,61.79346196635217,-0.0027236623680739758,0.002642467889757638,2.0781290531158447,0
2026-01-13,2.1637980937957764,99.12999725341797,23709.869140625,0.054202475131252204,0.054202475131252204,-0.06203252140071713,0.09322097444370492,-0.10315061433644401,-0.3809103965351386,-0.14234882473523802,2.108041286468506,1.9758428970972697,2.1658165759510464,2.5744085119830236,2.5682887917757036,65.14440496058836,0.0027311009649957363,-0.0010125284763347064,2.0682179927825928,0
2026-01-14,2.139741897583008,99.12999725341797,23471.75,-0.01111757898379917,0.01111757898379917,-0.012635675945898983,0.12696700944244887,-0.08128833178299244,-0.3740171946471442,-0.19833820969874916,2.1041294166019986,1.983878525098165,2.1637129531966317,2.5673059006532033,2.5680572813749314,65.93862172441891,0.0,-0.010043039006782273,2.062372922897339,0
2026-01-15,2.0781290531158447,99.31999969482422,23530.01953125,-0.02879452168355412,0.02879452168355412,-0.020719110364105342,0.07671006667685365,-0.09419680639685013,-0.3940265174338853,-0.34133410089356586,2.097848279135568,1.9888137261072794,2.1613117310735914,2.5597988069057465,2.567412561774254,60.383078190651986,0.001916699754570983,0.0024825388498939116,1.992658019065857,0
2026-01-16,2.0682179927825928,99.38999938964844,23515.390625,-0.004769222738304824,0.004769222738304824,-0.011198363885102647,0.11084745908130822,-0.12382582761597494,-0.4021677405233628,-0.3627507119963217,2.0945021424974715,1.995693059762319,2.1580640408727856,2.552069301737679,2.5665599018335343,53.6877211225098,0.0007047895191230058,-0.0006217124567436949,1.9863810539245605,0
2026-01-17,2.062372922897339,99.38999938964844,23515.390625,-0.0028261382047981565,0.0028261382047981565,-0.012281991033802897,0.14083366980480294,-0.13731055345661936,-0.41999176744417765,-0.3747798955699254,2.0908385685511996,2.004179588953654,2.1544167187478807,2.543772679567337,2.5660107916593553,52.67552621476899,0.0,0.0,1.8895820379257202,0
2026-01-18,1.992658019065857,99.38999938964844,23515.390625,-0.03380324821833991,0.03380324821833991,-0.03785826707477058,0.04470292050855851,-0.2008330435276502,-0.43895276498476954,-0.3913724943892948,2.079637578555516,2.007021788756053,2.1488527086046005,2.5351114683681066,2.564805237054825,44.18674470258865,0.0,0.0,1.945557951927185,0
2026-01-19,1.9863810539245605,99.38999938964844,23515.390625,-0.003150046360809511,0.003150046360809511,-0.032235110288096225,0.027935804829190447,-0.18062750967975427,-0.37631878873217295,-0.3277254278046582,2.0701855761664256,2.008821225166321,2.1439872635735404,2.5284528626335994,2.563448852300644,19.02014436639668,0.0,0.0,1.9216740131378174,0
2026-01-20,1.8895820379257202,98.63999938964844,22954.3203125,-0.04873134276406399,0.04873134276406399,-0.12672904031864685,-0.016872909237452993,-0.2006377665774125,-0.39896781173342244,-0.3904249460645379,2.0310118538992747,2.0077402273813885,2.13871748579873,2.521484457784229,2.5617910677194597,17.38803977686115,-0.007546030834145623,-0.023859706242919332,1.9195319414138794,0
2026-01-21,1.945557951927185,98.76000213623047,23224.8203125,0.029623436759015798,0.029623436759015798,-0.09075110688591337,0.022490434977424867,-0.18770933109907473,-0.38073478320227117,-0.38614312923221383,2.003271290234157,2.009166693687439,2.133722019195557,2.5148391127586365,2.5604262471199037,30.075799561561013,0.0012165728641988505,0.01178427399798454,1.9131300449371338,0
2026-01-22,1.9216740131378174,98.36000061035156,23436.01953125,-0.012276138454631602,0.012276138454631602,-0.07528648894227541,0.02608742478196513,-0.23362154310861882,-0.3933217624102967,-0.3940049071551627,1.980920570237296,2.010795259475708,2.1272131310568914,2.507917667759789,2.55867191195488,31.26470668206555,-0.004050238125016814,0.00909368580287051,1.8330260515213013,0
2026-01-23,1.9195319414138794,97.5999984741211,23501.240234375,-0.0011146904778299715,0.0011146904778299715,-0.07189089926089964,0.03135710476528186,-0.2607082108388685,-0.4077861939921391,-0.384743894723513,1.959679705756051,2.0127406239509584,2.119691852728526,2.500574611955219,2.5568991822004317,33.012212808847195,-0.007726739848662456,0.0027829257881455405,1.9034969806671143,0
2026-01-24,1.9131300449371338,97.5999984741211,23501.240234375,-0.0033351341223476494,0.0033351341223476494,-0.07236464186629266,0.04437845986810052,-0.27673930956706116,-0.38599903939071933,-0.3835538752508172,1.938359294618879,2.015450425942739,2.111558343304528,2.493892878293991,2.5549086624383928,32.8321048367052,0.0,0.0,1.9139349460601807,0
2026-01-25,1.8330260515213013,97.5999984741211,23501.240234375,-0.0418706473340994,0.0418706473340994,-0.08011006706478918,-0.00539240123304785,-0.3042567358636159,-0.4140749776456224,-0.41054681833668993,1.9155547278267997,2.015119159221649,2.1026516331566705,2.486696183681488,2.552045612335205,29.2104594091642,0.0,0.0,1.9087259769439697,1
2026-01-26,1.9034969806671143,97.04000091552734,23601.359375,0.038445132346769606,0.038445132346769606,-0.04172616985733402,0.016362170072110382,-0.26956495087948507,-0.3856468812240146,-0.37100013235725116,1.9037141459328788,2.01614062388738,2.0948462989595202,2.480057966709137,2.5488296818733214,38.06560895933144,-0.005737679993327416,0.0042601641286383884,1.8050650358200073,0
2026-01-27,1.9139349460601807,96.22000122070312,23817.099609375,0.005483573391016572,0.005483573391016572,0.01288798667942137,0.026590879372814236,-0.2500316705456078,-0.367329806092659,-0.3731349542315602,1.9071931328092302,2.017793122927348,2.087756453620063,2.4738844381438363,2.544725036621094,26.141375738466266,-0.008450120435778086,0.009141008826954566,1.7324260473251343,0
2026-01-28,1.9087259769439697,96.44999694824219,23857.44921875,-0.002721601968203591,0.002721601968203591,-0.01893131733584763,0.033014680417181363,-0.21764384428040284,-0.35616004959137226,-0.3764615708621395,1.9019314220973425,2.0198265234629313,2.0818565766016643,2.4680184880892435,2.5405804860591887,27.11741884656513,0.0023903110020910834,0.0016941445447504755,1.6454709768295288,0
2026-01-29,1.8050650358200073,96.27999877929688,23685.119140625,-0.05430896963530207,0.05430896963530207,-0.060680935746955544,-0.037552222162333115,-0.28048739692098434,-0.3474973509017707,-0.41170402595063404,1.8852729967662267,2.017478891213735,2.0740380432870653,2.4626778940359753,2.5354261058568954,25.032258430192186,-0.001762552351728286,-0.007223323690009664,1.5913419723510742,0
2026-01-30,1.7324260473251343,96.98999786376953,23461.8203125,-0.04024175697463139,0.04024175697463139,-0.09747474894891694,-0.05845027461299823,-0.30846076897168595,-0.41264613277005036,-0.44669821144315447,1.8585435833249773,2.013893993695577,2.065451955795288,2.45591612789366,2.529313350915909,22.456272992406383,0.007374315470237924,-0.009427811057196478,1.6205470561981201,0
2026-01-31,1.6454709768295288,96.98999786376953,23461.8203125,-0.050192659380678406,0.050192659380678406,-0.13990636382295718,-0.12378751356305795,-0.3493834674187175,-0.46450609968002765,-0.4579099403572595,1.8203065735953194,2.006145159403483,2.055633911821577,2.447986467017068,2.5229459458589556,19.8190885283217,0.0,0.0,1.5741989612579346,0
2026-02-01,1.5913419723510742,96.98999786376953,23461.8203125,-0.032895751575484855,0.032895751575484855,-0.13184977865952519,-0.20663648641163457,-0.3109218000434224,-0.46306434148562525,-0.4483067925021118,1.7857802765710014,1.9923293272654214,2.0476557347509594,2.440361989206738,2.5156956309080125,20.276657597903878,0.0,0.0,1.510475993156433,0
2026-02-02,1.6205470561981201,97.61000061035156,23592.109375,0.018352487620179936,0.018352487620179936,-0.14864742489364458,-0.19671781448890746,-0.266925158293856,-0.45835304291503753,-0.3718310450107223,1.7453588587897164,1.9791006644566853,2.0410994119114347,2.432743428150813,2.506322720646858,23.794643680563667,0.006392440047816805,0.005553237590460336,1.2135210037231445,0
2026-02-03,1.5741989612579346,97.44000244140625,23255.189453125,-0.028600277148952635,0.028600277148952635,-0.17750654770246488,-0.24680228555575445,-0.328764234993296,-0.5255876150245449,-0.41721284554465876,1.6968251466751099,1.9619065999984742,2.032532454861535,2.423054489162233,2.4971026557683946,25.648458594026565,-0.0017416060637467368,-0.01428104272151376,1.4715230464935303,0
2026-02-04,1.510475993156433,97.62000274658203,22904.580078125,-0.04047961513745424,0.04047961513745424,-0.20864701827193033,-0.3569150761670552,-0.31678888390546756,-0.540486521501386,-0.40425134867287993,1.639932291848319,1.9339625636736553,2.024750542640686,2.4131842441029017,2.487508006095886,16.803343849108387,0.00184729372604453,-0.015076607984928048,1.4242039918899536,0
2026-02-05,1.2135210037231445,97.81999969482422,22540.58984375,-0.1965969606790926,0.1965969606790926,-0.32771341772078333,-0.47396051445227927,-0.4756112600235125,-0.6240505105245155,-0.49061268377295664,1.555426001548767,1.8975165645281473,2.012521187464396,2.401993343565199,2.4762779664993286,11.860861262401414,0.002048729180651243,-0.01589159168749088,1.4321850538253784,1
2026-02-06,1.4715230464935303,97.62999725341797,23031.2109375,0.212606161721818,0.212606161721818,-0.1505997911047564,-0.32097915184429293,-0.355977809461719,-0.5383972596479936,-0.36759821722968933,1.5181541442871094,1.8743298331896463,2.003483721945021,2.392458160718282,2.4658567571640013,31.084554636021082,-0.0019423680433348078,0.021766116022293724,1.4361159801483154,0
2026-02-07,1.4242039918899536,97.62999725341797,23031.2109375,-0.03215651614586157,0.03215651614586157,-0.13447030549630812,-0.32886951842098167,-0.3984753601291675,-0.5456380320990819,-0.40499077884518175,1.4865445750100272,1.8510667324066161,1.993000911341773,2.3829564379321204,2.4552193969488143,30.046409728713684,0.0,0.0,1.399487018585205,0
2026-02-08,1.4321850538253784,97.62999725341797,23031.2109375,0.005603875554957449,0.005603875554957449,-0.10001427806906571,-0.3152815953716058,-0.4331044682113442,-0.5615544337490609,-0.4092562179342818,1.4638078723634993,1.82908486922582,1.9808433559205798,2.3727657662497625,2.446455671787262,32.618006360391874,0.0,0.0,1.3680189847946167,0
2026-02-09,1.4361159801483154,96.81999969482422,23238.669921875,0.002744705589851959,0.002744705589851959,-0.11380791155950054,-0.3122108999744456,-0.39954780973517934,-0.5622386407472901,-0.4008544292308297,1.4374605757849557,1.8073548038800558,1.9702254878150092,2.362518682744768,2.4379167771339416,28.491344588027758,-0.008296605360863074,0.00900773237403718,1.3620699644088745,0
2026-02-10,1.399487018585205,96.80000305175781,23102.470703125,-0.025505573414291716,0.025505573414291716,-0.1109846639290869,-0.3242669578098688,-0.41367907099999435,-0.5461401015941185,-0.4223431445913034,1.4125017268317086,1.784968872865041,1.9592542780770197,2.353162932395935,2.4292056119441985,26.882613118991785,-0.0002065342194735864,-0.005860887013236171,1.4074629545211792,0
2026-02-11,1.3680189847946167,96.83000183105469,23066.470703125,-0.022485405989975282,0.022485405989975282,-0.09431265972266456,-0.33350112289490597,-0.4131545250273332,-0.5556456680992173,-0.43334856481699113,1.3921507256371635,1.762151336669922,1.9485529330041673,2.343659332725737,2.4202080363035203,26.262818362462866,0.0003099047350323403,-0.0015582748902752686,1.5099799633026123,1
2026-02-12,1.3620699644088745,96.93000030517578,22597.150390625,-0.004348638762959323,0.004348638762959323,0.12241152829656365,-0.37051891841742723,-0.3930121017519974,-0.5617732894851096,-0.4491868931032561,1.413372005735125,1.7354270656903585,1.9387539095348783,2.333958943684896,2.4108119761943816,28.727386508074076,0.001032722010018805,-0.020346429175938763,1.474856972694397,1
2026-02-13,1.4074629545211792,96.87999725341797,22546.669921875,0.03332647462937399,0.03332647462937399,-0.04353318972815201,-0.34222769759707483,-0.3703319498755293,-0.544368962094882,-0.4507493835810996,1.404220564024789,1.7110177675882976,1.9295563207732307,2.3246168434619903,2.402270080447197,33.97597820441287,-0.0005158676529494199,-0.0022339307336266545,1.4788724184036255,1
